process,variant,workload,phase,trial,items,bits,loops,ns_per_item,checksum
0,baseline,counts/eg0-small,warmup,0,262144,2920226,4,12.4264955521,78258120
0,baseline,counts/eg0-small,timed,1,262144,2920226,4,10.6813116074,78258120
0,baseline,counts/eg0-small,timed,2,262144,2920226,4,10.483622551,78258120
0,baseline,counts/eg0-small,timed,3,262144,2920226,4,10.3342132568,78258120
0,baseline,counts/eg0-small,timed,4,262144,2920226,4,10.6039447784,78258120
0,baseline,counts/eg0-small,timed,5,262144,2920226,4,10.519862175,78258120
0,baseline,counts/eg0-wide,warmup,0,262144,16040710,4,16.8250007629,15953147329455257824
0,baseline,counts/eg0-wide,timed,1,262144,16040710,4,19.7066860199,15953147329455257824
0,baseline,counts/eg0-wide,timed,2,262144,16040710,4,17.0187950134,15953147329455257824
0,baseline,counts/eg0-wide,timed,3,262144,16040710,4,17.7074279785,15953147329455257824
0,baseline,counts/eg0-wide,timed,4,262144,16040710,4,16.9167518616,15953147329455257824
0,baseline,counts/eg0-wide,timed,5,262144,16040710,4,16.4956245422,15953147329455257824
0,baseline,counts/eg3,warmup,0,262144,3707062,4,15.5607461929,551372824
0,baseline,counts/eg3,timed,1,262144,3707062,4,15.5854225159,551372824
0,baseline,counts/eg3,timed,2,262144,3707062,4,15.838265419,551372824
0,baseline,counts/eg3,timed,3,262144,3707062,4,15.6784057617,551372824
0,baseline,counts/eg3,timed,4,262144,3707062,4,15.649518013,551372824
0,baseline,counts/eg3,timed,5,262144,3707062,4,15.575170517,551372824
0,baseline,counts/g7,warmup,0,262144,3276422,4,14.6017074585,79682904
0,baseline,counts/g7,timed,1,262144,3276422,4,15.0204105377,79682904
0,baseline,counts/g7,timed,2,262144,3276422,4,14.5843820572,79682904
0,baseline,counts/g7,timed,3,262144,3276422,4,14.3875284195,79682904
0,baseline,counts/g7,timed,4,262144,3276422,4,15.0361452103,79682904
0,baseline,counts/g7,timed,5,262144,3276422,4,14.5800905228,79682904
0,baseline,prefix-6/frames,warmup,0,32768,1217775,4,65.9618377686,79915592608
0,baseline,prefix-6/frames,timed,1,32768,1217775,4,65.4544830322,79915592608
0,baseline,prefix-6/frames,timed,2,32768,1217775,4,68.1349411011,79915592608
0,baseline,prefix-6/frames,timed,3,32768,1217775,4,67.6209182739,79915592608
0,baseline,prefix-6/frames,timed,4,32768,1217775,4,67.4343109131,79915592608
0,baseline,prefix-6/frames,timed,5,32768,1217775,4,67.3596038818,79915592608
0,baseline,prefix-6/cursor,warmup,0,32768,1217775,4,104.895904541,62677496
0,baseline,prefix-6/cursor,timed,1,32768,1217775,4,101.713813782,62677496
0,baseline,prefix-6/cursor,timed,2,32768,1217775,4,103.098236084,62677496
0,baseline,prefix-6/cursor,timed,3,32768,1217775,4,100.440979004,62677496
0,baseline,prefix-6/cursor,timed,4,32768,1217775,4,100.989341736,62677496
0,baseline,prefix-6/cursor,timed,5,32768,1217775,4,100.531257629,62677496
0,baseline,prefix-6/records,warmup,0,32768,1221126,4,131.615318298,80064110448
0,baseline,prefix-6/records,timed,1,32768,1221126,4,132.066726685,80064110448
0,baseline,prefix-6/records,timed,2,32768,1221126,4,131.564781189,80064110448
0,baseline,prefix-6/records,timed,3,32768,1221126,4,133.175849915,80064110448
0,baseline,prefix-6/records,timed,4,32768,1221126,4,131.81463623,80064110448
0,baseline,prefix-6/records,timed,5,32768,1221126,4,130.30178833,80064110448
0,baseline,prefix-6/merge-disjoint,warmup,0,32768,1284592,2,346.412658691,2501318
0,baseline,prefix-6/merge-disjoint,timed,1,32768,1284592,2,349.294036865,2501318
0,baseline,prefix-6/merge-disjoint,timed,2,32768,1284592,2,348.341629028,2501318
0,baseline,prefix-6/merge-disjoint,timed,3,32768,1284592,2,357.320785522,2501318
0,baseline,prefix-6/merge-disjoint,timed,4,32768,1284592,2,346.203491211,2501318
0,baseline,prefix-6/merge-disjoint,timed,5,32768,1284592,2,348.210021973,2501318
0,baseline,prefix-6/merge-overlap,warmup,0,32768,1862418,2,394.945785522,2501318
0,baseline,prefix-6/merge-overlap,timed,1,32768,1862418,2,384.215042114,2501318
0,baseline,prefix-6/merge-overlap,timed,2,32768,1862418,2,383.214950562,2501318
0,baseline,prefix-6/merge-overlap,timed,3,32768,1862418,2,386.045455933,2501318
0,baseline,prefix-6/merge-overlap,timed,4,32768,1862418,2,386.554077148,2501318
0,baseline,prefix-6/merge-overlap,timed,5,32768,1862418,2,383.451461792,2501318
0,baseline,prefix-512/frames,warmup,0,32768,63803583,4,81.7406997681,4190486745848
0,baseline,prefix-512/frames,timed,1,32768,63803583,4,78.5957946777,4190486745848
0,baseline,prefix-512/frames,timed,2,32768,63803583,4,78.1377182007,4190486745848
0,baseline,prefix-512/frames,timed,3,32768,63803583,4,79.8978805542,4190486745848
0,baseline,prefix-512/frames,timed,4,32768,63803583,4,81.9625854492,4190486745848
0,baseline,prefix-512/frames,timed,5,32768,63803583,4,80.0857543945,4190486745848
0,baseline,prefix-512/cursor,warmup,0,32768,63803583,4,118.418693542,313020728
0,baseline,prefix-512/cursor,timed,1,32768,63803583,4,118.159927368,313020728
0,baseline,prefix-512/cursor,timed,2,32768,63803583,4,116.300582886,313020728
0,baseline,prefix-512/cursor,timed,3,32768,63803583,4,116.699539185,313020728
0,baseline,prefix-512/cursor,timed,4,32768,63803583,4,115.049362183,313020728
0,baseline,prefix-512/cursor,timed,5,32768,63803583,4,115.048721313,313020728
0,baseline,prefix-512/records,warmup,0,32768,63806934,4,254.6876297,4190418264352
0,baseline,prefix-512/records,timed,1,32768,63806934,4,254.287086487,4190418264352
0,baseline,prefix-512/records,timed,2,32768,63806934,4,256.039299011,4190418264352
0,baseline,prefix-512/records,timed,3,32768,63806934,4,254.979133606,4190418264352
0,baseline,prefix-512/records,timed,4,32768,63806934,4,253.355659485,4190418264352
0,baseline,prefix-512/records,timed,5,32768,63806934,4,252.859115601,4190418264352
0,baseline,prefix-512/merge-disjoint,warmup,0,32768,63870400,2,449.138015747,127673114
0,baseline,prefix-512/merge-disjoint,timed,1,32768,63870400,2,437.409713745,127673114
0,baseline,prefix-512/merge-disjoint,timed,2,32768,63870400,2,428.642272949,127673114
0,baseline,prefix-512/merge-disjoint,timed,3,32768,63870400,2,427.632659912,127673114
0,baseline,prefix-512/merge-disjoint,timed,4,32768,63870400,2,429.253890991,127673114
0,baseline,prefix-512/merge-disjoint,timed,5,32768,63870400,2,425.327941895,127673114
0,baseline,prefix-512/merge-overlap,warmup,0,32768,95829700,2,463.411331177,127673114
0,baseline,prefix-512/merge-overlap,timed,1,32768,95829700,2,455.258056641,127673114
0,baseline,prefix-512/merge-overlap,timed,2,32768,95829700,2,463.102981567,127673114
0,baseline,prefix-512/merge-overlap,timed,3,32768,95829700,2,460.289642334,127673114
0,baseline,prefix-512/merge-overlap,timed,4,32768,95829700,2,454.724624634,127673114
0,baseline,prefix-512/merge-overlap,timed,5,32768,95829700,2,456.246704102,127673114
0,baseline,hash-6/frames,warmup,0,32768,5471471,4,72.0631256104,358780393908
0,baseline,hash-6/frames,timed,1,32768,5471471,4,71.1285247803,358780393908
0,baseline,hash-6/frames,timed,2,32768,5471471,4,72.6378707886,358780393908
0,baseline,hash-6/frames,timed,3,32768,5471471,4,72.5046844482,358780393908
0,baseline,hash-6/frames,timed,4,32768,5471471,4,70.561088562,358780393908
0,baseline,hash-6/frames,timed,5,32768,5471471,4,71.7576293945,358780393908
0,baseline,hash-6/cursor,warmup,0,32768,5471471,4,135.941505432,28789848
0,baseline,hash-6/cursor,timed,1,32768,5471471,4,138.056121826,28789848
0,baseline,hash-6/cursor,timed,2,32768,5471471,4,137.222290039,28789848
0,baseline,hash-6/cursor,timed,3,32768,5471471,4,135.82484436,28789848
0,baseline,hash-6/cursor,timed,4,32768,5471471,4,138.074241638,28789848
0,baseline,hash-6/cursor,timed,5,32768,5471471,4,134.600639343,28789848
0,baseline,hash-6/records,warmup,0,32768,5514916,4,125.318527222,361637822352
0,baseline,hash-6/records,timed,1,32768,5514916,4,129.036270142,361637822352
0,baseline,hash-6/records,timed,2,32768,5514916,4,127.708755493,361637822352
0,baseline,hash-6/records,timed,3,32768,5514916,4,127.018295288,361637822352
0,baseline,hash-6/records,timed,4,32768,5514916,4,128.257110596,361637822352
0,baseline,hash-6/records,timed,5,32768,5514916,4,127.258300781,361637822352
0,baseline,hash-6/merge-disjoint,warmup,0,32768,5517418,2,429.89730835,11008518
0,baseline,hash-6/merge-disjoint,timed,1,32768,5517418,2,383.068725586,11008518
0,baseline,hash-6/merge-disjoint,timed,2,32768,5517418,2,381.662368774,11008518
0,baseline,hash-6/merge-disjoint,timed,3,32768,5517418,2,382.12902832,11008518
0,baseline,hash-6/merge-disjoint,timed,4,32768,5517418,2,379.690170288,11008518
0,baseline,hash-6/merge-disjoint,timed,5,32768,5517418,2,383.930206299,11008518
0,baseline,hash-6/merge-overlap,warmup,0,32768,8232098,2,416.948959351,11008518
0,baseline,hash-6/merge-overlap,timed,1,32768,8232098,2,431.062698364,11008518
0,baseline,hash-6/merge-overlap,timed,2,32768,8232098,2,420.120880127,11008518
0,baseline,hash-6/merge-overlap,timed,3,32768,8232098,2,415.246963501,11008518
0,baseline,hash-6/merge-overlap,timed,4,32768,8232098,2,428.466171265,11008518
0,baseline,hash-6/merge-overlap,timed,5,32768,8232098,2,429.724380493,11008518
0,baseline,hash-512/frames,warmup,0,32768,68057279,4,79.2055130005,4447512945652
0,baseline,hash-512/frames,timed,1,32768,68057279,4,78.3634185791,4447512945652
0,baseline,hash-512/frames,timed,2,32768,68057279,4,78.1488418579,4447512945652
0,baseline,hash-512/frames,timed,3,32768,68057279,4,79.6937942505,4447512945652
0,baseline,hash-512/frames,timed,4,32768,68057279,4,77.7222366333,4447512945652
0,baseline,hash-512/frames,timed,5,32768,68057279,4,77.1624298096,4447512945652
0,baseline,hash-512/cursor,warmup,0,32768,68057279,4,145.08278656,279133080
0,baseline,hash-512/cursor,timed,1,32768,68057279,4,144.387565613,279133080
0,baseline,hash-512/cursor,timed,2,32768,68057279,4,144.156776428,279133080
0,baseline,hash-512/cursor,timed,3,32768,68057279,4,144.979789734,279133080
0,baseline,hash-512/cursor,timed,4,32768,68057279,4,161.412239075,279133080
0,baseline,hash-512/cursor,timed,5,32768,68057279,4,143.035255432,279133080
0,baseline,hash-512/records,warmup,0,32768,68100724,4,214.813552856,4450153374760
0,baseline,hash-512/records,timed,1,32768,68100724,4,223.21446991,4450153374760
0,baseline,hash-512/records,timed,2,32768,68100724,4,221.209213257,4450153374760
0,baseline,hash-512/records,timed,3,32768,68100724,4,220.717750549,4450153374760
0,baseline,hash-512/records,timed,4,32768,68100724,4,219.1197052,4450153374760
0,baseline,hash-512/records,timed,5,32768,68100724,4,220.775924683,4450153374760
0,baseline,hash-512/merge-disjoint,warmup,0,32768,68103226,2,468.634918213,136180134
0,baseline,hash-512/merge-disjoint,timed,1,32768,68103226,2,496.655136108,136180134
0,baseline,hash-512/merge-disjoint,timed,2,32768,68103226,2,471.030548096,136180134
0,baseline,hash-512/merge-disjoint,timed,3,32768,68103226,2,493.364974976,136180134
0,baseline,hash-512/merge-disjoint,timed,4,32768,68103226,2,469.313293457,136180134
0,baseline,hash-512/merge-disjoint,timed,5,32768,68103226,2,472.321182251,136180134
0,baseline,hash-512/merge-overlap,warmup,0,32768,102169834,2,505.758926392,136180134
0,baseline,hash-512/merge-overlap,timed,1,32768,102169834,2,504.014343262,136180134
0,baseline,hash-512/merge-overlap,timed,2,32768,102169834,2,505.264282227,136180134
0,baseline,hash-512/merge-overlap,timed,3,32768,102169834,2,499.133422852,136180134
0,baseline,hash-512/merge-overlap,timed,4,32768,102169834,2,497.006103516,136180134
0,baseline,hash-512/merge-overlap,timed,5,32768,102169834,2,504.014328003,136180134
0,candidate,counts/eg0-small,warmup,0,262144,2920226,4,8.45781898499,78258120
0,candidate,counts/eg0-small,timed,1,262144,2920226,4,8.74094104767,78258120
0,candidate,counts/eg0-small,timed,2,262144,2920226,4,8.90052318573,78258120
0,candidate,counts/eg0-small,timed,3,262144,2920226,4,8.45658779144,78258120
0,candidate,counts/eg0-small,timed,4,262144,2920226,4,8.67792034149,78258120
0,candidate,counts/eg0-small,timed,5,262144,2920226,4,8.60826206207,78258120
0,candidate,counts/eg0-wide,warmup,0,262144,16040710,4,16.1264743805,15953147329455257824
0,candidate,counts/eg0-wide,timed,1,262144,16040710,4,16.0465240479,15953147329455257824
0,candidate,counts/eg0-wide,timed,2,262144,16040710,4,16.2609815598,15953147329455257824
0,candidate,counts/eg0-wide,timed,3,262144,16040710,4,16.2918567657,15953147329455257824
0,candidate,counts/eg0-wide,timed,4,262144,16040710,4,16.0851478577,15953147329455257824
0,candidate,counts/eg0-wide,timed,5,262144,16040710,4,16.2894334793,15953147329455257824
0,candidate,counts/eg3,warmup,0,262144,3707062,4,12.9639310837,551372824
0,candidate,counts/eg3,timed,1,262144,3707062,4,12.8579139709,551372824
0,candidate,counts/eg3,timed,2,262144,3707062,4,13.0472974777,551372824
0,candidate,counts/eg3,timed,3,262144,3707062,4,12.8788948059,551372824
0,candidate,counts/eg3,timed,4,262144,3707062,4,12.8748025894,551372824
0,candidate,counts/eg3,timed,5,262144,3707062,4,12.8095149994,551372824
0,candidate,counts/g7,warmup,0,262144,3276422,4,15.8936977386,79682904
0,candidate,counts/g7,timed,1,262144,3276422,4,15.4058933258,79682904
0,candidate,counts/g7,timed,2,262144,3276422,4,15.528758049,79682904
0,candidate,counts/g7,timed,3,262144,3276422,4,15.2398347855,79682904
0,candidate,counts/g7,timed,4,262144,3276422,4,15.6400203705,79682904
0,candidate,counts/g7,timed,5,262144,3276422,4,15.6079931259,79682904
0,candidate,prefix-6/frames,warmup,0,32768,1217775,4,64.2096176147,79915592608
0,candidate,prefix-6/frames,timed,1,32768,1217775,4,63.2588119507,79915592608
0,candidate,prefix-6/frames,timed,2,32768,1217775,4,64.208984375,79915592608
0,candidate,prefix-6/frames,timed,3,32768,1217775,4,78.5277709961,79915592608
0,candidate,prefix-6/frames,timed,4,32768,1217775,4,65.9351348877,79915592608
0,candidate,prefix-6/frames,timed,5,32768,1217775,4,65.1512145996,79915592608
0,candidate,prefix-6/cursor,warmup,0,32768,1217775,4,98.7987518311,62677496
0,candidate,prefix-6/cursor,timed,1,32768,1217775,4,101.157821655,62677496
0,candidate,prefix-6/cursor,timed,2,32768,1217775,4,99.6058731079,62677496
0,candidate,prefix-6/cursor,timed,3,32768,1217775,4,98.922416687,62677496
0,candidate,prefix-6/cursor,timed,4,32768,1217775,4,101.188659668,62677496
0,candidate,prefix-6/cursor,timed,5,32768,1217775,4,99.6735839844,62677496
0,candidate,prefix-6/records,warmup,0,32768,1221126,4,128.597572327,80064110448
0,candidate,prefix-6/records,timed,1,32768,1221126,4,131.16709137,80064110448
0,candidate,prefix-6/records,timed,2,32768,1221126,4,127.620697021,80064110448
0,candidate,prefix-6/records,timed,3,32768,1221126,4,127.089179993,80064110448
0,candidate,prefix-6/records,timed,4,32768,1221126,4,127.967834473,80064110448
0,candidate,prefix-6/records,timed,5,32768,1221126,4,128.837905884,80064110448
0,candidate,prefix-6/merge-disjoint,warmup,0,32768,1284592,2,352.365493774,2501318
0,candidate,prefix-6/merge-disjoint,timed,1,32768,1284592,2,349.298477173,2501318
0,candidate,prefix-6/merge-disjoint,timed,2,32768,1284592,2,344.975784302,2501318
0,candidate,prefix-6/merge-disjoint,timed,3,32768,1284592,2,368.733734131,2501318
0,candidate,prefix-6/merge-disjoint,timed,4,32768,1284592,2,359.888717651,2501318
0,candidate,prefix-6/merge-disjoint,timed,5,32768,1284592,2,356.433242798,2501318
0,candidate,prefix-6/merge-overlap,warmup,0,32768,1862418,2,406.330108643,2501318
0,candidate,prefix-6/merge-overlap,timed,1,32768,1862418,2,399.744674683,2501318
0,candidate,prefix-6/merge-overlap,timed,2,32768,1862418,2,412.12272644,2501318
0,candidate,prefix-6/merge-overlap,timed,3,32768,1862418,2,409.919113159,2501318
0,candidate,prefix-6/merge-overlap,timed,4,32768,1862418,2,398.508712769,2501318
0,candidate,prefix-6/merge-overlap,timed,5,32768,1862418,2,387.197494507,2501318
0,candidate,prefix-512/frames,warmup,0,32768,63803583,4,64.4626617432,4190486745848
0,candidate,prefix-512/frames,timed,1,32768,63803583,4,67.9076538086,4190486745848
0,candidate,prefix-512/frames,timed,2,32768,63803583,4,64.8708343506,4190486745848
0,candidate,prefix-512/frames,timed,3,32768,63803583,4,63.9673843384,4190486745848
0,candidate,prefix-512/frames,timed,4,32768,63803583,4,67.3856735229,4190486745848
0,candidate,prefix-512/frames,timed,5,32768,63803583,4,63.4791030884,4190486745848
0,candidate,prefix-512/cursor,warmup,0,32768,63803583,4,100.944198608,313020728
0,candidate,prefix-512/cursor,timed,1,32768,63803583,4,103.209495544,313020728
0,candidate,prefix-512/cursor,timed,2,32768,63803583,4,101.286254883,313020728
0,candidate,prefix-512/cursor,timed,3,32768,63803583,4,105.417884827,313020728
0,candidate,prefix-512/cursor,timed,4,32768,63803583,4,105.14037323,313020728
0,candidate,prefix-512/cursor,timed,5,32768,63803583,4,103.413894653,313020728
0,candidate,prefix-512/records,warmup,0,32768,63806934,4,221.63041687,4190418264352
0,candidate,prefix-512/records,timed,1,32768,63806934,4,223.270095825,4190418264352
0,candidate,prefix-512/records,timed,2,32768,63806934,4,220.473609924,4190418264352
0,candidate,prefix-512/records,timed,3,32768,63806934,4,219.070121765,4190418264352
0,candidate,prefix-512/records,timed,4,32768,63806934,4,227.560676575,4190418264352
0,candidate,prefix-512/records,timed,5,32768,63806934,4,240.918479919,4190418264352
0,candidate,prefix-512/merge-disjoint,warmup,0,32768,63870400,2,395.812347412,127673114
0,candidate,prefix-512/merge-disjoint,timed,1,32768,63870400,2,399.667739868,127673114
0,candidate,prefix-512/merge-disjoint,timed,2,32768,63870400,2,403.80859375,127673114
0,candidate,prefix-512/merge-disjoint,timed,3,32768,63870400,2,398.010894775,127673114
0,candidate,prefix-512/merge-disjoint,timed,4,32768,63870400,2,398.764297485,127673114
0,candidate,prefix-512/merge-disjoint,timed,5,32768,63870400,2,408.85798645,127673114
0,candidate,prefix-512/merge-overlap,warmup,0,32768,95829700,2,417.086288452,127673114
0,candidate,prefix-512/merge-overlap,timed,1,32768,95829700,2,414.126724243,127673114
0,candidate,prefix-512/merge-overlap,timed,2,32768,95829700,2,419.854476929,127673114
0,candidate,prefix-512/merge-overlap,timed,3,32768,95829700,2,428.0675354,127673114
0,candidate,prefix-512/merge-overlap,timed,4,32768,95829700,2,413.805007935,127673114
0,candidate,prefix-512/merge-overlap,timed,5,32768,95829700,2,419.266387939,127673114
0,candidate,hash-6/frames,warmup,0,32768,5471471,4,64.6934509277,358780393908
0,candidate,hash-6/frames,timed,1,32768,5471471,4,65.5272827148,358780393908
0,candidate,hash-6/frames,timed,2,32768,5471471,4,63.325881958,358780393908
0,candidate,hash-6/frames,timed,3,32768,5471471,4,65.1524887085,358780393908
0,candidate,hash-6/frames,timed,4,32768,5471471,4,64.6753311157,358780393908
0,candidate,hash-6/frames,timed,5,32768,5471471,4,65.2767791748,358780393908
0,candidate,hash-6/cursor,warmup,0,32768,5471471,4,134.089149475,28789848
0,candidate,hash-6/cursor,timed,1,32768,5471471,4,141.527488708,28789848
0,candidate,hash-6/cursor,timed,2,32768,5471471,4,142.062820435,28789848
0,candidate,hash-6/cursor,timed,3,32768,5471471,4,141.00138092,28789848
0,candidate,hash-6/cursor,timed,4,32768,5471471,4,139.691986084,28789848
0,candidate,hash-6/cursor,timed,5,32768,5471471,4,135.74282074,28789848
0,candidate,hash-6/records,warmup,0,32768,5514916,4,120.831489563,361637822352
0,candidate,hash-6/records,timed,1,32768,5514916,4,122.833572388,361637822352
0,candidate,hash-6/records,timed,2,32768,5514916,4,120.26309967,361637822352
0,candidate,hash-6/records,timed,3,32768,5514916,4,119.605064392,361637822352
0,candidate,hash-6/records,timed,4,32768,5514916,4,120.532356262,361637822352
0,candidate,hash-6/records,timed,5,32768,5514916,4,118.085861206,361637822352
0,candidate,hash-6/merge-disjoint,warmup,0,32768,5517418,2,394.34942627,11008518
0,candidate,hash-6/merge-disjoint,timed,1,32768,5517418,2,389.359786987,11008518
0,candidate,hash-6/merge-disjoint,timed,2,32768,5517418,2,391.555160522,11008518
0,candidate,hash-6/merge-disjoint,timed,3,32768,5517418,2,389.368057251,11008518
0,candidate,hash-6/merge-disjoint,timed,4,32768,5517418,2,391.009017944,11008518
0,candidate,hash-6/merge-disjoint,timed,5,32768,5517418,2,387.985229492,11008518
0,candidate,hash-6/merge-overlap,warmup,0,32768,8232098,2,432.223648071,11008518
0,candidate,hash-6/merge-overlap,timed,1,32768,8232098,2,424.142211914,11008518
0,candidate,hash-6/merge-overlap,timed,2,32768,8232098,2,429.693847656,11008518
0,candidate,hash-6/merge-overlap,timed,3,32768,8232098,2,428.783416748,11008518
0,candidate,hash-6/merge-overlap,timed,4,32768,8232098,2,443.308502197,11008518
0,candidate,hash-6/merge-overlap,timed,5,32768,8232098,2,434.279769897,11008518
0,candidate,hash-512/frames,warmup,0,32768,68057279,4,67.8272247314,4447512945652
0,candidate,hash-512/frames,timed,1,32768,68057279,4,73.0199813843,4447512945652
0,candidate,hash-512/frames,timed,2,32768,68057279,4,74.2200164795,4447512945652
0,candidate,hash-512/frames,timed,3,32768,68057279,4,67.556060791,4447512945652
0,candidate,hash-512/frames,timed,4,32768,68057279,4,65.7482147217,4447512945652
0,candidate,hash-512/frames,timed,5,32768,68057279,4,86.2194671631,4447512945652
0,candidate,hash-512/cursor,warmup,0,32768,68057279,4,136.641189575,279133080
0,candidate,hash-512/cursor,timed,1,32768,68057279,4,139.760017395,279133080
0,candidate,hash-512/cursor,timed,2,32768,68057279,4,140.566513062,279133080
0,candidate,hash-512/cursor,timed,3,32768,68057279,4,137.126609802,279133080
0,candidate,hash-512/cursor,timed,4,32768,68057279,4,137.501716614,279133080
0,candidate,hash-512/cursor,timed,5,32768,68057279,4,135.601364136,279133080
0,candidate,hash-512/records,warmup,0,32768,68100724,4,203.806877136,4450153374760
0,candidate,hash-512/records,timed,1,32768,68100724,4,205.073997498,4450153374760
0,candidate,hash-512/records,timed,2,32768,68100724,4,203.786209106,4450153374760
0,candidate,hash-512/records,timed,3,32768,68100724,4,205.671943665,4450153374760
0,candidate,hash-512/records,timed,4,32768,68100724,4,203.907966614,4450153374760
0,candidate,hash-512/records,timed,5,32768,68100724,4,201.546348572,4450153374760
0,candidate,hash-512/merge-disjoint,warmup,0,32768,68103226,2,437.564208984,136180134
0,candidate,hash-512/merge-disjoint,timed,1,32768,68103226,2,435.8800354,136180134
0,candidate,hash-512/merge-disjoint,timed,2,32768,68103226,2,434.121444702,136180134
0,candidate,hash-512/merge-disjoint,timed,3,32768,68103226,2,438.145324707,136180134
0,candidate,hash-512/merge-disjoint,timed,4,32768,68103226,2,437.973022461,136180134
0,candidate,hash-512/merge-disjoint,timed,5,32768,68103226,2,444.482803345,136180134
0,candidate,hash-512/merge-overlap,warmup,0,32768,102169834,2,451.391860962,136180134
0,candidate,hash-512/merge-overlap,timed,1,32768,102169834,2,455.197647095,136180134
0,candidate,hash-512/merge-overlap,timed,2,32768,102169834,2,456.624359131,136180134
0,candidate,hash-512/merge-overlap,timed,3,32768,102169834,2,462.031036377,136180134
0,candidate,hash-512/merge-overlap,timed,4,32768,102169834,2,460.993438721,136180134
0,candidate,hash-512/merge-overlap,timed,5,32768,102169834,2,469.651535034,136180134
1,candidate,counts/eg0-small,warmup,0,262144,2920226,4,8.56173038483,78258120
1,candidate,counts/eg0-small,timed,1,262144,2920226,4,8.51205921173,78258120
1,candidate,counts/eg0-small,timed,2,262144,2920226,4,8.67891311646,78258120
1,candidate,counts/eg0-small,timed,3,262144,2920226,4,8.55684280396,78258120
1,candidate,counts/eg0-small,timed,4,262144,2920226,4,8.62435531616,78258120
1,candidate,counts/eg0-small,timed,5,262144,2920226,4,8.51221847534,78258120
1,candidate,counts/eg0-wide,warmup,0,262144,16040710,4,16.1606464386,15953147329455257824
1,candidate,counts/eg0-wide,timed,1,262144,16040710,4,17.0323047638,15953147329455257824
1,candidate,counts/eg0-wide,timed,2,262144,16040710,4,16.8794794083,15953147329455257824
1,candidate,counts/eg0-wide,timed,3,262144,16040710,4,15.8195896149,15953147329455257824
1,candidate,counts/eg0-wide,timed,4,262144,16040710,4,16.3909988403,15953147329455257824
1,candidate,counts/eg0-wide,timed,5,262144,16040710,4,16.7843894958,15953147329455257824
1,candidate,counts/eg3,warmup,0,262144,3707062,4,12.7794342041,551372824
1,candidate,counts/eg3,timed,1,262144,3707062,4,12.9688978195,551372824
1,candidate,counts/eg3,timed,2,262144,3707062,4,13.1562147141,551372824
1,candidate,counts/eg3,timed,3,262144,3707062,4,13.2364835739,551372824
1,candidate,counts/eg3,timed,4,262144,3707062,4,13.1923751831,551372824
1,candidate,counts/eg3,timed,5,262144,3707062,4,12.9344072342,551372824
1,candidate,counts/g7,warmup,0,262144,3276422,4,15.1217374802,79682904
1,candidate,counts/g7,timed,1,262144,3276422,4,15.6500730515,79682904
1,candidate,counts/g7,timed,2,262144,3276422,4,15.2059793472,79682904
1,candidate,counts/g7,timed,3,262144,3276422,4,15.1621103287,79682904
1,candidate,counts/g7,timed,4,262144,3276422,4,15.4234972,79682904
1,candidate,counts/g7,timed,5,262144,3276422,4,15.2733726501,79682904
1,candidate,prefix-6/frames,warmup,0,32768,1217775,4,63.789680481,79915592608
1,candidate,prefix-6/frames,timed,1,32768,1217775,4,63.0372390747,79915592608
1,candidate,prefix-6/frames,timed,2,32768,1217775,4,62.8490447998,79915592608
1,candidate,prefix-6/frames,timed,3,32768,1217775,4,63.4384155273,79915592608
1,candidate,prefix-6/frames,timed,4,32768,1217775,4,63.577331543,79915592608
1,candidate,prefix-6/frames,timed,5,32768,1217775,4,62.7593994141,79915592608
1,candidate,prefix-6/cursor,warmup,0,32768,1217775,4,99.9584197998,62677496
1,candidate,prefix-6/cursor,timed,1,32768,1217775,4,101.222358704,62677496
1,candidate,prefix-6/cursor,timed,2,32768,1217775,4,101.06817627,62677496
1,candidate,prefix-6/cursor,timed,3,32768,1217775,4,101.508773804,62677496
1,candidate,prefix-6/cursor,timed,4,32768,1217775,4,105.41280365,62677496
1,candidate,prefix-6/cursor,timed,5,32768,1217775,4,102.213546753,62677496
1,candidate,prefix-6/records,warmup,0,32768,1221126,4,128.372512817,80064110448
1,candidate,prefix-6/records,timed,1,32768,1221126,4,131.716407776,80064110448
1,candidate,prefix-6/records,timed,2,32768,1221126,4,136.303901672,80064110448
1,candidate,prefix-6/records,timed,3,32768,1221126,4,131.209693909,80064110448
1,candidate,prefix-6/records,timed,4,32768,1221126,4,131.441429138,80064110448
1,candidate,prefix-6/records,timed,5,32768,1221126,4,139.969192505,80064110448
1,candidate,prefix-6/merge-disjoint,warmup,0,32768,1284592,2,360.344573975,2501318
1,candidate,prefix-6/merge-disjoint,timed,1,32768,1284592,2,362.323760986,2501318
1,candidate,prefix-6/merge-disjoint,timed,2,32768,1284592,2,356.377288818,2501318
1,candidate,prefix-6/merge-disjoint,timed,3,32768,1284592,2,360.920578003,2501318
1,candidate,prefix-6/merge-disjoint,timed,4,32768,1284592,2,354.885101318,2501318
1,candidate,prefix-6/merge-disjoint,timed,5,32768,1284592,2,356.370285034,2501318
1,candidate,prefix-6/merge-overlap,warmup,0,32768,1862418,2,405.415847778,2501318
1,candidate,prefix-6/merge-overlap,timed,1,32768,1862418,2,396.473556519,2501318
1,candidate,prefix-6/merge-overlap,timed,2,32768,1862418,2,394.790023804,2501318
1,candidate,prefix-6/merge-overlap,timed,3,32768,1862418,2,394.128158569,2501318
1,candidate,prefix-6/merge-overlap,timed,4,32768,1862418,2,403.796508789,2501318
1,candidate,prefix-6/merge-overlap,timed,5,32768,1862418,2,400.659561157,2501318
1,candidate,prefix-512/frames,warmup,0,32768,63803583,4,63.5258331299,4190486745848
1,candidate,prefix-512/frames,timed,1,32768,63803583,4,66.276550293,4190486745848
1,candidate,prefix-512/frames,timed,2,32768,63803583,4,63.6348724365,4190486745848
1,candidate,prefix-512/frames,timed,3,32768,63803583,4,62.2402877808,4190486745848
1,candidate,prefix-512/frames,timed,4,32768,63803583,4,62.4732971191,4190486745848
1,candidate,prefix-512/frames,timed,5,32768,63803583,4,66.1404876709,4190486745848
1,candidate,prefix-512/cursor,warmup,0,32768,63803583,4,104.104995728,313020728
1,candidate,prefix-512/cursor,timed,1,32768,63803583,4,98.6258239746,313020728
1,candidate,prefix-512/cursor,timed,2,32768,63803583,4,97.8730545044,313020728
1,candidate,prefix-512/cursor,timed,3,32768,63803583,4,97.6057052612,313020728
1,candidate,prefix-512/cursor,timed,4,32768,63803583,4,100.323989868,313020728
1,candidate,prefix-512/cursor,timed,5,32768,63803583,4,97.651802063,313020728
1,candidate,prefix-512/records,warmup,0,32768,63806934,4,217.344604492,4190418264352
1,candidate,prefix-512/records,timed,1,32768,63806934,4,216.739341736,4190418264352
1,candidate,prefix-512/records,timed,2,32768,63806934,4,216.396331787,4190418264352
1,candidate,prefix-512/records,timed,3,32768,63806934,4,217.607177734,4190418264352
1,candidate,prefix-512/records,timed,4,32768,63806934,4,214.270271301,4190418264352
1,candidate,prefix-512/records,timed,5,32768,63806934,4,216.467224121,4190418264352
1,candidate,prefix-512/merge-disjoint,warmup,0,32768,63870400,2,386.336639404,127673114
1,candidate,prefix-512/merge-disjoint,timed,1,32768,63870400,2,395.587921143,127673114
1,candidate,prefix-512/merge-disjoint,timed,2,32768,63870400,2,393.971755981,127673114
1,candidate,prefix-512/merge-disjoint,timed,3,32768,63870400,2,395.861312866,127673114
1,candidate,prefix-512/merge-disjoint,timed,4,32768,63870400,2,397.202163696,127673114
1,candidate,prefix-512/merge-disjoint,timed,5,32768,63870400,2,402.027755737,127673114
1,candidate,prefix-512/merge-overlap,warmup,0,32768,95829700,2,422.993331909,127673114
1,candidate,prefix-512/merge-overlap,timed,1,32768,95829700,2,425.19569397,127673114
1,candidate,prefix-512/merge-overlap,timed,2,32768,95829700,2,424.611419678,127673114
1,candidate,prefix-512/merge-overlap,timed,3,32768,95829700,2,419.993087769,127673114
1,candidate,prefix-512/merge-overlap,timed,4,32768,95829700,2,455.38458252,127673114
1,candidate,prefix-512/merge-overlap,timed,5,32768,95829700,2,420.783355713,127673114
1,candidate,hash-6/frames,warmup,0,32768,5471471,4,63.9600753784,358780393908
1,candidate,hash-6/frames,timed,1,32768,5471471,4,64.7528915405,358780393908
1,candidate,hash-6/frames,timed,2,32768,5471471,4,64.3561630249,358780393908
1,candidate,hash-6/frames,timed,3,32768,5471471,4,64.4102096558,358780393908
1,candidate,hash-6/frames,timed,4,32768,5471471,4,65.7993927002,358780393908
1,candidate,hash-6/frames,timed,5,32768,5471471,4,64.2639770508,358780393908
1,candidate,hash-6/cursor,warmup,0,32768,5471471,4,132.855735779,28789848
1,candidate,hash-6/cursor,timed,1,32768,5471471,4,133.664451599,28789848
1,candidate,hash-6/cursor,timed,2,32768,5471471,4,134.201683044,28789848
1,candidate,hash-6/cursor,timed,3,32768,5471471,4,131.980262756,28789848
1,candidate,hash-6/cursor,timed,4,32768,5471471,4,133.457817078,28789848
1,candidate,hash-6/cursor,timed,5,32768,5471471,4,131.330810547,28789848
1,candidate,hash-6/records,warmup,0,32768,5514916,4,114.775978088,361637822352
1,candidate,hash-6/records,timed,1,32768,5514916,4,116.428375244,361637822352
1,candidate,hash-6/records,timed,2,32768,5514916,4,116.619430542,361637822352
1,candidate,hash-6/records,timed,3,32768,5514916,4,117.950439453,361637822352
1,candidate,hash-6/records,timed,4,32768,5514916,4,119.01537323,361637822352
1,candidate,hash-6/records,timed,5,32768,5514916,4,116.310440063,361637822352
1,candidate,hash-6/merge-disjoint,warmup,0,32768,5517418,2,387.914657593,11008518
1,candidate,hash-6/merge-disjoint,timed,1,32768,5517418,2,402.745559692,11008518
1,candidate,hash-6/merge-disjoint,timed,2,32768,5517418,2,404.275253296,11008518
1,candidate,hash-6/merge-disjoint,timed,3,32768,5517418,2,385.849624634,11008518
1,candidate,hash-6/merge-disjoint,timed,4,32768,5517418,2,390.798568726,11008518
1,candidate,hash-6/merge-disjoint,timed,5,32768,5517418,2,415.891021729,11008518
1,candidate,hash-6/merge-overlap,warmup,0,32768,8232098,2,430.370956421,11008518
1,candidate,hash-6/merge-overlap,timed,1,32768,8232098,2,421.264648438,11008518
1,candidate,hash-6/merge-overlap,timed,2,32768,8232098,2,413.522079468,11008518
1,candidate,hash-6/merge-overlap,timed,3,32768,8232098,2,421.202331543,11008518
1,candidate,hash-6/merge-overlap,timed,4,32768,8232098,2,417.714431763,11008518
1,candidate,hash-6/merge-overlap,timed,5,32768,8232098,2,414.082839966,11008518
1,candidate,hash-512/frames,warmup,0,32768,68057279,4,64.5586700439,4447512945652
1,candidate,hash-512/frames,timed,1,32768,68057279,4,63.2718353271,4447512945652
1,candidate,hash-512/frames,timed,2,32768,68057279,4,63.8688354492,4447512945652
1,candidate,hash-512/frames,timed,3,32768,68057279,4,63.289642334,4447512945652
1,candidate,hash-512/frames,timed,4,32768,68057279,4,67.7928924561,4447512945652
1,candidate,hash-512/frames,timed,5,32768,68057279,4,63.6126251221,4447512945652
1,candidate,hash-512/cursor,warmup,0,32768,68057279,4,130.990661621,279133080
1,candidate,hash-512/cursor,timed,1,32768,68057279,4,132.212005615,279133080
1,candidate,hash-512/cursor,timed,2,32768,68057279,4,133.664764404,279133080
1,candidate,hash-512/cursor,timed,3,32768,68057279,4,133.878074646,279133080
1,candidate,hash-512/cursor,timed,4,32768,68057279,4,133.661911011,279133080
1,candidate,hash-512/cursor,timed,5,32768,68057279,4,135.232925415,279133080
1,candidate,hash-512/records,warmup,0,32768,68100724,4,199.794136047,4450153374760
1,candidate,hash-512/records,timed,1,32768,68100724,4,205.635070801,4450153374760
1,candidate,hash-512/records,timed,2,32768,68100724,4,206.535972595,4450153374760
1,candidate,hash-512/records,timed,3,32768,68100724,4,203.366920471,4450153374760
1,candidate,hash-512/records,timed,4,32768,68100724,4,208.685874939,4450153374760
1,candidate,hash-512/records,timed,5,32768,68100724,4,214.252159119,4450153374760
1,candidate,hash-512/merge-disjoint,warmup,0,32768,68103226,2,432.286575317,136180134
1,candidate,hash-512/merge-disjoint,timed,1,32768,68103226,2,436.84387207,136180134
1,candidate,hash-512/merge-disjoint,timed,2,32768,68103226,2,438.149124146,136180134
1,candidate,hash-512/merge-disjoint,timed,3,32768,68103226,2,434.209197998,136180134
1,candidate,hash-512/merge-disjoint,timed,4,32768,68103226,2,434.871673584,136180134
1,candidate,hash-512/merge-disjoint,timed,5,32768,68103226,2,439.421340942,136180134
1,candidate,hash-512/merge-overlap,warmup,0,32768,102169834,2,450.903564453,136180134
1,candidate,hash-512/merge-overlap,timed,1,32768,102169834,2,460.130691528,136180134
1,candidate,hash-512/merge-overlap,timed,2,32768,102169834,2,460.565567017,136180134
1,candidate,hash-512/merge-overlap,timed,3,32768,102169834,2,454.833984375,136180134
1,candidate,hash-512/merge-overlap,timed,4,32768,102169834,2,452.652618408,136180134
1,candidate,hash-512/merge-overlap,timed,5,32768,102169834,2,454.609558105,136180134
1,baseline,counts/eg0-small,warmup,0,262144,2920226,4,10.3448629379,78258120
1,baseline,counts/eg0-small,timed,1,262144,2920226,4,10.6513900757,78258120
1,baseline,counts/eg0-small,timed,2,262144,2920226,4,10.4821519852,78258120
1,baseline,counts/eg0-small,timed,3,262144,2920226,4,10.4353427887,78258120
1,baseline,counts/eg0-small,timed,4,262144,2920226,4,10.5602340698,78258120
1,baseline,counts/eg0-small,timed,5,262144,2920226,4,10.572473526,78258120
1,baseline,counts/eg0-wide,warmup,0,262144,16040710,4,17.8759098053,15953147329455257824
1,baseline,counts/eg0-wide,timed,1,262144,16040710,4,17.988404274,15953147329455257824
1,baseline,counts/eg0-wide,timed,2,262144,16040710,4,17.7110824585,15953147329455257824
1,baseline,counts/eg0-wide,timed,3,262144,16040710,4,17.2517299652,15953147329455257824
1,baseline,counts/eg0-wide,timed,4,262144,16040710,4,17.0358419418,15953147329455257824
1,baseline,counts/eg0-wide,timed,5,262144,16040710,4,16.6895389557,15953147329455257824
1,baseline,counts/eg3,warmup,0,262144,3707062,4,15.8689022064,551372824
1,baseline,counts/eg3,timed,1,262144,3707062,4,15.9601373672,551372824
1,baseline,counts/eg3,timed,2,262144,3707062,4,16.2083311081,551372824
1,baseline,counts/eg3,timed,3,262144,3707062,4,15.7852172852,551372824
1,baseline,counts/eg3,timed,4,262144,3707062,4,16.5155735016,551372824
1,baseline,counts/eg3,timed,5,262144,3707062,4,17.0345697403,551372824
1,baseline,counts/g7,warmup,0,262144,3276422,4,14.8912668228,79682904
1,baseline,counts/g7,timed,1,262144,3276422,4,15.0192584991,79682904
1,baseline,counts/g7,timed,2,262144,3276422,4,14.8954792023,79682904
1,baseline,counts/g7,timed,3,262144,3276422,4,15.0652732849,79682904
1,baseline,counts/g7,timed,4,262144,3276422,4,15.0994853973,79682904
1,baseline,counts/g7,timed,5,262144,3276422,4,15.5590772629,79682904
1,baseline,prefix-6/frames,warmup,0,32768,1217775,4,68.5955657959,79915592608
1,baseline,prefix-6/frames,timed,1,32768,1217775,4,67.2432632446,79915592608
1,baseline,prefix-6/frames,timed,2,32768,1217775,4,67.0976638794,79915592608
1,baseline,prefix-6/frames,timed,3,32768,1217775,4,70.246383667,79915592608
1,baseline,prefix-6/frames,timed,4,32768,1217775,4,67.7665100098,79915592608
1,baseline,prefix-6/frames,timed,5,32768,1217775,4,68.8460693359,79915592608
1,baseline,prefix-6/cursor,warmup,0,32768,1217775,4,106.834732056,62677496
1,baseline,prefix-6/cursor,timed,1,32768,1217775,4,105.640098572,62677496
1,baseline,prefix-6/cursor,timed,2,32768,1217775,4,107.959106445,62677496
1,baseline,prefix-6/cursor,timed,3,32768,1217775,4,104.409217834,62677496
1,baseline,prefix-6/cursor,timed,4,32768,1217775,4,103.303588867,62677496
1,baseline,prefix-6/cursor,timed,5,32768,1217775,4,104.4715271,62677496
1,baseline,prefix-6/records,warmup,0,32768,1221126,4,137.708023071,80064110448
1,baseline,prefix-6/records,timed,1,32768,1221126,4,138.28817749,80064110448
1,baseline,prefix-6/records,timed,2,32768,1221126,4,136.812843323,80064110448
1,baseline,prefix-6/records,timed,3,32768,1221126,4,137.283325195,80064110448
1,baseline,prefix-6/records,timed,4,32768,1221126,4,134.867347717,80064110448
1,baseline,prefix-6/records,timed,5,32768,1221126,4,138.198852539,80064110448
1,baseline,prefix-6/merge-disjoint,warmup,0,32768,1284592,2,337.795257568,2501318
1,baseline,prefix-6/merge-disjoint,timed,1,32768,1284592,2,351.053237915,2501318
1,baseline,prefix-6/merge-disjoint,timed,2,32768,1284592,2,348.957061768,2501318
1,baseline,prefix-6/merge-disjoint,timed,3,32768,1284592,2,355.625152588,2501318
1,baseline,prefix-6/merge-disjoint,timed,4,32768,1284592,2,354.722976685,2501318
1,baseline,prefix-6/merge-disjoint,timed,5,32768,1284592,2,350.927352905,2501318
1,baseline,prefix-6/merge-overlap,warmup,0,32768,1862418,2,384.602859497,2501318
1,baseline,prefix-6/merge-overlap,timed,1,32768,1862418,2,416.788101196,2501318
1,baseline,prefix-6/merge-overlap,timed,2,32768,1862418,2,387.187957764,2501318
1,baseline,prefix-6/merge-overlap,timed,3,32768,1862418,2,376.502990723,2501318
1,baseline,prefix-6/merge-overlap,timed,4,32768,1862418,2,369.179412842,2501318
1,baseline,prefix-6/merge-overlap,timed,5,32768,1862418,2,373.706192017,2501318
1,baseline,prefix-512/frames,warmup,0,32768,63803583,4,78.4257202148,4190486745848
1,baseline,prefix-512/frames,timed,1,32768,63803583,4,78.7499771118,4190486745848
1,baseline,prefix-512/frames,timed,2,32768,63803583,4,77.7145996094,4190486745848
1,baseline,prefix-512/frames,timed,3,32768,63803583,4,78.2121047974,4190486745848
1,baseline,prefix-512/frames,timed,4,32768,63803583,4,81.1866149902,4190486745848
1,baseline,prefix-512/frames,timed,5,32768,63803583,4,78.6066055298,4190486745848
1,baseline,prefix-512/cursor,warmup,0,32768,63803583,4,114.016853333,313020728
1,baseline,prefix-512/cursor,timed,1,32768,63803583,4,113.118812561,313020728
1,baseline,prefix-512/cursor,timed,2,32768,63803583,4,113.188102722,313020728
1,baseline,prefix-512/cursor,timed,3,32768,63803583,4,113.962806702,313020728
1,baseline,prefix-512/cursor,timed,4,32768,63803583,4,114.565849304,313020728
1,baseline,prefix-512/cursor,timed,5,32768,63803583,4,114.071525574,313020728
1,baseline,prefix-512/records,warmup,0,32768,63806934,4,242.734909058,4190418264352
1,baseline,prefix-512/records,timed,1,32768,63806934,4,242.707885742,4190418264352
1,baseline,prefix-512/records,timed,2,32768,63806934,4,241.891860962,4190418264352
1,baseline,prefix-512/records,timed,3,32768,63806934,4,245.157241821,4190418264352
1,baseline,prefix-512/records,timed,4,32768,63806934,4,245.572410583,4190418264352
1,baseline,prefix-512/records,timed,5,32768,63806934,4,250.105857849,4190418264352
1,baseline,prefix-512/merge-disjoint,warmup,0,32768,63870400,2,434.150054932,127673114
1,baseline,prefix-512/merge-disjoint,timed,1,32768,63870400,2,432.435348511,127673114
1,baseline,prefix-512/merge-disjoint,timed,2,32768,63870400,2,434.398651123,127673114
1,baseline,prefix-512/merge-disjoint,timed,3,32768,63870400,2,432.571411133,127673114
1,baseline,prefix-512/merge-disjoint,timed,4,32768,63870400,2,429.698303223,127673114
1,baseline,prefix-512/merge-disjoint,timed,5,32768,63870400,2,437.26348877,127673114
1,baseline,prefix-512/merge-overlap,warmup,0,32768,95829700,2,460.905075073,127673114
1,baseline,prefix-512/merge-overlap,timed,1,32768,95829700,2,461.622238159,127673114
1,baseline,prefix-512/merge-overlap,timed,2,32768,95829700,2,453.632354736,127673114
1,baseline,prefix-512/merge-overlap,timed,3,32768,95829700,2,473.420455933,127673114
1,baseline,prefix-512/merge-overlap,timed,4,32768,95829700,2,479.602172852,127673114
1,baseline,prefix-512/merge-overlap,timed,5,32768,95829700,2,468.591064453,127673114
1,baseline,hash-6/frames,warmup,0,32768,5471471,4,72.8238372803,358780393908
1,baseline,hash-6/frames,timed,1,32768,5471471,4,69.7838516235,358780393908
1,baseline,hash-6/frames,timed,2,32768,5471471,4,72.5876464844,358780393908
1,baseline,hash-6/frames,timed,3,32768,5471471,4,69.920539856,358780393908
1,baseline,hash-6/frames,timed,4,32768,5471471,4,76.3597488403,358780393908
1,baseline,hash-6/frames,timed,5,32768,5471471,4,81.6186294556,358780393908
1,baseline,hash-6/cursor,warmup,0,32768,5471471,4,148.808799744,28789848
1,baseline,hash-6/cursor,timed,1,32768,5471471,4,140.833854675,28789848
1,baseline,hash-6/cursor,timed,2,32768,5471471,4,136.979103088,28789848
1,baseline,hash-6/cursor,timed,3,32768,5471471,4,141.371414185,28789848
1,baseline,hash-6/cursor,timed,4,32768,5471471,4,134.707771301,28789848
1,baseline,hash-6/cursor,timed,5,32768,5471471,4,135.667160034,28789848
1,baseline,hash-6/records,warmup,0,32768,5514916,4,132.360137939,361637822352
1,baseline,hash-6/records,timed,1,32768,5514916,4,125.846862793,361637822352
1,baseline,hash-6/records,timed,2,32768,5514916,4,127.266571045,361637822352
1,baseline,hash-6/records,timed,3,32768,5514916,4,125.946678162,361637822352
1,baseline,hash-6/records,timed,4,32768,5514916,4,126.730278015,361637822352
1,baseline,hash-6/records,timed,5,32768,5514916,4,128.809608459,361637822352
1,baseline,hash-6/merge-disjoint,warmup,0,32768,5517418,2,374.965026855,11008518
1,baseline,hash-6/merge-disjoint,timed,1,32768,5517418,2,369.3072052,11008518
1,baseline,hash-6/merge-disjoint,timed,2,32768,5517418,2,368.670135498,11008518
1,baseline,hash-6/merge-disjoint,timed,3,32768,5517418,2,365.79196167,11008518
1,baseline,hash-6/merge-disjoint,timed,4,32768,5517418,2,370.520904541,11008518
1,baseline,hash-6/merge-disjoint,timed,5,32768,5517418,2,365.423843384,11008518
1,baseline,hash-6/merge-overlap,warmup,0,32768,8232098,2,419.731781006,11008518
1,baseline,hash-6/merge-overlap,timed,1,32768,8232098,2,413.536071777,11008518
1,baseline,hash-6/merge-overlap,timed,2,32768,8232098,2,412.509277344,11008518
1,baseline,hash-6/merge-overlap,timed,3,32768,8232098,2,416.023895264,11008518
1,baseline,hash-6/merge-overlap,timed,4,32768,8232098,2,412.036895752,11008518
1,baseline,hash-6/merge-overlap,timed,5,32768,8232098,2,439.227416992,11008518
1,baseline,hash-512/frames,warmup,0,32768,68057279,4,86.9642868042,4447512945652
1,baseline,hash-512/frames,timed,1,32768,68057279,4,79.9468383789,4447512945652
1,baseline,hash-512/frames,timed,2,32768,68057279,4,81.823348999,4447512945652
1,baseline,hash-512/frames,timed,3,32768,68057279,4,83.1712036133,4447512945652
1,baseline,hash-512/frames,timed,4,32768,68057279,4,76.6213760376,4447512945652
1,baseline,hash-512/frames,timed,5,32768,68057279,4,76.7936706543,4447512945652
1,baseline,hash-512/cursor,warmup,0,32768,68057279,4,145.71698761,279133080
1,baseline,hash-512/cursor,timed,1,32768,68057279,4,146.08732605,279133080
1,baseline,hash-512/cursor,timed,2,32768,68057279,4,145.135246277,279133080
1,baseline,hash-512/cursor,timed,3,32768,68057279,4,148.96647644,279133080
1,baseline,hash-512/cursor,timed,4,32768,68057279,4,146.014533997,279133080
1,baseline,hash-512/cursor,timed,5,32768,68057279,4,149.115562439,279133080
1,baseline,hash-512/records,warmup,0,32768,68100724,4,228.415809631,4450153374760
1,baseline,hash-512/records,timed,1,32768,68100724,4,227.973304749,4450153374760
1,baseline,hash-512/records,timed,2,32768,68100724,4,230.299316406,4450153374760
1,baseline,hash-512/records,timed,3,32768,68100724,4,227.890655518,4450153374760
1,baseline,hash-512/records,timed,4,32768,68100724,4,231.190994263,4450153374760
1,baseline,hash-512/records,timed,5,32768,68100724,4,235.075950623,4450153374760
1,baseline,hash-512/merge-disjoint,warmup,0,32768,68103226,2,471.471160889,136180134
1,baseline,hash-512/merge-disjoint,timed,1,32768,68103226,2,487.16418457,136180134
1,baseline,hash-512/merge-disjoint,timed,2,32768,68103226,2,480.675369263,136180134
1,baseline,hash-512/merge-disjoint,timed,3,32768,68103226,2,496.457427979,136180134
1,baseline,hash-512/merge-disjoint,timed,4,32768,68103226,2,485.300689697,136180134
1,baseline,hash-512/merge-disjoint,timed,5,32768,68103226,2,498.516708374,136180134
1,baseline,hash-512/merge-overlap,warmup,0,32768,102169834,2,494.922637939,136180134
1,baseline,hash-512/merge-overlap,timed,1,32768,102169834,2,518.585845947,136180134
1,baseline,hash-512/merge-overlap,timed,2,32768,102169834,2,521.408721924,136180134
1,baseline,hash-512/merge-overlap,timed,3,32768,102169834,2,526.84274292,136180134
1,baseline,hash-512/merge-overlap,timed,4,32768,102169834,2,550.12638855,136180134
1,baseline,hash-512/merge-overlap,timed,5,32768,102169834,2,529.315307617,136180134
2,baseline,counts/eg0-small,warmup,0,262144,2920226,4,11.010925293,78258120
2,baseline,counts/eg0-small,timed,1,262144,2920226,4,10.8185214996,78258120
2,baseline,counts/eg0-small,timed,2,262144,2920226,4,10.8940200806,78258120
2,baseline,counts/eg0-small,timed,3,262144,2920226,4,10.7273664474,78258120
2,baseline,counts/eg0-small,timed,4,262144,2920226,4,11.0092954636,78258120
2,baseline,counts/eg0-small,timed,5,262144,2920226,4,11.1565980911,78258120
2,baseline,counts/eg0-wide,warmup,0,262144,16040710,4,17.5378723145,15953147329455257824
2,baseline,counts/eg0-wide,timed,1,262144,16040710,4,17.4823999405,15953147329455257824
2,baseline,counts/eg0-wide,timed,2,262144,16040710,4,17.2624988556,15953147329455257824
2,baseline,counts/eg0-wide,timed,3,262144,16040710,4,17.5464954376,15953147329455257824
2,baseline,counts/eg0-wide,timed,4,262144,16040710,4,17.6404314041,15953147329455257824
2,baseline,counts/eg0-wide,timed,5,262144,16040710,4,17.3531370163,15953147329455257824
2,baseline,counts/eg3,warmup,0,262144,3707062,4,15.5739383698,551372824
2,baseline,counts/eg3,timed,1,262144,3707062,4,15.3733882904,551372824
2,baseline,counts/eg3,timed,2,262144,3707062,4,15.8359603882,551372824
2,baseline,counts/eg3,timed,3,262144,3707062,4,15.4850482941,551372824
2,baseline,counts/eg3,timed,4,262144,3707062,4,16.1367263794,551372824
2,baseline,counts/eg3,timed,5,262144,3707062,4,15.9211158752,551372824
2,baseline,counts/g7,warmup,0,262144,3276422,4,14.4645376205,79682904
2,baseline,counts/g7,timed,1,262144,3276422,4,14.9475336075,79682904
2,baseline,counts/g7,timed,2,262144,3276422,4,14.5421419144,79682904
2,baseline,counts/g7,timed,3,262144,3276422,4,14.6711273193,79682904
2,baseline,counts/g7,timed,4,262144,3276422,4,14.7243738174,79682904
2,baseline,counts/g7,timed,5,262144,3276422,4,15.0117473602,79682904
2,baseline,prefix-6/frames,warmup,0,32768,1217775,4,69.6493835449,79915592608
2,baseline,prefix-6/frames,timed,1,32768,1217775,4,71.2181777954,79915592608
2,baseline,prefix-6/frames,timed,2,32768,1217775,4,69.0056533813,79915592608
2,baseline,prefix-6/frames,timed,3,32768,1217775,4,69.2497940063,79915592608
2,baseline,prefix-6/frames,timed,4,32768,1217775,4,67.9753646851,79915592608
2,baseline,prefix-6/frames,timed,5,32768,1217775,4,68.4452056885,79915592608
2,baseline,prefix-6/cursor,warmup,0,32768,1217775,4,106.36806488,62677496
2,baseline,prefix-6/cursor,timed,1,32768,1217775,4,113.177940369,62677496
2,baseline,prefix-6/cursor,timed,2,32768,1217775,4,122.471809387,62677496
2,baseline,prefix-6/cursor,timed,3,32768,1217775,4,116.254165649,62677496
2,baseline,prefix-6/cursor,timed,4,32768,1217775,4,105.1902771,62677496
2,baseline,prefix-6/cursor,timed,5,32768,1217775,4,108.415290833,62677496
2,baseline,prefix-6/records,warmup,0,32768,1221126,4,137.611709595,80064110448
2,baseline,prefix-6/records,timed,1,32768,1221126,4,138.480186462,80064110448
2,baseline,prefix-6/records,timed,2,32768,1221126,4,137.776374817,80064110448
2,baseline,prefix-6/records,timed,3,32768,1221126,4,137.788772583,80064110448
2,baseline,prefix-6/records,timed,4,32768,1221126,4,137.362159729,80064110448
2,baseline,prefix-6/records,timed,5,32768,1221126,4,135.542869568,80064110448
2,baseline,prefix-6/merge-disjoint,warmup,0,32768,1284592,2,347.203567505,2501318
2,baseline,prefix-6/merge-disjoint,timed,1,32768,1284592,2,344.442367554,2501318
2,baseline,prefix-6/merge-disjoint,timed,2,32768,1284592,2,342.510848999,2501318
2,baseline,prefix-6/merge-disjoint,timed,3,32768,1284592,2,330.801651001,2501318
2,baseline,prefix-6/merge-disjoint,timed,4,32768,1284592,2,327.838897705,2501318
2,baseline,prefix-6/merge-disjoint,timed,5,32768,1284592,2,332.168579102,2501318
2,baseline,prefix-6/merge-overlap,warmup,0,32768,1862418,2,373.017623901,2501318
2,baseline,prefix-6/merge-overlap,timed,1,32768,1862418,2,375.947311401,2501318
2,baseline,prefix-6/merge-overlap,timed,2,32768,1862418,2,376.316070557,2501318
2,baseline,prefix-6/merge-overlap,timed,3,32768,1862418,2,374.711349487,2501318
2,baseline,prefix-6/merge-overlap,timed,4,32768,1862418,2,376.804977417,2501318
2,baseline,prefix-6/merge-overlap,timed,5,32768,1862418,2,379.526779175,2501318
2,baseline,prefix-512/frames,warmup,0,32768,63803583,4,83.1880569458,4190486745848
2,baseline,prefix-512/frames,timed,1,32768,63803583,4,79.5853881836,4190486745848
2,baseline,prefix-512/frames,timed,2,32768,63803583,4,81.4428329468,4190486745848
2,baseline,prefix-512/frames,timed,3,32768,63803583,4,82.7468261719,4190486745848
2,baseline,prefix-512/frames,timed,4,32768,63803583,4,82.9032287598,4190486745848
2,baseline,prefix-512/frames,timed,5,32768,63803583,4,78.0455245972,4190486745848
2,baseline,prefix-512/cursor,warmup,0,32768,63803583,4,124.799728394,313020728
2,baseline,prefix-512/cursor,timed,1,32768,63803583,4,123.645462036,313020728
2,baseline,prefix-512/cursor,timed,2,32768,63803583,4,124.495185852,313020728
2,baseline,prefix-512/cursor,timed,3,32768,63803583,4,173.151016235,313020728
2,baseline,prefix-512/cursor,timed,4,32768,63803583,4,121.47681427,313020728
2,baseline,prefix-512/cursor,timed,5,32768,63803583,4,128.113746643,313020728
2,baseline,prefix-512/records,warmup,0,32768,63806934,4,261.396408081,4190418264352
2,baseline,prefix-512/records,timed,1,32768,63806934,4,258.007369995,4190418264352
2,baseline,prefix-512/records,timed,2,32768,63806934,4,261.979736328,4190418264352
2,baseline,prefix-512/records,timed,3,32768,63806934,4,274.627365112,4190418264352
2,baseline,prefix-512/records,timed,4,32768,63806934,4,248.422935486,4190418264352
2,baseline,prefix-512/records,timed,5,32768,63806934,4,262.787506104,4190418264352
2,baseline,prefix-512/merge-disjoint,warmup,0,32768,63870400,2,436.742782593,127673114
2,baseline,prefix-512/merge-disjoint,timed,1,32768,63870400,2,428.604125977,127673114
2,baseline,prefix-512/merge-disjoint,timed,2,32768,63870400,2,453.856155396,127673114
2,baseline,prefix-512/merge-disjoint,timed,3,32768,63870400,2,430.728912354,127673114
2,baseline,prefix-512/merge-disjoint,timed,4,32768,63870400,2,445.775985718,127673114
2,baseline,prefix-512/merge-disjoint,timed,5,32768,63870400,2,427.304580688,127673114
2,baseline,prefix-512/merge-overlap,warmup,0,32768,95829700,2,454.858154297,127673114
2,baseline,prefix-512/merge-overlap,timed,1,32768,95829700,2,472.041442871,127673114
2,baseline,prefix-512/merge-overlap,timed,2,32768,95829700,2,486.810684204,127673114
2,baseline,prefix-512/merge-overlap,timed,3,32768,95829700,2,476.486831665,127673114
2,baseline,prefix-512/merge-overlap,timed,4,32768,95829700,2,451.07522583,127673114
2,baseline,prefix-512/merge-overlap,timed,5,32768,95829700,2,451.549530029,127673114
2,baseline,hash-6/frames,warmup,0,32768,5471471,4,66.0400390625,358780393908
2,baseline,hash-6/frames,timed,1,32768,5471471,4,66.6812286377,358780393908
2,baseline,hash-6/frames,timed,2,32768,5471471,4,66.1115646362,358780393908
2,baseline,hash-6/frames,timed,3,32768,5471471,4,66.5216445923,358780393908
2,baseline,hash-6/frames,timed,4,32768,5471471,4,67.0620651245,358780393908
2,baseline,hash-6/frames,timed,5,32768,5471471,4,68.9824371338,358780393908
2,baseline,hash-6/cursor,warmup,0,32768,5471471,4,135.605491638,28789848
2,baseline,hash-6/cursor,timed,1,32768,5471471,4,135.758720398,28789848
2,baseline,hash-6/cursor,timed,2,32768,5471471,4,135.192871094,28789848
2,baseline,hash-6/cursor,timed,3,32768,5471471,4,135.531745911,28789848
2,baseline,hash-6/cursor,timed,4,32768,5471471,4,133.789375305,28789848
2,baseline,hash-6/cursor,timed,5,32768,5471471,4,134.872749329,28789848
2,baseline,hash-6/records,warmup,0,32768,5514916,4,126.065567017,361637822352
2,baseline,hash-6/records,timed,1,32768,5514916,4,127.497360229,361637822352
2,baseline,hash-6/records,timed,2,32768,5514916,4,128.120422363,361637822352
2,baseline,hash-6/records,timed,3,32768,5514916,4,130.048439026,361637822352
2,baseline,hash-6/records,timed,4,32768,5514916,4,128.443084717,361637822352
2,baseline,hash-6/records,timed,5,32768,5514916,4,128.590583801,361637822352
2,baseline,hash-6/merge-disjoint,warmup,0,32768,5517418,2,376.907989502,11008518
2,baseline,hash-6/merge-disjoint,timed,1,32768,5517418,2,371.018081665,11008518
2,baseline,hash-6/merge-disjoint,timed,2,32768,5517418,2,372.047424316,11008518
2,baseline,hash-6/merge-disjoint,timed,3,32768,5517418,2,378.123596191,11008518
2,baseline,hash-6/merge-disjoint,timed,4,32768,5517418,2,380.990341187,11008518
2,baseline,hash-6/merge-disjoint,timed,5,32768,5517418,2,390.606552124,11008518
2,baseline,hash-6/merge-overlap,warmup,0,32768,8232098,2,412.864044189,11008518
2,baseline,hash-6/merge-overlap,timed,1,32768,8232098,2,414.946228027,11008518
2,baseline,hash-6/merge-overlap,timed,2,32768,8232098,2,410.933181763,11008518
2,baseline,hash-6/merge-overlap,timed,3,32768,8232098,2,407.042816162,11008518
2,baseline,hash-6/merge-overlap,timed,4,32768,8232098,2,411.156341553,11008518
2,baseline,hash-6/merge-overlap,timed,5,32768,8232098,2,402.355194092,11008518
2,baseline,hash-512/frames,warmup,0,32768,68057279,4,77.6255950928,4447512945652
2,baseline,hash-512/frames,timed,1,32768,68057279,4,76.4726028442,4447512945652
2,baseline,hash-512/frames,timed,2,32768,68057279,4,77.9024734497,4447512945652
2,baseline,hash-512/frames,timed,3,32768,68057279,4,77.1414413452,4447512945652
2,baseline,hash-512/frames,timed,4,32768,68057279,4,78.0506134033,4447512945652
2,baseline,hash-512/frames,timed,5,32768,68057279,4,81.9581375122,4447512945652
2,baseline,hash-512/cursor,warmup,0,32768,68057279,4,160.3514328,279133080
2,baseline,hash-512/cursor,timed,1,32768,68057279,4,144.457496643,279133080
2,baseline,hash-512/cursor,timed,2,32768,68057279,4,142.780303955,279133080
2,baseline,hash-512/cursor,timed,3,32768,68057279,4,142.806053162,279133080
2,baseline,hash-512/cursor,timed,4,32768,68057279,4,145.063400269,279133080
2,baseline,hash-512/cursor,timed,5,32768,68057279,4,142.426170349,279133080
2,baseline,hash-512/records,warmup,0,32768,68100724,4,225.29283905,4450153374760
2,baseline,hash-512/records,timed,1,32768,68100724,4,312.336921692,4450153374760
2,baseline,hash-512/records,timed,2,32768,68100724,4,222.72618866,4450153374760
2,baseline,hash-512/records,timed,3,32768,68100724,4,229.528427124,4450153374760
2,baseline,hash-512/records,timed,4,32768,68100724,4,215.936660767,4450153374760
2,baseline,hash-512/records,timed,5,32768,68100724,4,216.575942993,4450153374760
2,baseline,hash-512/merge-disjoint,warmup,0,32768,68103226,2,477.358505249,136180134
2,baseline,hash-512/merge-disjoint,timed,1,32768,68103226,2,469.178512573,136180134
2,baseline,hash-512/merge-disjoint,timed,2,32768,68103226,2,468.451187134,136180134
2,baseline,hash-512/merge-disjoint,timed,3,32768,68103226,2,478.186920166,136180134
2,baseline,hash-512/merge-disjoint,timed,4,32768,68103226,2,473.683044434,136180134
2,baseline,hash-512/merge-disjoint,timed,5,32768,68103226,2,490.809753418,136180134
2,baseline,hash-512/merge-overlap,warmup,0,32768,102169834,2,508.956268311,136180134
2,baseline,hash-512/merge-overlap,timed,1,32768,102169834,2,527.310058594,136180134
2,baseline,hash-512/merge-overlap,timed,2,32768,102169834,2,508.396789551,136180134
2,baseline,hash-512/merge-overlap,timed,3,32768,102169834,2,540.802627563,136180134
2,baseline,hash-512/merge-overlap,timed,4,32768,102169834,2,538.901657104,136180134
2,baseline,hash-512/merge-overlap,timed,5,32768,102169834,2,556.759506226,136180134
2,candidate,counts/eg0-small,warmup,0,262144,2920226,4,8.64907073975,78258120
2,candidate,counts/eg0-small,timed,1,262144,2920226,4,8.81826877594,78258120
2,candidate,counts/eg0-small,timed,2,262144,2920226,4,8.71316623688,78258120
2,candidate,counts/eg0-small,timed,3,262144,2920226,4,8.76605510712,78258120
2,candidate,counts/eg0-small,timed,4,262144,2920226,4,8.59852600098,78258120
2,candidate,counts/eg0-small,timed,5,262144,2920226,4,8.78890323639,78258120
2,candidate,counts/eg0-wide,warmup,0,262144,16040710,4,16.4762735367,15953147329455257824
2,candidate,counts/eg0-wide,timed,1,262144,16040710,4,16.2727832794,15953147329455257824
2,candidate,counts/eg0-wide,timed,2,262144,16040710,4,15.8712863922,15953147329455257824
2,candidate,counts/eg0-wide,timed,3,262144,16040710,4,19.0389957428,15953147329455257824
2,candidate,counts/eg0-wide,timed,4,262144,16040710,4,18.8672142029,15953147329455257824
2,candidate,counts/eg0-wide,timed,5,262144,16040710,4,16.6444778442,15953147329455257824
2,candidate,counts/eg3,warmup,0,262144,3707062,4,13.2628278732,551372824
2,candidate,counts/eg3,timed,1,262144,3707062,4,12.9309501648,551372824
2,candidate,counts/eg3,timed,2,262144,3707062,4,12.6459598541,551372824
2,candidate,counts/eg3,timed,3,262144,3707062,4,12.8428535461,551372824
2,candidate,counts/eg3,timed,4,262144,3707062,4,12.9801435471,551372824
2,candidate,counts/eg3,timed,5,262144,3707062,4,13.7445926666,551372824
2,candidate,counts/g7,warmup,0,262144,3276422,4,15.5693292618,79682904
2,candidate,counts/g7,timed,1,262144,3276422,4,15.4995918274,79682904
2,candidate,counts/g7,timed,2,262144,3276422,4,15.4478549957,79682904
2,candidate,counts/g7,timed,3,262144,3276422,4,16.6745185852,79682904
2,candidate,counts/g7,timed,4,262144,3276422,4,15.5845079422,79682904
2,candidate,counts/g7,timed,5,262144,3276422,4,15.967209816,79682904
2,candidate,prefix-6/frames,warmup,0,32768,1217775,4,63.8910903931,79915592608
2,candidate,prefix-6/frames,timed,1,32768,1217775,4,61.925567627,79915592608
2,candidate,prefix-6/frames,timed,2,32768,1217775,4,63.8453140259,79915592608
2,candidate,prefix-6/frames,timed,3,32768,1217775,4,61.2970962524,79915592608
2,candidate,prefix-6/frames,timed,4,32768,1217775,4,62.335647583,79915592608
2,candidate,prefix-6/frames,timed,5,32768,1217775,4,62.9472732544,79915592608
2,candidate,prefix-6/cursor,warmup,0,32768,1217775,4,103.209495544,62677496
2,candidate,prefix-6/cursor,timed,1,32768,1217775,4,103.058174133,62677496
2,candidate,prefix-6/cursor,timed,2,32768,1217775,4,100.204788208,62677496
2,candidate,prefix-6/cursor,timed,3,32768,1217775,4,100.433029175,62677496
2,candidate,prefix-6/cursor,timed,4,32768,1217775,4,102.004692078,62677496
2,candidate,prefix-6/cursor,timed,5,32768,1217775,4,103.570617676,62677496
2,candidate,prefix-6/records,warmup,0,32768,1221126,4,131.12386322,80064110448
2,candidate,prefix-6/records,timed,1,32768,1221126,4,151.223495483,80064110448
2,candidate,prefix-6/records,timed,2,32768,1221126,4,132.269226074,80064110448
2,candidate,prefix-6/records,timed,3,32768,1221126,4,131.506286621,80064110448
2,candidate,prefix-6/records,timed,4,32768,1221126,4,131.461143494,80064110448
2,candidate,prefix-6/records,timed,5,32768,1221126,4,134.33997345,80064110448
2,candidate,prefix-6/merge-disjoint,warmup,0,32768,1284592,2,375.422164917,2501318
2,candidate,prefix-6/merge-disjoint,timed,1,32768,1284592,2,383.740112305,2501318
2,candidate,prefix-6/merge-disjoint,timed,2,32768,1284592,2,374.939605713,2501318
2,candidate,prefix-6/merge-disjoint,timed,3,32768,1284592,2,382.277160645,2501318
2,candidate,prefix-6/merge-disjoint,timed,4,32768,1284592,2,401.627212524,2501318
2,candidate,prefix-6/merge-disjoint,timed,5,32768,1284592,2,379.416778564,2501318
2,candidate,prefix-6/merge-overlap,warmup,0,32768,1862418,2,418.472930908,2501318
2,candidate,prefix-6/merge-overlap,timed,1,32768,1862418,2,416.349411011,2501318
2,candidate,prefix-6/merge-overlap,timed,2,32768,1862418,2,413.092285156,2501318
2,candidate,prefix-6/merge-overlap,timed,3,32768,1862418,2,430.899932861,2501318
2,candidate,prefix-6/merge-overlap,timed,4,32768,1862418,2,448.701217651,2501318
2,candidate,prefix-6/merge-overlap,timed,5,32768,1862418,2,427.527114868,2501318
2,candidate,prefix-512/frames,warmup,0,32768,63803583,4,71.5182571411,4190486745848
2,candidate,prefix-512/frames,timed,1,32768,63803583,4,68.5011520386,4190486745848
2,candidate,prefix-512/frames,timed,2,32768,63803583,4,111.905738831,4190486745848
2,candidate,prefix-512/frames,timed,3,32768,63803583,4,66.1252288818,4190486745848
2,candidate,prefix-512/frames,timed,4,32768,63803583,4,69.0644607544,4190486745848
2,candidate,prefix-512/frames,timed,5,32768,63803583,4,66.7107925415,4190486745848
2,candidate,prefix-512/cursor,warmup,0,32768,63803583,4,113.848686218,313020728
2,candidate,prefix-512/cursor,timed,1,32768,63803583,4,113.585472107,313020728
2,candidate,prefix-512/cursor,timed,2,32768,63803583,4,117.060661316,313020728
2,candidate,prefix-512/cursor,timed,3,32768,63803583,4,105.568565369,313020728
2,candidate,prefix-512/cursor,timed,4,32768,63803583,4,103.618301392,313020728
2,candidate,prefix-512/cursor,timed,5,32768,63803583,4,105.997398376,313020728
2,candidate,prefix-512/records,warmup,0,32768,63806934,4,234.028495789,4190418264352
2,candidate,prefix-512/records,timed,1,32768,63806934,4,226.844474792,4190418264352
2,candidate,prefix-512/records,timed,2,32768,63806934,4,229.307495117,4190418264352
2,candidate,prefix-512/records,timed,3,32768,63806934,4,237.175308228,4190418264352
2,candidate,prefix-512/records,timed,4,32768,63806934,4,221.840538025,4190418264352
2,candidate,prefix-512/records,timed,5,32768,63806934,4,233.497932434,4190418264352
2,candidate,prefix-512/merge-disjoint,warmup,0,32768,63870400,2,397.775650024,127673114
2,candidate,prefix-512/merge-disjoint,timed,1,32768,63870400,2,388.962417603,127673114
2,candidate,prefix-512/merge-disjoint,timed,2,32768,63870400,2,392.347335815,127673114
2,candidate,prefix-512/merge-disjoint,timed,3,32768,63870400,2,385.879516602,127673114
2,candidate,prefix-512/merge-disjoint,timed,4,32768,63870400,2,392.508834839,127673114
2,candidate,prefix-512/merge-disjoint,timed,5,32768,63870400,2,385.412841797,127673114
2,candidate,prefix-512/merge-overlap,warmup,0,32768,95829700,2,411.819458008,127673114
2,candidate,prefix-512/merge-overlap,timed,1,32768,95829700,2,417.770385742,127673114
2,candidate,prefix-512/merge-overlap,timed,2,32768,95829700,2,414.2449646,127673114
2,candidate,prefix-512/merge-overlap,timed,3,32768,95829700,2,419.367477417,127673114
2,candidate,prefix-512/merge-overlap,timed,4,32768,95829700,2,440.2059021,127673114
2,candidate,prefix-512/merge-overlap,timed,5,32768,95829700,2,425.252914429,127673114
2,candidate,hash-6/frames,warmup,0,32768,5471471,4,67.9473876953,358780393908
2,candidate,hash-6/frames,timed,1,32768,5471471,4,66.1948547363,358780393908
2,candidate,hash-6/frames,timed,2,32768,5471471,4,65.9341812134,358780393908
2,candidate,hash-6/frames,timed,3,32768,5471471,4,67.4155578613,358780393908
2,candidate,hash-6/frames,timed,4,32768,5471471,4,66.4294586182,358780393908
2,candidate,hash-6/frames,timed,5,32768,5471471,4,63.6771469116,358780393908
2,candidate,hash-6/cursor,warmup,0,32768,5471471,4,136.936508179,28789848
2,candidate,hash-6/cursor,timed,1,32768,5471471,4,138.587631226,28789848
2,candidate,hash-6/cursor,timed,2,32768,5471471,4,139.149345398,28789848
2,candidate,hash-6/cursor,timed,3,32768,5471471,4,133.416809082,28789848
2,candidate,hash-6/cursor,timed,4,32768,5471471,4,138.356521606,28789848
2,candidate,hash-6/cursor,timed,5,32768,5471471,4,133.339241028,28789848
2,candidate,hash-6/records,warmup,0,32768,5514916,4,119.284309387,361637822352
2,candidate,hash-6/records,timed,1,32768,5514916,4,123.214401245,361637822352
2,candidate,hash-6/records,timed,2,32768,5514916,4,122.501693726,361637822352
2,candidate,hash-6/records,timed,3,32768,5514916,4,121.576950073,361637822352
2,candidate,hash-6/records,timed,4,32768,5514916,4,121.341384888,361637822352
2,candidate,hash-6/records,timed,5,32768,5514916,4,122.413322449,361637822352
2,candidate,hash-6/merge-disjoint,warmup,0,32768,5517418,2,400.608703613,11008518
2,candidate,hash-6/merge-disjoint,timed,1,32768,5517418,2,403.580337524,11008518
2,candidate,hash-6/merge-disjoint,timed,2,32768,5517418,2,386.142089844,11008518
2,candidate,hash-6/merge-disjoint,timed,3,32768,5517418,2,390.665054321,11008518
2,candidate,hash-6/merge-disjoint,timed,4,32768,5517418,2,384.686782837,11008518
2,candidate,hash-6/merge-disjoint,timed,5,32768,5517418,2,391.478851318,11008518
2,candidate,hash-6/merge-overlap,warmup,0,32768,8232098,2,425.868347168,11008518
2,candidate,hash-6/merge-overlap,timed,1,32768,8232098,2,423.516601562,11008518
2,candidate,hash-6/merge-overlap,timed,2,32768,8232098,2,426.61920166,11008518
2,candidate,hash-6/merge-overlap,timed,3,32768,8232098,2,425.999313354,11008518
2,candidate,hash-6/merge-overlap,timed,4,32768,8232098,2,424.913406372,11008518
2,candidate,hash-6/merge-overlap,timed,5,32768,8232098,2,428.29196167,11008518
2,candidate,hash-512/frames,warmup,0,32768,68057279,4,67.9276809692,4447512945652
2,candidate,hash-512/frames,timed,1,32768,68057279,4,64.7096633911,4447512945652
2,candidate,hash-512/frames,timed,2,32768,68057279,4,68.4003829956,4447512945652
2,candidate,hash-512/frames,timed,3,32768,68057279,4,70.6392974854,4447512945652
2,candidate,hash-512/frames,timed,4,32768,68057279,4,68.0255889893,4447512945652
2,candidate,hash-512/frames,timed,5,32768,68057279,4,70.6421508789,4447512945652
2,candidate,hash-512/cursor,warmup,0,32768,68057279,4,137.233413696,279133080
2,candidate,hash-512/cursor,timed,1,32768,68057279,4,137.879692078,279133080
2,candidate,hash-512/cursor,timed,2,32768,68057279,4,141.800247192,279133080
2,candidate,hash-512/cursor,timed,3,32768,68057279,4,132.248558044,279133080
2,candidate,hash-512/cursor,timed,4,32768,68057279,4,135.952316284,279133080
2,candidate,hash-512/cursor,timed,5,32768,68057279,4,135.337516785,279133080
2,candidate,hash-512/records,warmup,0,32768,68100724,4,204.550743103,4450153374760
2,candidate,hash-512/records,timed,1,32768,68100724,4,204.260505676,4450153374760
2,candidate,hash-512/records,timed,2,32768,68100724,4,205.291114807,4450153374760
2,candidate,hash-512/records,timed,3,32768,68100724,4,202.791534424,4450153374760
2,candidate,hash-512/records,timed,4,32768,68100724,4,202.900886536,4450153374760
2,candidate,hash-512/records,timed,5,32768,68100724,4,206.408187866,4450153374760
2,candidate,hash-512/merge-disjoint,warmup,0,32768,68103226,2,445.796966553,136180134
2,candidate,hash-512/merge-disjoint,timed,1,32768,68103226,2,437.94631958,136180134
2,candidate,hash-512/merge-disjoint,timed,2,32768,68103226,2,434.879928589,136180134
2,candidate,hash-512/merge-disjoint,timed,3,32768,68103226,2,428.503036499,136180134
2,candidate,hash-512/merge-disjoint,timed,4,32768,68103226,2,435.234710693,136180134
2,candidate,hash-512/merge-disjoint,timed,5,32768,68103226,2,427.34274292,136180134
2,candidate,hash-512/merge-overlap,warmup,0,32768,102169834,2,454.183578491,136180134
2,candidate,hash-512/merge-overlap,timed,1,32768,102169834,2,461.364746094,136180134
2,candidate,hash-512/merge-overlap,timed,2,32768,102169834,2,458.697006226,136180134
2,candidate,hash-512/merge-overlap,timed,3,32768,102169834,2,457.078292847,136180134
2,candidate,hash-512/merge-overlap,timed,4,32768,102169834,2,482.037857056,136180134
2,candidate,hash-512/merge-overlap,timed,5,32768,102169834,2,479.522064209,136180134
