trial,variant,operation,bits,source_offset,iterations,ns,checksum,encoding
0,baseline,order_and_lcp,64,0,131072,28.9278,8339456,0
0,baseline,order_and_lcp_early,64,0,131072,5.51669,131072,0
0,baseline,copy_to_aligned,64,0,131072,4.61705,14951330,10612444265752500643
0,baseline,copy_to_shifted,64,0,131072,131.742,18885030,16857641075921078406
0,baseline,front_order_and_lcp,64,0,131072,9.39465,999424,0
0,baseline,order_and_lcp,65,3,129055,160.426,8388576,0
0,baseline,order_and_lcp_early,65,3,129055,4.02412,129056,0
0,baseline,copy_to_aligned,65,3,129055,100.589,15298147,1059025378906581750
0,baseline,copy_to_shifted,65,3,129055,94.2479,15909312,14652123482455320431
0,baseline,order_and_lcp,512,0,16384,77.268,8386560,0
0,baseline,order_and_lcp_early,512,0,32768,3.08356,32768,0
0,baseline,copy_to_aligned,512,0,16384,2.76184,2040894,7487872683394423460
0,baseline,copy_to_shifted,512,0,16384,950.918,2151827,5695700198866017487
0,baseline,front_order_and_lcp,512,0,16384,39.7339,1046528,0
0,baseline,order_and_lcp,513,3,16352,996.02,8384488,0
0,baseline,order_and_lcp_early,513,3,32768,3.4841,32768,0
0,baseline,copy_to_aligned,513,3,16352,966.826,2033532,13549540094830414013
0,baseline,copy_to_shifted,513,3,16352,948.35,2025212,1277971867292287276
0,baseline,order_and_lcp,32768,0,512,4590.17,16777216,0
0,baseline,order_and_lcp_early,32768,0,32768,3.09497,32768,0
0,baseline,copy_to_aligned,32768,0,512,59.5703,65095,15697443229824947228
0,baseline,copy_to_shifted,32768,0,512,102171,70873,1340222264216771497
0,baseline,front_order_and_lcp,32768,0,512,2540.85,2097152,0
0,baseline,order_and_lcp,32769,3,512,63775.6,16777728,0
0,baseline,order_and_lcp_early,32769,3,32768,3.45358,32768,0
0,baseline,copy_to_aligned,32769,3,512,115642,64572,810501865908961312
0,baseline,copy_to_shifted,32769,3,512,104750,64487,17401643773666152548
0,baseline,read_count,4,0,932067,12.6713,6495309,14010549057497394684
0,baseline,write_count,4,0,932067,24.0939,5250149,498868200249582186
0,baseline,read_count,4,3,932067,12.4274,6495309,10667692899381957720
0,baseline,write_count,4,3,932067,23.8884,5250152,14011927138326259588
0,baseline,read_count,32,0,129055,117.69,292137550098970,15992147686396580461
0,baseline,write_count,32,0,129055,276,7873361,17611553731688309647
0,baseline,read_count,32,3,129055,119.233,292137550098970,9259898799459493243
0,baseline,write_count,32,3,129055,275.077,7873364,12531968474777650863
0,baseline,read_count,64,0,65027,254.858,12932659232303659454,13903021642346100837
0,baseline,write_count,64,0,65027,568.201,8142099,14472678928554734552
0,baseline,read_count,64,3,65027,253.219,12932659232303659454,17979108500666303179
0,baseline,write_count,64,3,65027,565.903,8142102,11837154818368746539
0,baseline,byte_profile_build,64,0,85,58370.6,748425,11286371320756095183
0,baseline,byte_profile_reconstruct,64,0,87381,1417.62,11160646,11286371320756095183
0,baseline,bit_profile_build,64,0,85,151188,610810,10385998864525922025
0,baseline,bit_profile_reconstruct,64,0,87381,4549.8,5586176,10385998864525922025
0,baseline,byte_profile_build,1024,0,7,212673,62748,11996937336128258274
0,baseline,byte_profile_reconstruct,1024,0,7943,12675.3,1012034,11996937336128258274
0,baseline,bit_profile_build,1024,0,7,290321,51303,8959399144852600447
0,baseline,bit_profile_reconstruct,1024,0,7943,46589.2,514304,8959399144852600447
0,candidate,order_and_lcp,64,0,131072,11.0572,8339456,0
0,candidate,order_and_lcp_early,64,0,131072,5.15015,131072,0
0,candidate,copy_to_aligned,64,0,131072,3.61792,14951330,10612444265752500643
0,candidate,copy_to_shifted,64,0,131072,35.6471,18885030,16857641075921078406
0,candidate,front_order_and_lcp,64,0,131072,3.02441,999424,0
0,candidate,order_and_lcp,65,3,129055,20.7108,8388576,0
0,candidate,order_and_lcp_early,65,3,129055,4.61076,129056,0
0,candidate,copy_to_aligned,65,3,129055,7.33827,15298147,1059025378906581750
0,candidate,copy_to_shifted,65,3,129055,12.5857,15909312,14652123482455320431
0,candidate,order_and_lcp,512,0,16384,13.0997,8386560,0
0,candidate,order_and_lcp_early,512,0,32768,4.59799,32768,0
0,candidate,copy_to_aligned,512,0,16384,4.1275,2040894,7487872683394423460
0,candidate,copy_to_shifted,512,0,16384,43.3452,2151827,5695700198866017487
0,candidate,front_order_and_lcp,512,0,16384,7.59637,1046528,0
0,candidate,order_and_lcp,513,3,16352,71.1279,8384488,0
0,candidate,order_and_lcp_early,513,3,32768,5.38635,32768,0
0,candidate,copy_to_aligned,513,3,16352,18.2979,2033532,13549540094830414013
0,candidate,copy_to_shifted,513,3,16352,15.3091,2025212,1277971867292287276
0,candidate,order_and_lcp,32768,0,512,330.811,16777216,0
0,candidate,order_and_lcp_early,32768,0,32768,4.84467,32768,0
0,candidate,copy_to_aligned,32768,0,512,66.6504,65095,15697443229824947228
0,candidate,copy_to_shifted,32768,0,512,608.643,70873,1340222264216771497
0,candidate,front_order_and_lcp,32768,0,512,318.197,2097152,0
0,candidate,order_and_lcp,32769,3,512,3617.84,16777728,0
0,candidate,order_and_lcp_early,32769,3,32768,4.50262,32768,0
0,candidate,copy_to_aligned,32769,3,512,568.197,64572,810501865908961312
0,candidate,copy_to_shifted,32769,3,512,70.3945,64487,17401643773666152548
0,candidate,read_count,4,0,932067,5.10215,6495309,14010549057497394684
0,candidate,write_count,4,0,932067,6.01964,5250149,498868200249582186
0,candidate,read_count,4,3,932067,4.87983,6495309,10667692899381957720
0,candidate,write_count,4,3,932067,5.74762,5250152,14011927138326259588
0,candidate,read_count,32,0,129055,7.24626,292137550098970,15992147686396580461
0,candidate,write_count,32,0,129055,13.9711,7873361,17611553731688309647
0,candidate,read_count,32,3,129055,7.50196,292137550098970,9259898799459493243
0,candidate,write_count,32,3,129055,14.8264,7873364,12531968474777650863
0,candidate,read_count,64,0,65027,4.47699,12932659232303659454,13903021642346100837
0,candidate,write_count,64,0,65027,19.7456,8142099,14472678928554734552
0,candidate,read_count,64,3,65027,4.38024,12932659232303659454,17979108500666303179
0,candidate,write_count,64,3,65027,19.3426,8142102,11837154818368746539
0,candidate,byte_profile_build,64,0,85,38566.7,748425,11286371320756095183
0,candidate,byte_profile_reconstruct,64,0,87381,1414.69,11160646,11286371320756095183
0,candidate,bit_profile_build,64,0,85,64763.7,610810,10385998864525922025
0,candidate,bit_profile_reconstruct,64,0,87381,4199.93,5586176,10385998864525922025
0,candidate,byte_profile_build,1024,0,7,47434.6,62748,11996937336128258274
0,candidate,byte_profile_reconstruct,1024,0,7943,12763.3,1012034,11996937336128258274
0,candidate,bit_profile_build,1024,0,7,64470.3,51303,8959399144852600447
0,candidate,bit_profile_reconstruct,1024,0,7943,41716.1,514304,8959399144852600447
1,candidate,order_and_lcp,64,0,131072,7.77849,8339456,0
1,candidate,order_and_lcp_early,64,0,131072,3.67641,131072,0
1,candidate,copy_to_aligned,64,0,131072,2.66361,14951330,10612444265752500643
1,candidate,copy_to_shifted,64,0,131072,26.8269,18885030,16857641075921078406
1,candidate,front_order_and_lcp,64,0,131072,2.06184,999424,0
1,candidate,order_and_lcp,65,3,129055,15.8763,8388576,0
1,candidate,order_and_lcp_early,65,3,129055,3.85204,129056,0
1,candidate,copy_to_aligned,65,3,129055,5.88476,15298147,1059025378906581750
1,candidate,copy_to_shifted,65,3,129055,10.0438,15909312,14652123482455320431
1,candidate,order_and_lcp,512,0,16384,10.2946,8386560,0
1,candidate,order_and_lcp_early,512,0,32768,3.67737,32768,0
1,candidate,copy_to_aligned,512,0,16384,3.29846,2040894,7487872683394423460
1,candidate,copy_to_shifted,512,0,16384,33.3608,2151827,5695700198866017487
1,candidate,front_order_and_lcp,512,0,16384,5.88226,1046528,0
1,candidate,order_and_lcp,513,3,16352,53.7371,8384488,0
1,candidate,order_and_lcp_early,513,3,32768,3.6799,32768,0
1,candidate,copy_to_aligned,513,3,16352,12.5928,2033532,13549540094830414013
1,candidate,copy_to_shifted,513,3,16352,11.5735,2025212,1277971867292287276
1,candidate,order_and_lcp,32768,0,512,242.188,16777216,0
1,candidate,order_and_lcp_early,32768,0,32768,3.67609,32768,0
1,candidate,copy_to_aligned,32768,0,512,50.6992,65095,15697443229824947228
1,candidate,copy_to_shifted,32768,0,512,504.314,70873,1340222264216771497
1,candidate,front_order_and_lcp,32768,0,512,243.326,2097152,0
1,candidate,order_and_lcp,32769,3,512,2830.97,16777728,0
1,candidate,order_and_lcp_early,32769,3,32768,4.02832,32768,0
1,candidate,copy_to_aligned,32769,3,512,479.248,64572,810501865908961312
1,candidate,copy_to_shifted,32769,3,512,56.6406,64487,17401643773666152548
1,candidate,read_count,4,0,932067,4.32886,6495309,14010549057497394684
1,candidate,write_count,4,0,932067,5.35825,5250149,498868200249582186
1,candidate,read_count,4,3,932067,4.39574,6495309,10667692899381957720
1,candidate,write_count,4,3,932067,5.27707,5250152,14011927138326259588
1,candidate,read_count,32,0,129055,6.22667,292137550098970,15992147686396580461
1,candidate,write_count,32,0,129055,13.0903,7873361,17611553731688309647
1,candidate,read_count,32,3,129055,6.53016,292137550098970,9259898799459493243
1,candidate,write_count,32,3,129055,13.0613,7873364,12531968474777650863
1,candidate,read_count,64,0,65027,4.26746,12932659232303659454,13903021642346100837
1,candidate,write_count,64,0,65027,19.6053,8142099,14472678928554734552
1,candidate,read_count,64,3,65027,4.13611,12932659232303659454,17979108500666303179
1,candidate,write_count,64,3,65027,19.4721,8142102,11837154818368746539
1,candidate,byte_profile_build,64,0,85,37207.8,748425,11286371320756095183
1,candidate,byte_profile_reconstruct,64,0,87381,1404.41,11160646,11286371320756095183
1,candidate,bit_profile_build,64,0,85,60479.9,610810,10385998864525922025
1,candidate,bit_profile_reconstruct,64,0,87381,4136.84,5586176,10385998864525922025
1,candidate,byte_profile_build,1024,0,7,45339.3,62748,11996937336128258274
1,candidate,byte_profile_reconstruct,1024,0,7943,12767.4,1012034,11996937336128258274
1,candidate,bit_profile_build,1024,0,7,69964.3,51303,8959399144852600447
1,candidate,bit_profile_reconstruct,1024,0,7943,41673.1,514304,8959399144852600447
1,baseline,order_and_lcp,64,0,131072,14.7924,8339456,0
1,baseline,order_and_lcp_early,64,0,131072,2.95353,131072,0
1,baseline,copy_to_aligned,64,0,131072,2.642,14951330,10612444265752500643
1,baseline,copy_to_shifted,64,0,131072,83.367,18885030,16857641075921078406
1,baseline,front_order_and_lcp,64,0,131072,6.19698,999424,0
1,baseline,order_and_lcp,65,3,129055,123.176,8388576,0
1,baseline,order_and_lcp_early,65,3,129055,3.39262,129056,0
1,baseline,copy_to_aligned,65,3,129055,83.8154,15298147,1059025378906581750
1,baseline,copy_to_shifted,65,3,129055,83.5564,15909312,14652123482455320431
1,baseline,order_and_lcp,512,0,16384,69.8344,8386560,0
1,baseline,order_and_lcp_early,512,0,32768,2.95514,32768,0
1,baseline,copy_to_aligned,512,0,16384,2.64227,2040894,7487872683394423460
1,baseline,copy_to_shifted,512,0,16384,954.252,2151827,5695700198866017487
1,baseline,front_order_and_lcp,512,0,16384,41.4098,1046528,0
1,baseline,order_and_lcp,513,3,16352,967.048,8384488,0
1,baseline,order_and_lcp_early,513,3,32768,3.42432,32768,0
1,baseline,copy_to_aligned,513,3,16352,1003.56,2033532,13549540094830414013
1,baseline,copy_to_shifted,513,3,16352,983.447,2025212,1277971867292287276
1,baseline,order_and_lcp,32768,0,512,4659.67,16777216,0
1,baseline,order_and_lcp_early,32768,0,32768,3.09753,32768,0
1,baseline,copy_to_aligned,32768,0,512,51.3496,65095,15697443229824947228
1,baseline,copy_to_shifted,32768,0,512,105005,70873,1340222264216771497
1,baseline,front_order_and_lcp,32768,0,512,2783.61,2097152,0
1,baseline,order_and_lcp,32769,3,512,62964.4,16777728,0
1,baseline,order_and_lcp_early,32769,3,32768,3.45102,32768,0
1,baseline,copy_to_aligned,32769,3,512,108772,64572,810501865908961312
1,baseline,copy_to_shifted,32769,3,512,99465.9,64487,17401643773666152548
1,baseline,read_count,4,0,932067,12.1732,6495309,14010549057497394684
1,baseline,write_count,4,0,932067,23.6625,5250149,498868200249582186
1,baseline,read_count,4,3,932067,12.3517,6495309,10667692899381957720
1,baseline,write_count,4,3,932067,23.837,5250152,14011927138326259588
1,baseline,read_count,32,0,129055,117.014,292137550098970,15992147686396580461
1,baseline,write_count,32,0,129055,271.332,7873361,17611553731688309647
1,baseline,read_count,32,3,129055,117.953,292137550098970,9259898799459493243
1,baseline,write_count,32,3,129055,270.573,7873364,12531968474777650863
1,baseline,read_count,64,0,65027,249.099,12932659232303659454,13903021642346100837
1,baseline,write_count,64,0,65027,555.042,8142099,14472678928554734552
1,baseline,read_count,64,3,65027,251.707,12932659232303659454,17979108500666303179
1,baseline,write_count,64,3,65027,558.076,8142102,11837154818368746539
1,baseline,byte_profile_build,64,0,85,59724.5,748425,11286371320756095183
1,baseline,byte_profile_reconstruct,64,0,87381,1406.79,11160646,11286371320756095183
1,baseline,bit_profile_build,64,0,85,148525,610810,10385998864525922025
1,baseline,bit_profile_reconstruct,64,0,87381,4548.16,5586176,10385998864525922025
1,baseline,byte_profile_build,1024,0,7,214458,62748,11996937336128258274
1,baseline,byte_profile_reconstruct,1024,0,7943,12859.5,1012034,11996937336128258274
1,baseline,bit_profile_build,1024,0,7,314899,51303,8959399144852600447
1,baseline,bit_profile_reconstruct,1024,0,7943,46639.9,514304,8959399144852600447
2,baseline,order_and_lcp,64,0,131072,15.1927,8339456,0
2,baseline,order_and_lcp_early,64,0,131072,3.08037,131072,0
2,baseline,copy_to_aligned,64,0,131072,2.76121,14951330,10612444265752500643
2,baseline,copy_to_shifted,64,0,131072,86.4283,18885030,16857641075921078406
2,baseline,front_order_and_lcp,64,0,131072,6.43889,999424,0
2,baseline,order_and_lcp,65,3,129055,120.969,8388576,0
2,baseline,order_and_lcp_early,65,3,129055,3.66446,129056,0
2,baseline,copy_to_aligned,65,3,129055,84.8705,15298147,1059025378906581750
2,baseline,copy_to_shifted,65,3,129055,85.3089,15909312,14652123482455320431
2,baseline,order_and_lcp,512,0,16384,71.4874,8386560,0
2,baseline,order_and_lcp_early,512,0,32768,3.38998,32768,0
2,baseline,copy_to_aligned,512,0,16384,3.38239,2040894,7487872683394423460
2,baseline,copy_to_shifted,512,0,16384,958.183,2151827,5695700198866017487
2,baseline,front_order_and_lcp,512,0,16384,39.9348,1046528,0
2,baseline,order_and_lcp,513,3,16352,985.598,8384488,0
2,baseline,order_and_lcp_early,513,3,32768,3.59088,32768,0
2,baseline,copy_to_aligned,513,3,16352,927.914,2033532,13549540094830414013
2,baseline,copy_to_shifted,513,3,16352,959.35,2025212,1277971867292287276
2,baseline,order_and_lcp,32768,0,512,4612.3,16777216,0
2,baseline,order_and_lcp_early,32768,0,32768,3.09119,32768,0
2,baseline,copy_to_aligned,32768,0,512,51.5938,65095,15697443229824947228
2,baseline,copy_to_shifted,32768,0,512,105276,70873,1340222264216771497
2,baseline,front_order_and_lcp,32768,0,512,2811.77,2097152,0
2,baseline,order_and_lcp,32769,3,512,64131.8,16777728,0
2,baseline,order_and_lcp_early,32769,3,32768,3.44467,32768,0
2,baseline,copy_to_aligned,32769,3,512,117083,64572,810501865908961312
2,baseline,copy_to_shifted,32769,3,512,105338,64487,17401643773666152548
2,baseline,read_count,4,0,932067,12.1388,6495309,14010549057497394684
2,baseline,write_count,4,0,932067,24.4303,5250149,498868200249582186
2,baseline,read_count,4,3,932067,12.1775,6495309,10667692899381957720
2,baseline,write_count,4,3,932067,23.231,5250152,14011927138326259588
2,baseline,read_count,32,0,129055,118.967,292137550098970,15992147686396580461
2,baseline,write_count,32,0,129055,273.162,7873361,17611553731688309647
2,baseline,read_count,32,3,129055,117.493,292137550098970,9259898799459493243
2,baseline,write_count,32,3,129055,275.865,7873364,12531968474777650863
2,baseline,read_count,64,0,65027,254.373,12932659232303659454,13903021642346100837
2,baseline,write_count,64,0,65027,546.769,8142099,14472678928554734552
2,baseline,read_count,64,3,65027,249.262,12932659232303659454,17979108500666303179
2,baseline,write_count,64,3,65027,559.058,8142102,11837154818368746539
2,baseline,byte_profile_build,64,0,85,61222.1,748425,11286371320756095183
2,baseline,byte_profile_reconstruct,64,0,87381,1411.5,11160646,11286371320756095183
2,baseline,bit_profile_build,64,0,85,152800,610810,10385998864525922025
2,baseline,bit_profile_reconstruct,64,0,87381,4565.08,5586176,10385998864525922025
2,baseline,byte_profile_build,1024,0,7,226292,62748,11996937336128258274
2,baseline,byte_profile_reconstruct,1024,0,7943,12914,1012034,11996937336128258274
2,baseline,bit_profile_build,1024,0,7,311982,51303,8959399144852600447
2,baseline,bit_profile_reconstruct,1024,0,7943,46775.7,514304,8959399144852600447
2,candidate,order_and_lcp,64,0,131072,7.77912,8339456,0
2,candidate,order_and_lcp_early,64,0,131072,3.67514,131072,0
2,candidate,copy_to_aligned,64,0,131072,2.66075,14951330,10612444265752500643
2,candidate,copy_to_shifted,64,0,131072,26.8542,18885030,16857641075921078406
2,candidate,front_order_and_lcp,64,0,131072,2.12447,999424,0
2,candidate,order_and_lcp,65,3,129055,16.543,8388576,0
2,candidate,order_and_lcp_early,65,3,129055,3.76519,129056,0
2,candidate,copy_to_aligned,65,3,129055,6.36776,15298147,1059025378906581750
2,candidate,copy_to_shifted,65,3,129055,10.6202,15909312,14652123482455320431
2,candidate,order_and_lcp,512,0,16384,11.116,8386560,0
2,candidate,order_and_lcp_early,512,0,32768,3.67484,32768,0
2,candidate,copy_to_aligned,512,0,16384,3.51459,2040894,7487872683394423460
2,candidate,copy_to_shifted,512,0,16384,34.6603,2151827,5695700198866017487
2,candidate,front_order_and_lcp,512,0,16384,5.88226,1046528,0
2,candidate,order_and_lcp,513,3,16352,54.2773,8384488,0
2,candidate,order_and_lcp_early,513,3,32768,3.97491,32768,0
2,candidate,copy_to_aligned,513,3,16352,12.5621,2033532,13549540094830414013
2,candidate,copy_to_shifted,513,3,16352,11.5786,2025212,1277971867292287276
2,candidate,order_and_lcp,32768,0,512,241.619,16777216,0
2,candidate,order_and_lcp_early,32768,0,32768,3.67609,32768,0
2,candidate,copy_to_aligned,32768,0,512,50.7012,65095,15697443229824947228
2,candidate,copy_to_shifted,32768,0,512,488.525,70873,1340222264216771497
2,candidate,front_order_and_lcp,32768,0,512,232.096,2097152,0
2,candidate,order_and_lcp,32769,3,512,2887.86,16777728,0
2,candidate,order_and_lcp_early,32769,3,32768,7.48572,32768,0
2,candidate,copy_to_aligned,32769,3,512,484.537,64572,810501865908961312
2,candidate,copy_to_shifted,32769,3,512,64.6973,64487,17401643773666152548
2,candidate,read_count,4,0,932067,4.5126,6495309,14010549057497394684
2,candidate,write_count,4,0,932067,5.84181,5250149,498868200249582186
2,candidate,read_count,4,3,932067,4.43575,6495309,10667692899381957720
2,candidate,write_count,4,3,932067,5.93739,5250152,14011927138326259588
2,candidate,read_count,32,0,129055,6.46753,292137550098970,15992147686396580461
2,candidate,write_count,32,0,129055,13.1546,7873361,17611553731688309647
2,candidate,read_count,32,3,129055,6.61475,292137550098970,9259898799459493243
2,candidate,write_count,32,3,129055,13.5717,7873364,12531968474777650863
2,candidate,read_count,64,0,65027,4.29821,12932659232303659454,13903021642346100837
2,candidate,write_count,64,0,65027,20.494,8142099,14472678928554734552
2,candidate,read_count,64,3,65027,4.33603,12932659232303659454,17979108500666303179
2,candidate,write_count,64,3,65027,19.6976,8142102,11837154818368746539
2,candidate,byte_profile_build,64,0,85,38582.4,748425,11286371320756095183
2,candidate,byte_profile_reconstruct,64,0,87381,1414.64,11160646,11286371320756095183
2,candidate,bit_profile_build,64,0,85,60762.7,610810,10385998864525922025
2,candidate,bit_profile_reconstruct,64,0,87381,4194.92,5586176,10385998864525922025
2,candidate,byte_profile_build,1024,0,7,53601.1,62748,11996937336128258274
2,candidate,byte_profile_reconstruct,1024,0,7943,12733.8,1012034,11996937336128258274
2,candidate,bit_profile_build,1024,0,7,76214.3,51303,8959399144852600447
2,candidate,bit_profile_reconstruct,1024,0,7943,42014.4,514304,8959399144852600447
3,candidate,order_and_lcp,64,0,131072,8.27249,8339456,0
3,candidate,order_and_lcp_early,64,0,131072,3.88082,131072,0
3,candidate,copy_to_aligned,64,0,131072,2.75644,14951330,10612444265752500643
3,candidate,copy_to_shifted,64,0,131072,28.4271,18885030,16857641075921078406
3,candidate,front_order_and_lcp,64,0,131072,2.06089,999424,0
3,candidate,order_and_lcp,65,3,129055,17.0296,8388576,0
3,candidate,order_and_lcp_early,65,3,129055,3.8162,129056,0
3,candidate,copy_to_aligned,65,3,129055,5.86636,15298147,1059025378906581750
3,candidate,copy_to_shifted,65,3,129055,10.102,15909312,14652123482455320431
3,candidate,order_and_lcp,512,0,16384,10.2921,8386560,0
3,candidate,order_and_lcp_early,512,0,32768,3.67612,32768,0
3,candidate,copy_to_aligned,512,0,16384,3.29846,2040894,7487872683394423460
3,candidate,copy_to_shifted,512,0,16384,33.6508,2151827,5695700198866017487
3,candidate,front_order_and_lcp,512,0,16384,6.32733,1046528,0
3,candidate,order_and_lcp,513,3,16352,54.662,8384488,0
3,candidate,order_and_lcp_early,513,3,32768,3.69388,32768,0
3,candidate,copy_to_aligned,513,3,16352,12.8603,2033532,13549540094830414013
3,candidate,copy_to_shifted,513,3,16352,11.5837,2025212,1277971867292287276
3,candidate,order_and_lcp,32768,0,512,265.625,16777216,0
3,candidate,order_and_lcp_early,32768,0,32768,4.30807,32768,0
3,candidate,copy_to_aligned,32768,0,512,50.6191,65095,15697443229824947228
3,candidate,copy_to_shifted,32768,0,512,490.234,70873,1340222264216771497
3,candidate,front_order_and_lcp,32768,0,512,239.014,2097152,0
3,candidate,order_and_lcp,32769,3,512,2906.33,16777728,0
3,candidate,order_and_lcp_early,32769,3,32768,4.13132,32768,0
3,candidate,copy_to_aligned,32769,3,512,506.184,64572,810501865908961312
3,candidate,copy_to_shifted,32769,3,512,55.9902,64487,17401643773666152548
3,candidate,read_count,4,0,932067,4.36896,6495309,14010549057497394684
3,candidate,write_count,4,0,932067,5.48517,5250149,498868200249582186
3,candidate,read_count,4,3,932067,4.50906,6495309,10667692899381957720
3,candidate,write_count,4,3,932067,5.49066,5250152,14011927138326259588
3,candidate,read_count,32,0,129055,6.84915,292137550098970,15992147686396580461
3,candidate,write_count,32,0,129055,13.8481,7873361,17611553731688309647
3,candidate,read_count,32,3,129055,6.5024,292137550098970,9259898799459493243
3,candidate,write_count,32,3,129055,13.4316,7873364,12531968474777650863
3,candidate,read_count,64,0,65027,4.1188,12932659232303659454,13903021642346100837
3,candidate,write_count,64,0,65027,18.9908,8142099,14472678928554734552
3,candidate,read_count,64,3,65027,4.28797,12932659232303659454,17979108500666303179
3,candidate,write_count,64,3,65027,19.8552,8142102,11837154818368746539
3,candidate,byte_profile_build,64,0,85,38357.4,748425,11286371320756095183
3,candidate,byte_profile_reconstruct,64,0,87381,1432.83,11160646,11286371320756095183
3,candidate,bit_profile_build,64,0,85,63490.7,610810,10385998864525922025
3,candidate,bit_profile_reconstruct,64,0,87381,5054.81,5586176,10385998864525922025
3,candidate,byte_profile_build,1024,0,7,43482.1,62748,11996937336128258274
3,candidate,byte_profile_reconstruct,1024,0,7943,12840.4,1012034,11996937336128258274
3,candidate,bit_profile_build,1024,0,7,69261.9,51303,8959399144852600447
3,candidate,bit_profile_reconstruct,1024,0,7943,41300.2,514304,8959399144852600447
3,baseline,order_and_lcp,64,0,131072,14.6364,8339456,0
3,baseline,order_and_lcp_early,64,0,131072,2.95448,131072,0
3,baseline,copy_to_aligned,64,0,131072,2.64168,14951330,10612444265752500643
3,baseline,copy_to_shifted,64,0,131072,85.9804,18885030,16857641075921078406
3,baseline,front_order_and_lcp,64,0,131072,6.33717,999424,0
3,baseline,order_and_lcp,65,3,129055,122.149,8388576,0
3,baseline,order_and_lcp_early,65,3,129055,3.59827,129056,0
3,baseline,copy_to_aligned,65,3,129055,86.9629,15298147,1059025378906581750
3,baseline,copy_to_shifted,65,3,129055,85.8284,15909312,14652123482455320431
3,baseline,order_and_lcp,512,0,16384,70.8364,8386560,0
3,baseline,order_and_lcp_early,512,0,32768,3.04666,32768,0
3,baseline,copy_to_aligned,512,0,16384,2.64233,2040894,7487872683394423460
3,baseline,copy_to_shifted,512,0,16384,972.842,2151827,5695700198866017487
3,baseline,front_order_and_lcp,512,0,16384,40.1509,1046528,0
3,baseline,order_and_lcp,513,3,16352,986.811,8384488,0
3,baseline,order_and_lcp_early,513,3,32768,3.48663,32768,0
3,baseline,copy_to_aligned,513,3,16352,956.491,2033532,13549540094830414013
3,baseline,copy_to_shifted,513,3,16352,937.123,2025212,1277971867292287276
3,baseline,order_and_lcp,32768,0,512,4632.89,16777216,0
3,baseline,order_and_lcp_early,32768,0,32768,3.09244,32768,0
3,baseline,copy_to_aligned,32768,0,512,60.3848,65095,15697443229824947228
3,baseline,copy_to_shifted,32768,0,512,103646,70873,1340222264216771497
3,baseline,front_order_and_lcp,32768,0,512,2604.41,2097152,0
3,baseline,order_and_lcp,32769,3,512,63983.4,16777728,0
3,baseline,order_and_lcp_early,32769,3,32768,3.59726,32768,0
3,baseline,copy_to_aligned,32769,3,512,117824,64572,810501865908961312
3,baseline,copy_to_shifted,32769,3,512,106759,64487,17401643773666152548
3,baseline,read_count,4,0,932067,11.9499,6495309,14010549057497394684
3,baseline,write_count,4,0,932067,23.8031,5250149,498868200249582186
3,baseline,read_count,4,3,932067,12.3276,6495309,10667692899381957720
3,baseline,write_count,4,3,932067,24.0261,5250152,14011927138326259588
3,baseline,read_count,32,0,129055,118.896,292137550098970,15992147686396580461
3,baseline,write_count,32,0,129055,277.502,7873361,17611553731688309647
3,baseline,read_count,32,3,129055,117.97,292137550098970,9259898799459493243
3,baseline,write_count,32,3,129055,283.329,7873364,12531968474777650863
3,baseline,read_count,64,0,65027,251.572,12932659232303659454,13903021642346100837
3,baseline,write_count,64,0,65027,572.141,8142099,14472678928554734552
3,baseline,read_count,64,3,65027,247.816,12932659232303659454,17979108500666303179
3,baseline,write_count,64,3,65027,564.988,8142102,11837154818368746539
3,baseline,byte_profile_build,64,0,85,60084.3,748425,11286371320756095183
3,baseline,byte_profile_reconstruct,64,0,87381,1441.51,11160646,11286371320756095183
3,baseline,bit_profile_build,64,0,85,149250,610810,10385998864525922025
3,baseline,bit_profile_reconstruct,64,0,87381,4515.02,5586176,10385998864525922025
3,baseline,byte_profile_build,1024,0,7,207601,62748,11996937336128258274
3,baseline,byte_profile_reconstruct,1024,0,7943,12649.1,1012034,11996937336128258274
3,baseline,bit_profile_build,1024,0,7,310274,51303,8959399144852600447
3,baseline,bit_profile_reconstruct,1024,0,7943,46886.7,514304,8959399144852600447
4,baseline,order_and_lcp,64,0,131072,15.192,8339456,0
4,baseline,order_and_lcp_early,64,0,131072,3.08672,131072,0
4,baseline,copy_to_aligned,64,0,131072,2.76057,14951330,10612444265752500643
4,baseline,copy_to_shifted,64,0,131072,86.9834,18885030,16857641075921078406
4,baseline,front_order_and_lcp,64,0,131072,6.69479,999424,0
4,baseline,order_and_lcp,65,3,129055,125.713,8388576,0
4,baseline,order_and_lcp_early,65,3,129055,3.56437,129056,0
4,baseline,copy_to_aligned,65,3,129055,89.2423,15298147,1059025378906581750
4,baseline,copy_to_shifted,65,3,129055,88.1452,15909312,14652123482455320431
4,baseline,order_and_lcp,512,0,16384,74.8393,8386560,0
4,baseline,order_and_lcp_early,512,0,32768,3.09119,32768,0
4,baseline,copy_to_aligned,512,0,16384,2.76184,2040894,7487872683394423460
4,baseline,copy_to_shifted,512,0,16384,935.135,2151827,5695700198866017487
4,baseline,front_order_and_lcp,512,0,16384,42.7348,1046528,0
4,baseline,order_and_lcp,513,3,16352,993.095,8384488,0
4,baseline,order_and_lcp_early,513,3,32768,3.62396,32768,0
4,baseline,copy_to_aligned,513,3,16352,927.063,2033532,13549540094830414013
4,baseline,copy_to_shifted,513,3,16352,983.3,2025212,1277971867292287276
4,baseline,order_and_lcp,32768,0,512,4805.1,16777216,0
4,baseline,order_and_lcp_early,32768,0,32768,3.14203,32768,0
4,baseline,copy_to_aligned,32768,0,512,51.4316,65095,15697443229824947228
4,baseline,copy_to_shifted,32768,0,512,108211,70873,1340222264216771497
4,baseline,front_order_and_lcp,32768,0,512,2646.24,2097152,0
4,baseline,order_and_lcp,32769,3,512,64909.9,16777728,0
4,baseline,order_and_lcp_early,32769,3,32768,3.74731,32768,0
4,baseline,copy_to_aligned,32769,3,512,118156,64572,810501865908961312
4,baseline,copy_to_shifted,32769,3,512,112352,64487,17401643773666152548
4,baseline,read_count,4,0,932067,12.424,6495309,14010549057497394684
4,baseline,write_count,4,0,932067,25.0707,5250149,498868200249582186
4,baseline,read_count,4,3,932067,12.4417,6495309,10667692899381957720
4,baseline,write_count,4,3,932067,24.6056,5250152,14011927138326259588
4,baseline,read_count,32,0,129055,122.071,292137550098970,15992147686396580461
4,baseline,write_count,32,0,129055,280.696,7873361,17611553731688309647
4,baseline,read_count,32,3,129055,120.862,292137550098970,9259898799459493243
4,baseline,write_count,32,3,129055,279.945,7873364,12531968474777650863
4,baseline,read_count,64,0,65027,257.715,12932659232303659454,13903021642346100837
4,baseline,write_count,64,0,65027,565.042,8142099,14472678928554734552
4,baseline,read_count,64,3,65027,252.34,12932659232303659454,17979108500666303179
4,baseline,write_count,64,3,65027,560.668,8142102,11837154818368746539
4,baseline,byte_profile_build,64,0,85,59994.6,748425,11286371320756095183
4,baseline,byte_profile_reconstruct,64,0,87381,1417.29,11160646,11286371320756095183
4,baseline,bit_profile_build,64,0,85,149619,610810,10385998864525922025
4,baseline,bit_profile_reconstruct,64,0,87381,4504.26,5586176,10385998864525922025
4,baseline,byte_profile_build,1024,0,7,211256,62748,11996937336128258274
4,baseline,byte_profile_reconstruct,1024,0,7943,12589.4,1012034,11996937336128258274
4,baseline,bit_profile_build,1024,0,7,309238,51303,8959399144852600447
4,baseline,bit_profile_reconstruct,1024,0,7943,46380.5,514304,8959399144852600447
4,candidate,order_and_lcp,64,0,131072,7.89038,8339456,0
4,candidate,order_and_lcp_early,64,0,131072,3.72982,131072,0
4,candidate,copy_to_aligned,64,0,131072,2.69953,14951330,10612444265752500643
4,candidate,copy_to_shifted,64,0,131072,27.2086,18885030,16857641075921078406
4,candidate,front_order_and_lcp,64,0,131072,2.09141,999424,0
4,candidate,order_and_lcp,65,3,129055,16.727,8388576,0
4,candidate,order_and_lcp_early,65,3,129055,3.7752,129056,0
4,candidate,copy_to_aligned,65,3,129055,5.90833,15298147,1059025378906581750
4,candidate,copy_to_shifted,65,3,129055,10.6279,15909312,14652123482455320431
4,candidate,order_and_lcp,512,0,16384,10.5006,8386560,0
4,candidate,order_and_lcp_early,512,0,32768,4.65646,32768,0
4,candidate,copy_to_aligned,512,0,16384,3.44598,2040894,7487872683394423460
4,candidate,copy_to_shifted,512,0,16384,34.9095,2151827,5695700198866017487
4,candidate,front_order_and_lcp,512,0,16384,6.15692,1046528,0
4,candidate,order_and_lcp,513,3,16352,57.8599,8384488,0
4,candidate,order_and_lcp_early,513,3,32768,3.67609,32768,0
4,candidate,copy_to_aligned,513,3,16352,12.7864,2033532,13549540094830414013
4,candidate,copy_to_shifted,513,3,16352,11.7927,2025212,1277971867292287276
4,candidate,order_and_lcp,32768,0,512,247.396,16777216,0
4,candidate,order_and_lcp_early,32768,0,32768,3.67609,32768,0
4,candidate,copy_to_aligned,32768,0,512,50.8633,65095,15697443229824947228
4,candidate,copy_to_shifted,32768,0,512,489.502,70873,1340222264216771497
4,candidate,front_order_and_lcp,32768,0,512,249.512,2097152,0
4,candidate,order_and_lcp,32769,3,512,2986,16777728,0
4,candidate,order_and_lcp_early,32769,3,32768,3.73077,32768,0
4,candidate,copy_to_aligned,32769,3,512,496.174,64572,810501865908961312
4,candidate,copy_to_shifted,32769,3,512,55.7461,64487,17401643773666152548
4,candidate,read_count,4,0,932067,4.20808,6495309,14010549057497394684
4,candidate,write_count,4,0,932067,5.38208,5250149,498868200249582186
4,candidate,read_count,4,3,932067,4.42055,6495309,10667692899381957720
4,candidate,write_count,4,3,932067,5.39317,5250152,14011927138326259588
4,candidate,read_count,32,0,129055,6.56342,292137550098970,15992147686396580461
4,candidate,write_count,32,0,129055,13.3296,7873361,17611553731688309647
4,candidate,read_count,32,3,129055,6.7016,292137550098970,9259898799459493243
4,candidate,write_count,32,3,129055,13.565,7873364,12531968474777650863
4,candidate,read_count,64,0,65027,4.09445,12932659232303659454,13903021642346100837
4,candidate,write_count,64,0,65027,18.7166,8142099,14472678928554734552
4,candidate,read_count,64,3,65027,4.11687,12932659232303659454,17979108500666303179
4,candidate,write_count,64,3,65027,19.0145,8142102,11837154818368746539
4,candidate,byte_profile_build,64,0,85,40030.9,748425,11286371320756095183
4,candidate,byte_profile_reconstruct,64,0,87381,1416.67,11160646,11286371320756095183
4,candidate,bit_profile_build,64,0,85,61893.6,610810,10385998864525922025
4,candidate,bit_profile_reconstruct,64,0,87381,4279.11,5586176,10385998864525922025
4,candidate,byte_profile_build,1024,0,7,44619,62748,11996937336128258274
4,candidate,byte_profile_reconstruct,1024,0,7943,12712.5,1012034,11996937336128258274
4,candidate,bit_profile_build,1024,0,7,69976.1,51303,8959399144852600447
4,candidate,bit_profile_reconstruct,1024,0,7943,41475.9,514304,8959399144852600447
