variant,revision,trial,profile,fixture,records,prefix_bytes,tail_bytes,round,build_ns,record_ns,payload_bytes,wire_digest,input_literal_bits,output_literal_bits,input_encoded_bytes,requested_bytes,peak_bytes,live_bytes,allocation_calls
baseline,e042920590f01c864ecc8019f4e1fd864d483de5,0,byte_fixed,ids,4096,0,4096,0,3607333.000,880.697,16830212,511724354307186920,178990088,134250672,22438928,0,0,0,0
baseline,e042920590f01c864ecc8019f4e1fd864d483de5,0,byte_fixed,ids,4096,0,4096,1,2390292.000,583.567,16830212,511724354307186920,178990088,134250672,22438928,0,0,0,0
baseline,e042920590f01c864ecc8019f4e1fd864d483de5,0,byte_fixed,ids,4096,0,4096,2,2237917.000,546.366,16830212,511724354307186920,178990088,134250672,22438928,0,0,0,0
baseline,e042920590f01c864ecc8019f4e1fd864d483de5,0,byte_variable,ids,4096,0,4096,0,2322208.000,566.945,16867068,6909849669356961042,178990088,134250672,22488069,0,0,0,0
baseline,e042920590f01c864ecc8019f4e1fd864d483de5,0,byte_variable,ids,4096,0,4096,1,2332125.000,569.366,16867068,6909849669356961042,178990088,134250672,22488069,0,0,0,0
baseline,e042920590f01c864ecc8019f4e1fd864d483de5,0,byte_variable,ids,4096,0,4096,2,2326167.000,567.912,16867068,6909849669356961042,178990088,134250672,22488069,0,0,0,0
baseline,e042920590f01c864ecc8019f4e1fd864d483de5,0,bit_fixed,ids,4096,0,4096,0,8592375.000,2097.748,16817531,3083272129566107382,178976184,134238258,22422329,0,0,0,0
baseline,e042920590f01c864ecc8019f4e1fd864d483de5,0,bit_fixed,ids,4096,0,4096,1,7549916.000,1843.241,16817531,3083272129566107382,178976184,134238258,22422329,0,0,0,0
baseline,e042920590f01c864ecc8019f4e1fd864d483de5,0,bit_fixed,ids,4096,0,4096,2,8172416.000,1995.219,16817531,3083272129566107382,178976184,134238258,22422329,0,0,0,0
baseline,e042920590f01c864ecc8019f4e1fd864d483de5,0,bit_variable,ids,4096,0,4096,0,7766709.000,1896.169,16823252,13899531556974143969,178976184,134238258,22429957,0,0,0,0
baseline,e042920590f01c864ecc8019f4e1fd864d483de5,0,bit_variable,ids,4096,0,4096,1,7620500.000,1860.474,16823252,13899531556974143969,178976184,134238258,22429957,0,0,0,0
baseline,e042920590f01c864ecc8019f4e1fd864d483de5,0,bit_variable,ids,4096,0,4096,2,7535541.000,1839.732,16823252,13899531556974143969,178976184,134238258,22429957,0,0,0,0
candidate,e21766bbde779fec2364bec2198f8b790ce70312,0,byte_fixed,ids,4096,0,4096,0,3858542.000,942.027,16830212,511724354307186920,178990088,134250672,22438928,0,0,0,0
candidate,e21766bbde779fec2364bec2198f8b790ce70312,0,byte_fixed,ids,4096,0,4096,1,1751208.000,427.541,16830212,511724354307186920,178990088,134250672,22438928,0,0,0,0
candidate,e21766bbde779fec2364bec2198f8b790ce70312,0,byte_fixed,ids,4096,0,4096,2,1768708.000,431.813,16830212,511724354307186920,178990088,134250672,22438928,0,0,0,0
candidate,e21766bbde779fec2364bec2198f8b790ce70312,0,byte_variable,ids,4096,0,4096,0,1791375.000,437.347,16867068,6909849669356961042,178990088,134250672,22488069,0,0,0,0
candidate,e21766bbde779fec2364bec2198f8b790ce70312,0,byte_variable,ids,4096,0,4096,1,1830125.000,446.808,16867068,6909849669356961042,178990088,134250672,22488069,0,0,0,0
candidate,e21766bbde779fec2364bec2198f8b790ce70312,0,byte_variable,ids,4096,0,4096,2,1790791.000,437.205,16867068,6909849669356961042,178990088,134250672,22488069,0,0,0,0
candidate,e21766bbde779fec2364bec2198f8b790ce70312,0,bit_fixed,ids,4096,0,4096,0,5782000.000,1411.621,16817531,3083272129566107382,178976184,134238258,22422329,0,0,0,0
candidate,e21766bbde779fec2364bec2198f8b790ce70312,0,bit_fixed,ids,4096,0,4096,1,4810375.000,1174.408,16817531,3083272129566107382,178976184,134238258,22422329,0,0,0,0
candidate,e21766bbde779fec2364bec2198f8b790ce70312,0,bit_fixed,ids,4096,0,4096,2,4660708.000,1137.868,16817531,3083272129566107382,178976184,134238258,22422329,0,0,0,0
candidate,e21766bbde779fec2364bec2198f8b790ce70312,0,bit_variable,ids,4096,0,4096,0,5266041.000,1285.655,16823252,13899531556974143969,178976184,134238258,22429957,0,0,0,0
candidate,e21766bbde779fec2364bec2198f8b790ce70312,0,bit_variable,ids,4096,0,4096,1,4986417.000,1217.387,16823252,13899531556974143969,178976184,134238258,22429957,0,0,0,0
candidate,e21766bbde779fec2364bec2198f8b790ce70312,0,bit_variable,ids,4096,0,4096,2,5036666.000,1229.655,16823252,13899531556974143969,178976184,134238258,22429957,0,0,0,0
candidate,e21766bbde779fec2364bec2198f8b790ce70312,1,byte_fixed,ids,4096,0,4096,0,2889875.000,705.536,16830212,511724354307186920,178990088,134250672,22438928,0,0,0,0
candidate,e21766bbde779fec2364bec2198f8b790ce70312,1,byte_fixed,ids,4096,0,4096,1,1783459.000,435.415,16830212,511724354307186920,178990088,134250672,22438928,0,0,0,0
candidate,e21766bbde779fec2364bec2198f8b790ce70312,1,byte_fixed,ids,4096,0,4096,2,1741792.000,425.242,16830212,511724354307186920,178990088,134250672,22438928,0,0,0,0
candidate,e21766bbde779fec2364bec2198f8b790ce70312,1,byte_variable,ids,4096,0,4096,0,1764458.000,430.776,16867068,6909849669356961042,178990088,134250672,22488069,0,0,0,0
candidate,e21766bbde779fec2364bec2198f8b790ce70312,1,byte_variable,ids,4096,0,4096,1,1802250.000,440.002,16867068,6909849669356961042,178990088,134250672,22488069,0,0,0,0
candidate,e21766bbde779fec2364bec2198f8b790ce70312,1,byte_variable,ids,4096,0,4096,2,1801041.000,439.707,16867068,6909849669356961042,178990088,134250672,22488069,0,0,0,0
candidate,e21766bbde779fec2364bec2198f8b790ce70312,1,bit_fixed,ids,4096,0,4096,0,5460792.000,1333.201,16817531,3083272129566107382,178976184,134238258,22422329,0,0,0,0
candidate,e21766bbde779fec2364bec2198f8b790ce70312,1,bit_fixed,ids,4096,0,4096,1,4662083.000,1138.204,16817531,3083272129566107382,178976184,134238258,22422329,0,0,0,0
candidate,e21766bbde779fec2364bec2198f8b790ce70312,1,bit_fixed,ids,4096,0,4096,2,4788750.000,1169.128,16817531,3083272129566107382,178976184,134238258,22422329,0,0,0,0
candidate,e21766bbde779fec2364bec2198f8b790ce70312,1,bit_variable,ids,4096,0,4096,0,5104584.000,1246.236,16823252,13899531556974143969,178976184,134238258,22429957,0,0,0,0
candidate,e21766bbde779fec2364bec2198f8b790ce70312,1,bit_variable,ids,4096,0,4096,1,4876417.000,1190.531,16823252,13899531556974143969,178976184,134238258,22429957,0,0,0,0
candidate,e21766bbde779fec2364bec2198f8b790ce70312,1,bit_variable,ids,4096,0,4096,2,4880750.000,1191.589,16823252,13899531556974143969,178976184,134238258,22429957,0,0,0,0
baseline,e042920590f01c864ecc8019f4e1fd864d483de5,1,byte_fixed,ids,4096,0,4096,0,3154792.000,770.213,16830212,511724354307186920,178990088,134250672,22438928,0,0,0,0
baseline,e042920590f01c864ecc8019f4e1fd864d483de5,1,byte_fixed,ids,4096,0,4096,1,2253375.000,550.140,16830212,511724354307186920,178990088,134250672,22438928,0,0,0,0
baseline,e042920590f01c864ecc8019f4e1fd864d483de5,1,byte_fixed,ids,4096,0,4096,2,2243958.000,547.841,16830212,511724354307186920,178990088,134250672,22438928,0,0,0,0
baseline,e042920590f01c864ecc8019f4e1fd864d483de5,1,byte_variable,ids,4096,0,4096,0,2324375.000,567.474,16867068,6909849669356961042,178990088,134250672,22488069,0,0,0,0
baseline,e042920590f01c864ecc8019f4e1fd864d483de5,1,byte_variable,ids,4096,0,4096,1,2295708.000,560.476,16867068,6909849669356961042,178990088,134250672,22488069,0,0,0,0
baseline,e042920590f01c864ecc8019f4e1fd864d483de5,1,byte_variable,ids,4096,0,4096,2,2304666.000,562.663,16867068,6909849669356961042,178990088,134250672,22488069,0,0,0,0
baseline,e042920590f01c864ecc8019f4e1fd864d483de5,1,bit_fixed,ids,4096,0,4096,0,8270583.000,2019.185,16817531,3083272129566107382,178976184,134238258,22422329,0,0,0,0
baseline,e042920590f01c864ecc8019f4e1fd864d483de5,1,bit_fixed,ids,4096,0,4096,1,7629667.000,1862.712,16817531,3083272129566107382,178976184,134238258,22422329,0,0,0,0
baseline,e042920590f01c864ecc8019f4e1fd864d483de5,1,bit_fixed,ids,4096,0,4096,2,7514875.000,1834.686,16817531,3083272129566107382,178976184,134238258,22422329,0,0,0,0
baseline,e042920590f01c864ecc8019f4e1fd864d483de5,1,bit_variable,ids,4096,0,4096,0,7700791.000,1880.076,16823252,13899531556974143969,178976184,134238258,22429957,0,0,0,0
baseline,e042920590f01c864ecc8019f4e1fd864d483de5,1,bit_variable,ids,4096,0,4096,1,7808500.000,1906.372,16823252,13899531556974143969,178976184,134238258,22429957,0,0,0,0
baseline,e042920590f01c864ecc8019f4e1fd864d483de5,1,bit_variable,ids,4096,0,4096,2,7822084.000,1909.688,16823252,13899531556974143969,178976184,134238258,22429957,0,0,0,0
baseline,e042920590f01c864ecc8019f4e1fd864d483de5,2,byte_fixed,ids,4096,0,4096,0,3116583.000,760.885,16830212,511724354307186920,178990088,134250672,22438928,0,0,0,0
baseline,e042920590f01c864ecc8019f4e1fd864d483de5,2,byte_fixed,ids,4096,0,4096,1,2287375.000,558.441,16830212,511724354307186920,178990088,134250672,22438928,0,0,0,0
baseline,e042920590f01c864ecc8019f4e1fd864d483de5,2,byte_fixed,ids,4096,0,4096,2,2236166.000,545.939,16830212,511724354307186920,178990088,134250672,22438928,0,0,0,0
baseline,e042920590f01c864ecc8019f4e1fd864d483de5,2,byte_variable,ids,4096,0,4096,0,2317000.000,565.674,16867068,6909849669356961042,178990088,134250672,22488069,0,0,0,0
baseline,e042920590f01c864ecc8019f4e1fd864d483de5,2,byte_variable,ids,4096,0,4096,1,2386458.000,582.631,16867068,6909849669356961042,178990088,134250672,22488069,0,0,0,0
baseline,e042920590f01c864ecc8019f4e1fd864d483de5,2,byte_variable,ids,4096,0,4096,2,2295583.000,560.445,16867068,6909849669356961042,178990088,134250672,22488069,0,0,0,0
baseline,e042920590f01c864ecc8019f4e1fd864d483de5,2,bit_fixed,ids,4096,0,4096,0,8532375.000,2083.099,16817531,3083272129566107382,178976184,134238258,22422329,0,0,0,0
baseline,e042920590f01c864ecc8019f4e1fd864d483de5,2,bit_fixed,ids,4096,0,4096,1,7640875.000,1865.448,16817531,3083272129566107382,178976184,134238258,22422329,0,0,0,0
baseline,e042920590f01c864ecc8019f4e1fd864d483de5,2,bit_fixed,ids,4096,0,4096,2,7673917.000,1873.515,16817531,3083272129566107382,178976184,134238258,22422329,0,0,0,0
baseline,e042920590f01c864ecc8019f4e1fd864d483de5,2,bit_variable,ids,4096,0,4096,0,7588417.000,1852.641,16823252,13899531556974143969,178976184,134238258,22429957,0,0,0,0
baseline,e042920590f01c864ecc8019f4e1fd864d483de5,2,bit_variable,ids,4096,0,4096,1,7521792.000,1836.375,16823252,13899531556974143969,178976184,134238258,22429957,0,0,0,0
baseline,e042920590f01c864ecc8019f4e1fd864d483de5,2,bit_variable,ids,4096,0,4096,2,7516750.000,1835.144,16823252,13899531556974143969,178976184,134238258,22429957,0,0,0,0
candidate,e21766bbde779fec2364bec2198f8b790ce70312,2,byte_fixed,ids,4096,0,4096,0,2696375.000,658.295,16830212,511724354307186920,178990088,134250672,22438928,0,0,0,0
candidate,e21766bbde779fec2364bec2198f8b790ce70312,2,byte_fixed,ids,4096,0,4096,1,1752375.000,427.826,16830212,511724354307186920,178990088,134250672,22438928,0,0,0,0
candidate,e21766bbde779fec2364bec2198f8b790ce70312,2,byte_fixed,ids,4096,0,4096,2,1833625.000,447.662,16830212,511724354307186920,178990088,134250672,22438928,0,0,0,0
candidate,e21766bbde779fec2364bec2198f8b790ce70312,2,byte_variable,ids,4096,0,4096,0,1795000.000,438.232,16867068,6909849669356961042,178990088,134250672,22488069,0,0,0,0
candidate,e21766bbde779fec2364bec2198f8b790ce70312,2,byte_variable,ids,4096,0,4096,1,1799666.000,439.372,16867068,6909849669356961042,178990088,134250672,22488069,0,0,0,0
candidate,e21766bbde779fec2364bec2198f8b790ce70312,2,byte_variable,ids,4096,0,4096,2,1894500.000,462.524,16867068,6909849669356961042,178990088,134250672,22488069,0,0,0,0
candidate,e21766bbde779fec2364bec2198f8b790ce70312,2,bit_fixed,ids,4096,0,4096,0,5897375.000,1439.789,16817531,3083272129566107382,178976184,134238258,22422329,0,0,0,0
candidate,e21766bbde779fec2364bec2198f8b790ce70312,2,bit_fixed,ids,4096,0,4096,1,4793083.000,1170.186,16817531,3083272129566107382,178976184,134238258,22422329,0,0,0,0
candidate,e21766bbde779fec2364bec2198f8b790ce70312,2,bit_fixed,ids,4096,0,4096,2,4683958.000,1143.544,16817531,3083272129566107382,178976184,134238258,22422329,0,0,0,0
candidate,e21766bbde779fec2364bec2198f8b790ce70312,2,bit_variable,ids,4096,0,4096,0,4984500.000,1216.919,16823252,13899531556974143969,178976184,134238258,22429957,0,0,0,0
candidate,e21766bbde779fec2364bec2198f8b790ce70312,2,bit_variable,ids,4096,0,4096,1,4960541.000,1211.070,16823252,13899531556974143969,178976184,134238258,22429957,0,0,0,0
candidate,e21766bbde779fec2364bec2198f8b790ce70312,2,bit_variable,ids,4096,0,4096,2,4887541.000,1193.247,16823252,13899531556974143969,178976184,134238258,22429957,0,0,0,0
candidate,e21766bbde779fec2364bec2198f8b790ce70312,3,byte_fixed,ids,4096,0,4096,0,2648542.000,646.617,16830212,511724354307186920,178990088,134250672,22438928,0,0,0,0
candidate,e21766bbde779fec2364bec2198f8b790ce70312,3,byte_fixed,ids,4096,0,4096,1,1756958.000,428.945,16830212,511724354307186920,178990088,134250672,22438928,0,0,0,0
candidate,e21766bbde779fec2364bec2198f8b790ce70312,3,byte_fixed,ids,4096,0,4096,2,1776667.000,433.757,16830212,511724354307186920,178990088,134250672,22438928,0,0,0,0
candidate,e21766bbde779fec2364bec2198f8b790ce70312,3,byte_variable,ids,4096,0,4096,0,1791500.000,437.378,16867068,6909849669356961042,178990088,134250672,22488069,0,0,0,0
candidate,e21766bbde779fec2364bec2198f8b790ce70312,3,byte_variable,ids,4096,0,4096,1,1922709.000,469.411,16867068,6909849669356961042,178990088,134250672,22488069,0,0,0,0
candidate,e21766bbde779fec2364bec2198f8b790ce70312,3,byte_variable,ids,4096,0,4096,2,1802042.000,439.952,16867068,6909849669356961042,178990088,134250672,22488069,0,0,0,0
candidate,e21766bbde779fec2364bec2198f8b790ce70312,3,bit_fixed,ids,4096,0,4096,0,5776292.000,1410.228,16817531,3083272129566107382,178976184,134238258,22422329,0,0,0,0
candidate,e21766bbde779fec2364bec2198f8b790ce70312,3,bit_fixed,ids,4096,0,4096,1,4699083.000,1147.237,16817531,3083272129566107382,178976184,134238258,22422329,0,0,0,0
candidate,e21766bbde779fec2364bec2198f8b790ce70312,3,bit_fixed,ids,4096,0,4096,2,4677667.000,1142.009,16817531,3083272129566107382,178976184,134238258,22422329,0,0,0,0
candidate,e21766bbde779fec2364bec2198f8b790ce70312,3,bit_variable,ids,4096,0,4096,0,5031292.000,1228.343,16823252,13899531556974143969,178976184,134238258,22429957,0,0,0,0
candidate,e21766bbde779fec2364bec2198f8b790ce70312,3,bit_variable,ids,4096,0,4096,1,4873833.000,1189.901,16823252,13899531556974143969,178976184,134238258,22429957,0,0,0,0
candidate,e21766bbde779fec2364bec2198f8b790ce70312,3,bit_variable,ids,4096,0,4096,2,5287792.000,1290.965,16823252,13899531556974143969,178976184,134238258,22429957,0,0,0,0
baseline,e042920590f01c864ecc8019f4e1fd864d483de5,3,byte_fixed,ids,4096,0,4096,0,3141666.000,767.008,16830212,511724354307186920,178990088,134250672,22438928,0,0,0,0
baseline,e042920590f01c864ecc8019f4e1fd864d483de5,3,byte_fixed,ids,4096,0,4096,1,2415000.000,589.600,16830212,511724354307186920,178990088,134250672,22438928,0,0,0,0
baseline,e042920590f01c864ecc8019f4e1fd864d483de5,3,byte_fixed,ids,4096,0,4096,2,2292375.000,559.662,16830212,511724354307186920,178990088,134250672,22438928,0,0,0,0
baseline,e042920590f01c864ecc8019f4e1fd864d483de5,3,byte_variable,ids,4096,0,4096,0,2316625.000,565.582,16867068,6909849669356961042,178990088,134250672,22488069,0,0,0,0
baseline,e042920590f01c864ecc8019f4e1fd864d483de5,3,byte_variable,ids,4096,0,4096,1,2279916.000,556.620,16867068,6909849669356961042,178990088,134250672,22488069,0,0,0,0
baseline,e042920590f01c864ecc8019f4e1fd864d483de5,3,byte_variable,ids,4096,0,4096,2,2322917.000,567.118,16867068,6909849669356961042,178990088,134250672,22488069,0,0,0,0
baseline,e042920590f01c864ecc8019f4e1fd864d483de5,3,bit_fixed,ids,4096,0,4096,0,8493416.000,2073.588,16817531,3083272129566107382,178976184,134238258,22422329,0,0,0,0
baseline,e042920590f01c864ecc8019f4e1fd864d483de5,3,bit_fixed,ids,4096,0,4096,1,7589416.000,1852.885,16817531,3083272129566107382,178976184,134238258,22422329,0,0,0,0
baseline,e042920590f01c864ecc8019f4e1fd864d483de5,3,bit_fixed,ids,4096,0,4096,2,7516250.000,1835.022,16817531,3083272129566107382,178976184,134238258,22422329,0,0,0,0
baseline,e042920590f01c864ecc8019f4e1fd864d483de5,3,bit_variable,ids,4096,0,4096,0,7613834.000,1858.846,16823252,13899531556974143969,178976184,134238258,22429957,0,0,0,0
baseline,e042920590f01c864ecc8019f4e1fd864d483de5,3,bit_variable,ids,4096,0,4096,1,7652166.000,1868.205,16823252,13899531556974143969,178976184,134238258,22429957,0,0,0,0
baseline,e042920590f01c864ecc8019f4e1fd864d483de5,3,bit_variable,ids,4096,0,4096,2,7516125.000,1834.991,16823252,13899531556974143969,178976184,134238258,22429957,0,0,0,0
baseline,e042920590f01c864ecc8019f4e1fd864d483de5,4,byte_fixed,ids,4096,0,4096,0,3384333.000,826.253,16830212,511724354307186920,178990088,134250672,22438928,0,0,0,0
baseline,e042920590f01c864ecc8019f4e1fd864d483de5,4,byte_fixed,ids,4096,0,4096,1,2215375.000,540.863,16830212,511724354307186920,178990088,134250672,22438928,0,0,0,0
baseline,e042920590f01c864ecc8019f4e1fd864d483de5,4,byte_fixed,ids,4096,0,4096,2,2248834.000,549.032,16830212,511724354307186920,178990088,134250672,22438928,0,0,0,0
baseline,e042920590f01c864ecc8019f4e1fd864d483de5,4,byte_variable,ids,4096,0,4096,0,2301792.000,561.961,16867068,6909849669356961042,178990088,134250672,22488069,0,0,0,0
baseline,e042920590f01c864ecc8019f4e1fd864d483de5,4,byte_variable,ids,4096,0,4096,1,2276792.000,555.857,16867068,6909849669356961042,178990088,134250672,22488069,0,0,0,0
baseline,e042920590f01c864ecc8019f4e1fd864d483de5,4,byte_variable,ids,4096,0,4096,2,2281042.000,556.895,16867068,6909849669356961042,178990088,134250672,22488069,0,0,0,0
baseline,e042920590f01c864ecc8019f4e1fd864d483de5,4,bit_fixed,ids,4096,0,4096,0,8535209.000,2083.791,16817531,3083272129566107382,178976184,134238258,22422329,0,0,0,0
baseline,e042920590f01c864ecc8019f4e1fd864d483de5,4,bit_fixed,ids,4096,0,4096,1,7608125.000,1857.452,16817531,3083272129566107382,178976184,134238258,22422329,0,0,0,0
baseline,e042920590f01c864ecc8019f4e1fd864d483de5,4,bit_fixed,ids,4096,0,4096,2,7453167.000,1819.621,16817531,3083272129566107382,178976184,134238258,22422329,0,0,0,0
baseline,e042920590f01c864ecc8019f4e1fd864d483de5,4,bit_variable,ids,4096,0,4096,0,7611958.000,1858.388,16823252,13899531556974143969,178976184,134238258,22429957,0,0,0,0
baseline,e042920590f01c864ecc8019f4e1fd864d483de5,4,bit_variable,ids,4096,0,4096,1,7556792.000,1844.920,16823252,13899531556974143969,178976184,134238258,22429957,0,0,0,0
baseline,e042920590f01c864ecc8019f4e1fd864d483de5,4,bit_variable,ids,4096,0,4096,2,7668000.000,1872.070,16823252,13899531556974143969,178976184,134238258,22429957,0,0,0,0
candidate,e21766bbde779fec2364bec2198f8b790ce70312,4,byte_fixed,ids,4096,0,4096,0,2744625.000,670.074,16830212,511724354307186920,178990088,134250672,22438928,0,0,0,0
candidate,e21766bbde779fec2364bec2198f8b790ce70312,4,byte_fixed,ids,4096,0,4096,1,1755083.000,428.487,16830212,511724354307186920,178990088,134250672,22438928,0,0,0,0
candidate,e21766bbde779fec2364bec2198f8b790ce70312,4,byte_fixed,ids,4096,0,4096,2,1743333.000,425.618,16830212,511724354307186920,178990088,134250672,22438928,0,0,0,0
candidate,e21766bbde779fec2364bec2198f8b790ce70312,4,byte_variable,ids,4096,0,4096,0,1797416.000,438.822,16867068,6909849669356961042,178990088,134250672,22488069,0,0,0,0
candidate,e21766bbde779fec2364bec2198f8b790ce70312,4,byte_variable,ids,4096,0,4096,1,1818709.000,444.021,16867068,6909849669356961042,178990088,134250672,22488069,0,0,0,0
candidate,e21766bbde779fec2364bec2198f8b790ce70312,4,byte_variable,ids,4096,0,4096,2,1792833.000,437.703,16867068,6909849669356961042,178990088,134250672,22488069,0,0,0,0
candidate,e21766bbde779fec2364bec2198f8b790ce70312,4,bit_fixed,ids,4096,0,4096,0,5740292.000,1401.438,16817531,3083272129566107382,178976184,134238258,22422329,0,0,0,0
candidate,e21766bbde779fec2364bec2198f8b790ce70312,4,bit_fixed,ids,4096,0,4096,1,4699166.000,1147.257,16817531,3083272129566107382,178976184,134238258,22422329,0,0,0,0
candidate,e21766bbde779fec2364bec2198f8b790ce70312,4,bit_fixed,ids,4096,0,4096,2,4676083.000,1141.622,16817531,3083272129566107382,178976184,134238258,22422329,0,0,0,0
candidate,e21766bbde779fec2364bec2198f8b790ce70312,4,bit_variable,ids,4096,0,4096,0,4887083.000,1193.135,16823252,13899531556974143969,178976184,134238258,22429957,0,0,0,0
candidate,e21766bbde779fec2364bec2198f8b790ce70312,4,bit_variable,ids,4096,0,4096,1,4915459.000,1200.063,16823252,13899531556974143969,178976184,134238258,22429957,0,0,0,0
candidate,e21766bbde779fec2364bec2198f8b790ce70312,4,bit_variable,ids,4096,0,4096,2,4880042.000,1191.417,16823252,13899531556974143969,178976184,134238258,22429957,0,0,0,0
