variant,revision,trial,profile,records,prefix_bytes,round,build_ns,record_ns,payload_bytes,wire_digest
baseline,e45e47f14b45a2f9726d23c80d1d19b33de7745a,0,byte_fixed,16384,0,0,2115542.000,129.122,181387,10403037783553420394
baseline,e45e47f14b45a2f9726d23c80d1d19b33de7745a,0,byte_fixed,16384,0,1,1811584.000,110.570,181387,10403037783553420394
baseline,e45e47f14b45a2f9726d23c80d1d19b33de7745a,0,byte_fixed,16384,0,2,1619250.000,98.831,181387,10403037783553420394
baseline,e45e47f14b45a2f9726d23c80d1d19b33de7745a,0,byte_variable,16384,0,0,2072417.000,126.490,328817,14631988329332027140
baseline,e45e47f14b45a2f9726d23c80d1d19b33de7745a,0,byte_variable,16384,0,1,2114916.000,129.084,328817,14631988329332027140
baseline,e45e47f14b45a2f9726d23c80d1d19b33de7745a,0,byte_variable,16384,0,2,2034125.000,124.153,328817,14631988329332027140
baseline,e45e47f14b45a2f9726d23c80d1d19b33de7745a,0,bit_fixed,16384,0,0,3328125.000,203.133,60153,8519433193016921614
baseline,e45e47f14b45a2f9726d23c80d1d19b33de7745a,0,bit_fixed,16384,0,1,3347125.000,204.292,60153,8519433193016921614
baseline,e45e47f14b45a2f9726d23c80d1d19b33de7745a,0,bit_fixed,16384,0,2,3297000.000,201.233,60153,8519433193016921614
baseline,e45e47f14b45a2f9726d23c80d1d19b33de7745a,0,bit_variable,16384,0,0,3985209.000,243.238,83038,15871665711279132660
baseline,e45e47f14b45a2f9726d23c80d1d19b33de7745a,0,bit_variable,16384,0,1,4093250.000,249.832,83038,15871665711279132660
baseline,e45e47f14b45a2f9726d23c80d1d19b33de7745a,0,bit_variable,16384,0,2,4097792.000,250.109,83038,15871665711279132660
candidate,13c914d824551501a6ae7da6dda98d7f5620e78b,0,byte_fixed,16384,0,0,1854958.000,113.218,181387,10403037783553420394
candidate,13c914d824551501a6ae7da6dda98d7f5620e78b,0,byte_fixed,16384,0,1,1926458.000,117.582,181387,10403037783553420394
candidate,13c914d824551501a6ae7da6dda98d7f5620e78b,0,byte_fixed,16384,0,2,1834542.000,111.972,181387,10403037783553420394
candidate,13c914d824551501a6ae7da6dda98d7f5620e78b,0,byte_variable,16384,0,0,2366333.000,144.430,328817,14631988329332027140
candidate,13c914d824551501a6ae7da6dda98d7f5620e78b,0,byte_variable,16384,0,1,2277375.000,139.000,328817,14631988329332027140
candidate,13c914d824551501a6ae7da6dda98d7f5620e78b,0,byte_variable,16384,0,2,2356708.000,143.842,328817,14631988329332027140
candidate,13c914d824551501a6ae7da6dda98d7f5620e78b,0,bit_fixed,16384,0,0,3251000.000,198.425,60153,8519433193016921614
candidate,13c914d824551501a6ae7da6dda98d7f5620e78b,0,bit_fixed,16384,0,1,3393750.000,207.138,60153,8519433193016921614
candidate,13c914d824551501a6ae7da6dda98d7f5620e78b,0,bit_fixed,16384,0,2,3328708.000,203.168,60153,8519433193016921614
candidate,13c914d824551501a6ae7da6dda98d7f5620e78b,0,bit_variable,16384,0,0,4129500.000,252.045,83038,15871665711279132660
candidate,13c914d824551501a6ae7da6dda98d7f5620e78b,0,bit_variable,16384,0,1,3948792.000,241.015,83038,15871665711279132660
candidate,13c914d824551501a6ae7da6dda98d7f5620e78b,0,bit_variable,16384,0,2,3742750.000,228.439,83038,15871665711279132660
candidate,13c914d824551501a6ae7da6dda98d7f5620e78b,1,byte_fixed,16384,0,0,1933416.000,118.006,181387,10403037783553420394
candidate,13c914d824551501a6ae7da6dda98d7f5620e78b,1,byte_fixed,16384,0,1,1863083.000,113.714,181387,10403037783553420394
candidate,13c914d824551501a6ae7da6dda98d7f5620e78b,1,byte_fixed,16384,0,2,1797292.000,109.698,181387,10403037783553420394
candidate,13c914d824551501a6ae7da6dda98d7f5620e78b,1,byte_variable,16384,0,0,2273583.000,138.768,328817,14631988329332027140
candidate,13c914d824551501a6ae7da6dda98d7f5620e78b,1,byte_variable,16384,0,1,2302875.000,140.556,328817,14631988329332027140
candidate,13c914d824551501a6ae7da6dda98d7f5620e78b,1,byte_variable,16384,0,2,2869041.000,175.112,328817,14631988329332027140
candidate,13c914d824551501a6ae7da6dda98d7f5620e78b,1,bit_fixed,16384,0,0,3310417.000,202.052,60153,8519433193016921614
candidate,13c914d824551501a6ae7da6dda98d7f5620e78b,1,bit_fixed,16384,0,1,3221667.000,196.635,60153,8519433193016921614
candidate,13c914d824551501a6ae7da6dda98d7f5620e78b,1,bit_fixed,16384,0,2,3099709.000,189.191,60153,8519433193016921614
candidate,13c914d824551501a6ae7da6dda98d7f5620e78b,1,bit_variable,16384,0,0,3731250.000,227.737,83038,15871665711279132660
candidate,13c914d824551501a6ae7da6dda98d7f5620e78b,1,bit_variable,16384,0,1,3803375.000,232.140,83038,15871665711279132660
candidate,13c914d824551501a6ae7da6dda98d7f5620e78b,1,bit_variable,16384,0,2,3776375.000,230.492,83038,15871665711279132660
baseline,e45e47f14b45a2f9726d23c80d1d19b33de7745a,1,byte_fixed,16384,0,0,1717792.000,104.846,181387,10403037783553420394
baseline,e45e47f14b45a2f9726d23c80d1d19b33de7745a,1,byte_fixed,16384,0,1,1724292.000,105.242,181387,10403037783553420394
baseline,e45e47f14b45a2f9726d23c80d1d19b33de7745a,1,byte_fixed,16384,0,2,1710208.000,104.383,181387,10403037783553420394
baseline,e45e47f14b45a2f9726d23c80d1d19b33de7745a,1,byte_variable,16384,0,0,2074250.000,126.602,328817,14631988329332027140
baseline,e45e47f14b45a2f9726d23c80d1d19b33de7745a,1,byte_variable,16384,0,1,2101416.000,128.260,328817,14631988329332027140
baseline,e45e47f14b45a2f9726d23c80d1d19b33de7745a,1,byte_variable,16384,0,2,2087916.000,127.436,328817,14631988329332027140
baseline,e45e47f14b45a2f9726d23c80d1d19b33de7745a,1,bit_fixed,16384,0,0,3227416.000,196.986,60153,8519433193016921614
baseline,e45e47f14b45a2f9726d23c80d1d19b33de7745a,1,bit_fixed,16384,0,1,3368125.000,205.574,60153,8519433193016921614
baseline,e45e47f14b45a2f9726d23c80d1d19b33de7745a,1,bit_fixed,16384,0,2,3288291.000,200.701,60153,8519433193016921614
baseline,e45e47f14b45a2f9726d23c80d1d19b33de7745a,1,bit_variable,16384,0,0,4045875.000,246.941,83038,15871665711279132660
baseline,e45e47f14b45a2f9726d23c80d1d19b33de7745a,1,bit_variable,16384,0,1,4041708.000,246.686,83038,15871665711279132660
baseline,e45e47f14b45a2f9726d23c80d1d19b33de7745a,1,bit_variable,16384,0,2,4096958.000,250.058,83038,15871665711279132660
baseline,e45e47f14b45a2f9726d23c80d1d19b33de7745a,2,byte_fixed,16384,0,0,1671000.000,101.990,181387,10403037783553420394
baseline,e45e47f14b45a2f9726d23c80d1d19b33de7745a,2,byte_fixed,16384,0,1,1626500.000,99.274,181387,10403037783553420394
baseline,e45e47f14b45a2f9726d23c80d1d19b33de7745a,2,byte_fixed,16384,0,2,1741458.000,106.290,181387,10403037783553420394
baseline,e45e47f14b45a2f9726d23c80d1d19b33de7745a,2,byte_variable,16384,0,0,2131459.000,130.094,328817,14631988329332027140
baseline,e45e47f14b45a2f9726d23c80d1d19b33de7745a,2,byte_variable,16384,0,1,2092708.000,127.729,328817,14631988329332027140
baseline,e45e47f14b45a2f9726d23c80d1d19b33de7745a,2,byte_variable,16384,0,2,2016709.000,123.090,328817,14631988329332027140
baseline,e45e47f14b45a2f9726d23c80d1d19b33de7745a,2,bit_fixed,16384,0,0,3422625.000,208.900,60153,8519433193016921614
baseline,e45e47f14b45a2f9726d23c80d1d19b33de7745a,2,bit_fixed,16384,0,1,3292875.000,200.981,60153,8519433193016921614
baseline,e45e47f14b45a2f9726d23c80d1d19b33de7745a,2,bit_fixed,16384,0,2,3284250.000,200.455,60153,8519433193016921614
baseline,e45e47f14b45a2f9726d23c80d1d19b33de7745a,2,bit_variable,16384,0,0,4011583.000,244.848,83038,15871665711279132660
baseline,e45e47f14b45a2f9726d23c80d1d19b33de7745a,2,bit_variable,16384,0,1,3915542.000,238.986,83038,15871665711279132660
baseline,e45e47f14b45a2f9726d23c80d1d19b33de7745a,2,bit_variable,16384,0,2,4008167.000,244.639,83038,15871665711279132660
candidate,13c914d824551501a6ae7da6dda98d7f5620e78b,2,byte_fixed,16384,0,0,1881166.000,114.817,181387,10403037783553420394
candidate,13c914d824551501a6ae7da6dda98d7f5620e78b,2,byte_fixed,16384,0,1,1840125.000,112.312,181387,10403037783553420394
candidate,13c914d824551501a6ae7da6dda98d7f5620e78b,2,byte_fixed,16384,0,2,1811750.000,110.580,181387,10403037783553420394
candidate,13c914d824551501a6ae7da6dda98d7f5620e78b,2,byte_variable,16384,0,0,2228583.000,136.022,328817,14631988329332027140
candidate,13c914d824551501a6ae7da6dda98d7f5620e78b,2,byte_variable,16384,0,1,2392834.000,146.047,328817,14631988329332027140
candidate,13c914d824551501a6ae7da6dda98d7f5620e78b,2,byte_variable,16384,0,2,2230916.000,136.164,328817,14631988329332027140
candidate,13c914d824551501a6ae7da6dda98d7f5620e78b,2,bit_fixed,16384,0,0,3241750.000,197.861,60153,8519433193016921614
candidate,13c914d824551501a6ae7da6dda98d7f5620e78b,2,bit_fixed,16384,0,1,3355125.000,204.781,60153,8519433193016921614
candidate,13c914d824551501a6ae7da6dda98d7f5620e78b,2,bit_fixed,16384,0,2,3078542.000,187.899,60153,8519433193016921614
candidate,13c914d824551501a6ae7da6dda98d7f5620e78b,2,bit_variable,16384,0,0,3769625.000,230.080,83038,15871665711279132660
candidate,13c914d824551501a6ae7da6dda98d7f5620e78b,2,bit_variable,16384,0,1,3734500.000,227.936,83038,15871665711279132660
candidate,13c914d824551501a6ae7da6dda98d7f5620e78b,2,bit_variable,16384,0,2,3743500.000,228.485,83038,15871665711279132660
candidate,13c914d824551501a6ae7da6dda98d7f5620e78b,3,byte_fixed,16384,0,0,1829250.000,111.649,181387,10403037783553420394
candidate,13c914d824551501a6ae7da6dda98d7f5620e78b,3,byte_fixed,16384,0,1,1864667.000,113.810,181387,10403037783553420394
candidate,13c914d824551501a6ae7da6dda98d7f5620e78b,3,byte_fixed,16384,0,2,1993750.000,121.689,181387,10403037783553420394
candidate,13c914d824551501a6ae7da6dda98d7f5620e78b,3,byte_variable,16384,0,0,2267083.000,138.372,328817,14631988329332027140
candidate,13c914d824551501a6ae7da6dda98d7f5620e78b,3,byte_variable,16384,0,1,2328667.000,142.131,328817,14631988329332027140
candidate,13c914d824551501a6ae7da6dda98d7f5620e78b,3,byte_variable,16384,0,2,2240917.000,136.775,328817,14631988329332027140
candidate,13c914d824551501a6ae7da6dda98d7f5620e78b,3,bit_fixed,16384,0,0,3221250.000,196.609,60153,8519433193016921614
candidate,13c914d824551501a6ae7da6dda98d7f5620e78b,3,bit_fixed,16384,0,1,3162583.000,193.029,60153,8519433193016921614
candidate,13c914d824551501a6ae7da6dda98d7f5620e78b,3,bit_fixed,16384,0,2,3272916.000,199.763,60153,8519433193016921614
candidate,13c914d824551501a6ae7da6dda98d7f5620e78b,3,bit_variable,16384,0,0,3955750.000,241.440,83038,15871665711279132660
candidate,13c914d824551501a6ae7da6dda98d7f5620e78b,3,bit_variable,16384,0,1,3865375.000,235.924,83038,15871665711279132660
candidate,13c914d824551501a6ae7da6dda98d7f5620e78b,3,bit_variable,16384,0,2,3859791.000,235.583,83038,15871665711279132660
baseline,e45e47f14b45a2f9726d23c80d1d19b33de7745a,3,byte_fixed,16384,0,0,1657750.000,101.181,181387,10403037783553420394
baseline,e45e47f14b45a2f9726d23c80d1d19b33de7745a,3,byte_fixed,16384,0,1,1677167.000,102.366,181387,10403037783553420394
baseline,e45e47f14b45a2f9726d23c80d1d19b33de7745a,3,byte_fixed,16384,0,2,1727083.000,105.413,181387,10403037783553420394
baseline,e45e47f14b45a2f9726d23c80d1d19b33de7745a,3,byte_variable,16384,0,0,2181875.000,133.171,328817,14631988329332027140
baseline,e45e47f14b45a2f9726d23c80d1d19b33de7745a,3,byte_variable,16384,0,1,2180209.000,133.069,328817,14631988329332027140
baseline,e45e47f14b45a2f9726d23c80d1d19b33de7745a,3,byte_variable,16384,0,2,2134208.000,130.262,328817,14631988329332027140
baseline,e45e47f14b45a2f9726d23c80d1d19b33de7745a,3,bit_fixed,16384,0,0,3448000.000,210.449,60153,8519433193016921614
baseline,e45e47f14b45a2f9726d23c80d1d19b33de7745a,3,bit_fixed,16384,0,1,3277375.000,200.035,60153,8519433193016921614
baseline,e45e47f14b45a2f9726d23c80d1d19b33de7745a,3,bit_fixed,16384,0,2,3296709.000,201.215,60153,8519433193016921614
baseline,e45e47f14b45a2f9726d23c80d1d19b33de7745a,3,bit_variable,16384,0,0,3918958.000,239.194,83038,15871665711279132660
baseline,e45e47f14b45a2f9726d23c80d1d19b33de7745a,3,bit_variable,16384,0,1,4328041.000,264.163,83038,15871665711279132660
baseline,e45e47f14b45a2f9726d23c80d1d19b33de7745a,3,bit_variable,16384,0,2,4168042.000,254.397,83038,15871665711279132660
baseline,e45e47f14b45a2f9726d23c80d1d19b33de7745a,4,byte_fixed,16384,0,0,1651125.000,100.777,181387,10403037783553420394
baseline,e45e47f14b45a2f9726d23c80d1d19b33de7745a,4,byte_fixed,16384,0,1,1637083.000,99.920,181387,10403037783553420394
baseline,e45e47f14b45a2f9726d23c80d1d19b33de7745a,4,byte_fixed,16384,0,2,1679417.000,102.503,181387,10403037783553420394
baseline,e45e47f14b45a2f9726d23c80d1d19b33de7745a,4,byte_variable,16384,0,0,2160709.000,131.879,328817,14631988329332027140
baseline,e45e47f14b45a2f9726d23c80d1d19b33de7745a,4,byte_variable,16384,0,1,2042875.000,124.687,328817,14631988329332027140
baseline,e45e47f14b45a2f9726d23c80d1d19b33de7745a,4,byte_variable,16384,0,2,2037000.000,124.329,328817,14631988329332027140
baseline,e45e47f14b45a2f9726d23c80d1d19b33de7745a,4,bit_fixed,16384,0,0,3228584.000,197.057,60153,8519433193016921614
baseline,e45e47f14b45a2f9726d23c80d1d19b33de7745a,4,bit_fixed,16384,0,1,3462500.000,211.334,60153,8519433193016921614
baseline,e45e47f14b45a2f9726d23c80d1d19b33de7745a,4,bit_fixed,16384,0,2,3396833.000,207.326,60153,8519433193016921614
baseline,e45e47f14b45a2f9726d23c80d1d19b33de7745a,4,bit_variable,16384,0,0,3903375.000,238.243,83038,15871665711279132660
baseline,e45e47f14b45a2f9726d23c80d1d19b33de7745a,4,bit_variable,16384,0,1,3941666.000,240.580,83038,15871665711279132660
baseline,e45e47f14b45a2f9726d23c80d1d19b33de7745a,4,bit_variable,16384,0,2,3874541.000,236.483,83038,15871665711279132660
candidate,13c914d824551501a6ae7da6dda98d7f5620e78b,4,byte_fixed,16384,0,0,1865125.000,113.838,181387,10403037783553420394
candidate,13c914d824551501a6ae7da6dda98d7f5620e78b,4,byte_fixed,16384,0,1,1839625.000,112.282,181387,10403037783553420394
candidate,13c914d824551501a6ae7da6dda98d7f5620e78b,4,byte_fixed,16384,0,2,1804458.000,110.135,181387,10403037783553420394
candidate,13c914d824551501a6ae7da6dda98d7f5620e78b,4,byte_variable,16384,0,0,2324125.000,141.853,328817,14631988329332027140
candidate,13c914d824551501a6ae7da6dda98d7f5620e78b,4,byte_variable,16384,0,1,2272500.000,138.702,328817,14631988329332027140
candidate,13c914d824551501a6ae7da6dda98d7f5620e78b,4,byte_variable,16384,0,2,2218250.000,135.391,328817,14631988329332027140
candidate,13c914d824551501a6ae7da6dda98d7f5620e78b,4,bit_fixed,16384,0,0,3160583.000,192.907,60153,8519433193016921614
candidate,13c914d824551501a6ae7da6dda98d7f5620e78b,4,bit_fixed,16384,0,1,3173291.000,193.682,60153,8519433193016921614
candidate,13c914d824551501a6ae7da6dda98d7f5620e78b,4,bit_fixed,16384,0,2,3277958.000,200.071,60153,8519433193016921614
candidate,13c914d824551501a6ae7da6dda98d7f5620e78b,4,bit_variable,16384,0,0,3790334.000,231.344,83038,15871665711279132660
candidate,13c914d824551501a6ae7da6dda98d7f5620e78b,4,bit_variable,16384,0,1,3923625.000,239.479,83038,15871665711279132660
candidate,13c914d824551501a6ae7da6dda98d7f5620e78b,4,bit_variable,16384,0,2,3895083.000,237.737,83038,15871665711279132660
baseline,e45e47f14b45a2f9726d23c80d1d19b33de7745a,0,byte_fixed,16384,64,0,1789084.000,109.197,181451,9251279952100018761
baseline,e45e47f14b45a2f9726d23c80d1d19b33de7745a,0,byte_fixed,16384,64,1,1865833.000,113.881,181451,9251279952100018761
baseline,e45e47f14b45a2f9726d23c80d1d19b33de7745a,0,byte_fixed,16384,64,2,1782459.000,108.793,181451,9251279952100018761
baseline,e45e47f14b45a2f9726d23c80d1d19b33de7745a,0,byte_variable,16384,64,0,2204083.000,134.527,328881,10497002078573155402
baseline,e45e47f14b45a2f9726d23c80d1d19b33de7745a,0,byte_variable,16384,64,1,2156917.000,131.648,328881,10497002078573155402
baseline,e45e47f14b45a2f9726d23c80d1d19b33de7745a,0,byte_variable,16384,64,2,2247708.000,137.189,328881,10497002078573155402
baseline,e45e47f14b45a2f9726d23c80d1d19b33de7745a,0,bit_fixed,16384,64,0,3394875.000,207.207,61036,15332273967921022392
baseline,e45e47f14b45a2f9726d23c80d1d19b33de7745a,0,bit_fixed,16384,64,1,3449042.000,210.513,61036,15332273967921022392
baseline,e45e47f14b45a2f9726d23c80d1d19b33de7745a,0,bit_fixed,16384,64,2,3391000.000,206.970,61036,15332273967921022392
baseline,e45e47f14b45a2f9726d23c80d1d19b33de7745a,0,bit_variable,16384,64,0,4299708.000,262.433,83922,3519228460996590230
baseline,e45e47f14b45a2f9726d23c80d1d19b33de7745a,0,bit_variable,16384,64,1,4059750.000,247.787,83922,3519228460996590230
baseline,e45e47f14b45a2f9726d23c80d1d19b33de7745a,0,bit_variable,16384,64,2,4149959.000,253.293,83922,3519228460996590230
candidate,13c914d824551501a6ae7da6dda98d7f5620e78b,0,byte_fixed,16384,64,0,1828708.000,111.615,181451,9251279952100018761
candidate,13c914d824551501a6ae7da6dda98d7f5620e78b,0,byte_fixed,16384,64,1,1926208.000,117.566,181451,9251279952100018761
candidate,13c914d824551501a6ae7da6dda98d7f5620e78b,0,byte_fixed,16384,64,2,1984000.000,121.094,181451,9251279952100018761
candidate,13c914d824551501a6ae7da6dda98d7f5620e78b,0,byte_variable,16384,64,0,2287250.000,139.603,328881,10497002078573155402
candidate,13c914d824551501a6ae7da6dda98d7f5620e78b,0,byte_variable,16384,64,1,2288625.000,139.687,328881,10497002078573155402
candidate,13c914d824551501a6ae7da6dda98d7f5620e78b,0,byte_variable,16384,64,2,2251500.000,137.421,328881,10497002078573155402
candidate,13c914d824551501a6ae7da6dda98d7f5620e78b,0,bit_fixed,16384,64,0,3216000.000,196.289,61036,15332273967921022392
candidate,13c914d824551501a6ae7da6dda98d7f5620e78b,0,bit_fixed,16384,64,1,3286083.000,200.567,61036,15332273967921022392
candidate,13c914d824551501a6ae7da6dda98d7f5620e78b,0,bit_fixed,16384,64,2,3107333.000,189.657,61036,15332273967921022392
candidate,13c914d824551501a6ae7da6dda98d7f5620e78b,0,bit_variable,16384,64,0,3951625.000,241.188,83922,3519228460996590230
candidate,13c914d824551501a6ae7da6dda98d7f5620e78b,0,bit_variable,16384,64,1,3962667.000,241.862,83922,3519228460996590230
candidate,13c914d824551501a6ae7da6dda98d7f5620e78b,0,bit_variable,16384,64,2,3846917.000,234.797,83922,3519228460996590230
candidate,13c914d824551501a6ae7da6dda98d7f5620e78b,1,byte_fixed,16384,64,0,1836125.000,112.068,181451,9251279952100018761
candidate,13c914d824551501a6ae7da6dda98d7f5620e78b,1,byte_fixed,16384,64,1,1796208.000,109.632,181451,9251279952100018761
candidate,13c914d824551501a6ae7da6dda98d7f5620e78b,1,byte_fixed,16384,64,2,1875083.000,114.446,181451,9251279952100018761
candidate,13c914d824551501a6ae7da6dda98d7f5620e78b,1,byte_variable,16384,64,0,2250875.000,137.383,328881,10497002078573155402
candidate,13c914d824551501a6ae7da6dda98d7f5620e78b,1,byte_variable,16384,64,1,2289958.000,139.768,328881,10497002078573155402
candidate,13c914d824551501a6ae7da6dda98d7f5620e78b,1,byte_variable,16384,64,2,2355583.000,143.773,328881,10497002078573155402
candidate,13c914d824551501a6ae7da6dda98d7f5620e78b,1,bit_fixed,16384,64,0,3114833.000,190.114,61036,15332273967921022392
candidate,13c914d824551501a6ae7da6dda98d7f5620e78b,1,bit_fixed,16384,64,1,3224958.000,196.836,61036,15332273967921022392
candidate,13c914d824551501a6ae7da6dda98d7f5620e78b,1,bit_fixed,16384,64,2,3303208.000,201.612,61036,15332273967921022392
candidate,13c914d824551501a6ae7da6dda98d7f5620e78b,1,bit_variable,16384,64,0,3803708.000,232.160,83922,3519228460996590230
candidate,13c914d824551501a6ae7da6dda98d7f5620e78b,1,bit_variable,16384,64,1,3837583.000,234.227,83922,3519228460996590230
candidate,13c914d824551501a6ae7da6dda98d7f5620e78b,1,bit_variable,16384,64,2,3954209.000,241.346,83922,3519228460996590230
baseline,e45e47f14b45a2f9726d23c80d1d19b33de7745a,1,byte_fixed,16384,64,0,1753167.000,107.005,181451,9251279952100018761
baseline,e45e47f14b45a2f9726d23c80d1d19b33de7745a,1,byte_fixed,16384,64,1,1761041.000,107.485,181451,9251279952100018761
baseline,e45e47f14b45a2f9726d23c80d1d19b33de7745a,1,byte_fixed,16384,64,2,1721167.000,105.052,181451,9251279952100018761
baseline,e45e47f14b45a2f9726d23c80d1d19b33de7745a,1,byte_variable,16384,64,0,2209500.000,134.857,328881,10497002078573155402
baseline,e45e47f14b45a2f9726d23c80d1d19b33de7745a,1,byte_variable,16384,64,1,2259208.000,137.891,328881,10497002078573155402
baseline,e45e47f14b45a2f9726d23c80d1d19b33de7745a,1,byte_variable,16384,64,2,2196958.000,134.092,328881,10497002078573155402
baseline,e45e47f14b45a2f9726d23c80d1d19b33de7745a,1,bit_fixed,16384,64,0,3501583.000,213.720,61036,15332273967921022392
baseline,e45e47f14b45a2f9726d23c80d1d19b33de7745a,1,bit_fixed,16384,64,1,3300458.000,201.444,61036,15332273967921022392
baseline,e45e47f14b45a2f9726d23c80d1d19b33de7745a,1,bit_fixed,16384,64,2,3475834.000,212.148,61036,15332273967921022392
baseline,e45e47f14b45a2f9726d23c80d1d19b33de7745a,1,bit_variable,16384,64,0,4235292.000,258.502,83922,3519228460996590230
baseline,e45e47f14b45a2f9726d23c80d1d19b33de7745a,1,bit_variable,16384,64,1,4058875.000,247.734,83922,3519228460996590230
baseline,e45e47f14b45a2f9726d23c80d1d19b33de7745a,1,bit_variable,16384,64,2,4335917.000,264.643,83922,3519228460996590230
baseline,e45e47f14b45a2f9726d23c80d1d19b33de7745a,2,byte_fixed,16384,64,0,1722333.000,105.123,181451,9251279952100018761
baseline,e45e47f14b45a2f9726d23c80d1d19b33de7745a,2,byte_fixed,16384,64,1,1830458.000,111.722,181451,9251279952100018761
baseline,e45e47f14b45a2f9726d23c80d1d19b33de7745a,2,byte_fixed,16384,64,2,1830791.000,111.743,181451,9251279952100018761
baseline,e45e47f14b45a2f9726d23c80d1d19b33de7745a,2,byte_variable,16384,64,0,2302083.000,140.508,328881,10497002078573155402
baseline,e45e47f14b45a2f9726d23c80d1d19b33de7745a,2,byte_variable,16384,64,1,2267500.000,138.397,328881,10497002078573155402
baseline,e45e47f14b45a2f9726d23c80d1d19b33de7745a,2,byte_variable,16384,64,2,2108917.000,128.718,328881,10497002078573155402
baseline,e45e47f14b45a2f9726d23c80d1d19b33de7745a,2,bit_fixed,16384,64,0,3501125.000,213.692,61036,15332273967921022392
baseline,e45e47f14b45a2f9726d23c80d1d19b33de7745a,2,bit_fixed,16384,64,1,3515250.000,214.554,61036,15332273967921022392
baseline,e45e47f14b45a2f9726d23c80d1d19b33de7745a,2,bit_fixed,16384,64,2,3522125.000,214.973,61036,15332273967921022392
baseline,e45e47f14b45a2f9726d23c80d1d19b33de7745a,2,bit_variable,16384,64,0,4322666.000,263.835,83922,3519228460996590230
baseline,e45e47f14b45a2f9726d23c80d1d19b33de7745a,2,bit_variable,16384,64,1,4039750.000,246.567,83922,3519228460996590230
baseline,e45e47f14b45a2f9726d23c80d1d19b33de7745a,2,bit_variable,16384,64,2,4359583.000,266.088,83922,3519228460996590230
candidate,13c914d824551501a6ae7da6dda98d7f5620e78b,2,byte_fixed,16384,64,0,1826333.000,111.471,181451,9251279952100018761
candidate,13c914d824551501a6ae7da6dda98d7f5620e78b,2,byte_fixed,16384,64,1,1811708.000,110.578,181451,9251279952100018761
candidate,13c914d824551501a6ae7da6dda98d7f5620e78b,2,byte_fixed,16384,64,2,1936292.000,118.182,181451,9251279952100018761
candidate,13c914d824551501a6ae7da6dda98d7f5620e78b,2,byte_variable,16384,64,0,2252334.000,137.472,328881,10497002078573155402
candidate,13c914d824551501a6ae7da6dda98d7f5620e78b,2,byte_variable,16384,64,1,2339208.000,142.774,328881,10497002078573155402
candidate,13c914d824551501a6ae7da6dda98d7f5620e78b,2,byte_variable,16384,64,2,2228334.000,136.007,328881,10497002078573155402
candidate,13c914d824551501a6ae7da6dda98d7f5620e78b,2,bit_fixed,16384,64,0,3352916.000,204.646,61036,15332273967921022392
candidate,13c914d824551501a6ae7da6dda98d7f5620e78b,2,bit_fixed,16384,64,1,3342750.000,204.025,61036,15332273967921022392
candidate,13c914d824551501a6ae7da6dda98d7f5620e78b,2,bit_fixed,16384,64,2,3152750.000,192.429,61036,15332273967921022392
candidate,13c914d824551501a6ae7da6dda98d7f5620e78b,2,bit_variable,16384,64,0,3865584.000,235.937,83922,3519228460996590230
candidate,13c914d824551501a6ae7da6dda98d7f5620e78b,2,bit_variable,16384,64,1,3838584.000,234.289,83922,3519228460996590230
candidate,13c914d824551501a6ae7da6dda98d7f5620e78b,2,bit_variable,16384,64,2,3782417.000,230.860,83922,3519228460996590230
candidate,13c914d824551501a6ae7da6dda98d7f5620e78b,3,byte_fixed,16384,64,0,1870500.000,114.166,181451,9251279952100018761
candidate,13c914d824551501a6ae7da6dda98d7f5620e78b,3,byte_fixed,16384,64,1,1807125.000,110.298,181451,9251279952100018761
candidate,13c914d824551501a6ae7da6dda98d7f5620e78b,3,byte_fixed,16384,64,2,1967708.000,120.099,181451,9251279952100018761
candidate,13c914d824551501a6ae7da6dda98d7f5620e78b,3,byte_variable,16384,64,0,2333917.000,142.451,328881,10497002078573155402
candidate,13c914d824551501a6ae7da6dda98d7f5620e78b,3,byte_variable,16384,64,1,2356083.000,143.804,328881,10497002078573155402
candidate,13c914d824551501a6ae7da6dda98d7f5620e78b,3,byte_variable,16384,64,2,2385917.000,145.625,328881,10497002078573155402
candidate,13c914d824551501a6ae7da6dda98d7f5620e78b,3,bit_fixed,16384,64,0,3088709.000,188.520,61036,15332273967921022392
candidate,13c914d824551501a6ae7da6dda98d7f5620e78b,3,bit_fixed,16384,64,1,3299875.000,201.408,61036,15332273967921022392
candidate,13c914d824551501a6ae7da6dda98d7f5620e78b,3,bit_fixed,16384,64,2,3265125.000,199.287,61036,15332273967921022392
candidate,13c914d824551501a6ae7da6dda98d7f5620e78b,3,bit_variable,16384,64,0,3729334.000,227.620,83922,3519228460996590230
candidate,13c914d824551501a6ae7da6dda98d7f5620e78b,3,bit_variable,16384,64,1,4033667.000,246.195,83922,3519228460996590230
candidate,13c914d824551501a6ae7da6dda98d7f5620e78b,3,bit_variable,16384,64,2,3954000.000,241.333,83922,3519228460996590230
baseline,e45e47f14b45a2f9726d23c80d1d19b33de7745a,3,byte_fixed,16384,64,0,1819875.000,111.076,181451,9251279952100018761
baseline,e45e47f14b45a2f9726d23c80d1d19b33de7745a,3,byte_fixed,16384,64,1,1768000.000,107.910,181451,9251279952100018761
baseline,e45e47f14b45a2f9726d23c80d1d19b33de7745a,3,byte_fixed,16384,64,2,1695750.000,103.500,181451,9251279952100018761
baseline,e45e47f14b45a2f9726d23c80d1d19b33de7745a,3,byte_variable,16384,64,0,2388208.000,145.765,328881,10497002078573155402
baseline,e45e47f14b45a2f9726d23c80d1d19b33de7745a,3,byte_variable,16384,64,1,2422750.000,147.873,328881,10497002078573155402
baseline,e45e47f14b45a2f9726d23c80d1d19b33de7745a,3,byte_variable,16384,64,2,2167708.000,132.306,328881,10497002078573155402
baseline,e45e47f14b45a2f9726d23c80d1d19b33de7745a,3,bit_fixed,16384,64,0,3554959.000,216.977,61036,15332273967921022392
baseline,e45e47f14b45a2f9726d23c80d1d19b33de7745a,3,bit_fixed,16384,64,1,3320250.000,202.652,61036,15332273967921022392
baseline,e45e47f14b45a2f9726d23c80d1d19b33de7745a,3,bit_fixed,16384,64,2,3473708.000,212.018,61036,15332273967921022392
baseline,e45e47f14b45a2f9726d23c80d1d19b33de7745a,3,bit_variable,16384,64,0,4201833.000,256.460,83922,3519228460996590230
baseline,e45e47f14b45a2f9726d23c80d1d19b33de7745a,3,bit_variable,16384,64,1,4046417.000,246.974,83922,3519228460996590230
baseline,e45e47f14b45a2f9726d23c80d1d19b33de7745a,3,bit_variable,16384,64,2,4163667.000,254.130,83922,3519228460996590230
baseline,e45e47f14b45a2f9726d23c80d1d19b33de7745a,4,byte_fixed,16384,64,0,1735375.000,105.919,181451,9251279952100018761
baseline,e45e47f14b45a2f9726d23c80d1d19b33de7745a,4,byte_fixed,16384,64,1,1851166.000,112.986,181451,9251279952100018761
baseline,e45e47f14b45a2f9726d23c80d1d19b33de7745a,4,byte_fixed,16384,64,2,1936042.000,118.167,181451,9251279952100018761
baseline,e45e47f14b45a2f9726d23c80d1d19b33de7745a,4,byte_variable,16384,64,0,2168917.000,132.380,328881,10497002078573155402
baseline,e45e47f14b45a2f9726d23c80d1d19b33de7745a,4,byte_variable,16384,64,1,2144875.000,130.913,328881,10497002078573155402
baseline,e45e47f14b45a2f9726d23c80d1d19b33de7745a,4,byte_variable,16384,64,2,2103375.000,128.380,328881,10497002078573155402
baseline,e45e47f14b45a2f9726d23c80d1d19b33de7745a,4,bit_fixed,16384,64,0,3605750.000,220.078,61036,15332273967921022392
baseline,e45e47f14b45a2f9726d23c80d1d19b33de7745a,4,bit_fixed,16384,64,1,3402375.000,207.664,61036,15332273967921022392
baseline,e45e47f14b45a2f9726d23c80d1d19b33de7745a,4,bit_fixed,16384,64,2,3380625.000,206.337,61036,15332273967921022392
baseline,e45e47f14b45a2f9726d23c80d1d19b33de7745a,4,bit_variable,16384,64,0,4234209.000,258.436,83922,3519228460996590230
baseline,e45e47f14b45a2f9726d23c80d1d19b33de7745a,4,bit_variable,16384,64,1,4078833.000,248.952,83922,3519228460996590230
baseline,e45e47f14b45a2f9726d23c80d1d19b33de7745a,4,bit_variable,16384,64,2,4334625.000,264.565,83922,3519228460996590230
candidate,13c914d824551501a6ae7da6dda98d7f5620e78b,4,byte_fixed,16384,64,0,1799333.000,109.823,181451,9251279952100018761
candidate,13c914d824551501a6ae7da6dda98d7f5620e78b,4,byte_fixed,16384,64,1,1838667.000,112.223,181451,9251279952100018761
candidate,13c914d824551501a6ae7da6dda98d7f5620e78b,4,byte_fixed,16384,64,2,1875084.000,114.446,181451,9251279952100018761
candidate,13c914d824551501a6ae7da6dda98d7f5620e78b,4,byte_variable,16384,64,0,2285250.000,139.481,328881,10497002078573155402
candidate,13c914d824551501a6ae7da6dda98d7f5620e78b,4,byte_variable,16384,64,1,2371084.000,144.719,328881,10497002078573155402
candidate,13c914d824551501a6ae7da6dda98d7f5620e78b,4,byte_variable,16384,64,2,2297916.000,140.254,328881,10497002078573155402
candidate,13c914d824551501a6ae7da6dda98d7f5620e78b,4,bit_fixed,16384,64,0,3249875.000,198.357,61036,15332273967921022392
candidate,13c914d824551501a6ae7da6dda98d7f5620e78b,4,bit_fixed,16384,64,1,3234542.000,197.421,61036,15332273967921022392
candidate,13c914d824551501a6ae7da6dda98d7f5620e78b,4,bit_fixed,16384,64,2,3171250.000,193.558,61036,15332273967921022392
candidate,13c914d824551501a6ae7da6dda98d7f5620e78b,4,bit_variable,16384,64,0,3902083.000,238.164,83922,3519228460996590230
candidate,13c914d824551501a6ae7da6dda98d7f5620e78b,4,bit_variable,16384,64,1,3880333.000,236.837,83922,3519228460996590230
candidate,13c914d824551501a6ae7da6dda98d7f5620e78b,4,bit_variable,16384,64,2,3742833.000,228.444,83922,3519228460996590230
baseline,e45e47f14b45a2f9726d23c80d1d19b33de7745a,0,byte_fixed,16384,4096,0,7335333.000,447.713,186576,5612214398717272028
baseline,e45e47f14b45a2f9726d23c80d1d19b33de7745a,0,byte_fixed,16384,4096,1,6964583.000,425.084,186576,5612214398717272028
baseline,e45e47f14b45a2f9726d23c80d1d19b33de7745a,0,byte_fixed,16384,4096,2,6985750.000,426.376,186576,5612214398717272028
baseline,e45e47f14b45a2f9726d23c80d1d19b33de7745a,0,byte_variable,16384,4096,0,7282542.000,444.491,334006,4791216179081258656
baseline,e45e47f14b45a2f9726d23c80d1d19b33de7745a,0,byte_variable,16384,4096,1,7190750.000,438.889,334006,4791216179081258656
baseline,e45e47f14b45a2f9726d23c80d1d19b33de7745a,0,byte_variable,16384,4096,2,7482709.000,456.708,334006,4791216179081258656
baseline,e45e47f14b45a2f9726d23c80d1d19b33de7745a,0,bit_fixed,16384,4096,0,8489875.000,518.181,66708,374035844620169527
baseline,e45e47f14b45a2f9726d23c80d1d19b33de7745a,0,bit_fixed,16384,4096,1,8682916.000,529.963,66708,374035844620169527
baseline,e45e47f14b45a2f9726d23c80d1d19b33de7745a,0,bit_fixed,16384,4096,2,8497792.000,518.664,66708,374035844620169527
baseline,e45e47f14b45a2f9726d23c80d1d19b33de7745a,0,bit_variable,16384,4096,0,9164417.000,559.352,89594,7566003197018918730
baseline,e45e47f14b45a2f9726d23c80d1d19b33de7745a,0,bit_variable,16384,4096,1,13676166.000,834.727,89594,7566003197018918730
baseline,e45e47f14b45a2f9726d23c80d1d19b33de7745a,0,bit_variable,16384,4096,2,9168458.000,559.598,89594,7566003197018918730
candidate,13c914d824551501a6ae7da6dda98d7f5620e78b,0,byte_fixed,16384,4096,0,1915500.000,116.913,186576,5612214398717272028
candidate,13c914d824551501a6ae7da6dda98d7f5620e78b,0,byte_fixed,16384,4096,1,1950625.000,119.057,186576,5612214398717272028
candidate,13c914d824551501a6ae7da6dda98d7f5620e78b,0,byte_fixed,16384,4096,2,1872833.000,114.309,186576,5612214398717272028
candidate,13c914d824551501a6ae7da6dda98d7f5620e78b,0,byte_variable,16384,4096,0,2242875.000,136.894,334006,4791216179081258656
candidate,13c914d824551501a6ae7da6dda98d7f5620e78b,0,byte_variable,16384,4096,1,2421333.000,147.786,334006,4791216179081258656
candidate,13c914d824551501a6ae7da6dda98d7f5620e78b,0,byte_variable,16384,4096,2,2410083.000,147.100,334006,4791216179081258656
candidate,13c914d824551501a6ae7da6dda98d7f5620e78b,0,bit_fixed,16384,4096,0,3206208.000,195.691,66708,374035844620169527
candidate,13c914d824551501a6ae7da6dda98d7f5620e78b,0,bit_fixed,16384,4096,1,3261083.000,199.041,66708,374035844620169527
candidate,13c914d824551501a6ae7da6dda98d7f5620e78b,0,bit_fixed,16384,4096,2,3310333.000,202.047,66708,374035844620169527
candidate,13c914d824551501a6ae7da6dda98d7f5620e78b,0,bit_variable,16384,4096,0,3870459.000,236.234,89594,7566003197018918730
candidate,13c914d824551501a6ae7da6dda98d7f5620e78b,0,bit_variable,16384,4096,1,3858417.000,235.499,89594,7566003197018918730
candidate,13c914d824551501a6ae7da6dda98d7f5620e78b,0,bit_variable,16384,4096,2,4042250.000,246.719,89594,7566003197018918730
candidate,13c914d824551501a6ae7da6dda98d7f5620e78b,1,byte_fixed,16384,4096,0,2008167.000,122.569,186576,5612214398717272028
candidate,13c914d824551501a6ae7da6dda98d7f5620e78b,1,byte_fixed,16384,4096,1,1850417.000,112.940,186576,5612214398717272028
candidate,13c914d824551501a6ae7da6dda98d7f5620e78b,1,byte_fixed,16384,4096,2,1855541.000,113.253,186576,5612214398717272028
candidate,13c914d824551501a6ae7da6dda98d7f5620e78b,1,byte_variable,16384,4096,0,2280875.000,139.214,334006,4791216179081258656
candidate,13c914d824551501a6ae7da6dda98d7f5620e78b,1,byte_variable,16384,4096,1,2249875.000,137.321,334006,4791216179081258656
candidate,13c914d824551501a6ae7da6dda98d7f5620e78b,1,byte_variable,16384,4096,2,2257333.000,137.777,334006,4791216179081258656
candidate,13c914d824551501a6ae7da6dda98d7f5620e78b,1,bit_fixed,16384,4096,0,3179250.000,194.046,66708,374035844620169527
candidate,13c914d824551501a6ae7da6dda98d7f5620e78b,1,bit_fixed,16384,4096,1,3373667.000,205.912,66708,374035844620169527
candidate,13c914d824551501a6ae7da6dda98d7f5620e78b,1,bit_fixed,16384,4096,2,3294875.000,201.103,66708,374035844620169527
candidate,13c914d824551501a6ae7da6dda98d7f5620e78b,1,bit_variable,16384,4096,0,3869708.000,236.188,89594,7566003197018918730
candidate,13c914d824551501a6ae7da6dda98d7f5620e78b,1,bit_variable,16384,4096,1,3764084.000,229.741,89594,7566003197018918730
candidate,13c914d824551501a6ae7da6dda98d7f5620e78b,1,bit_variable,16384,4096,2,3961209.000,241.773,89594,7566003197018918730
baseline,e45e47f14b45a2f9726d23c80d1d19b33de7745a,1,byte_fixed,16384,4096,0,7217791.000,440.539,186576,5612214398717272028
baseline,e45e47f14b45a2f9726d23c80d1d19b33de7745a,1,byte_fixed,16384,4096,1,7142916.000,435.969,186576,5612214398717272028
baseline,e45e47f14b45a2f9726d23c80d1d19b33de7745a,1,byte_fixed,16384,4096,2,7405750.000,452.011,186576,5612214398717272028
baseline,e45e47f14b45a2f9726d23c80d1d19b33de7745a,1,byte_variable,16384,4096,0,7767375.000,474.083,334006,4791216179081258656
baseline,e45e47f14b45a2f9726d23c80d1d19b33de7745a,1,byte_variable,16384,4096,1,7336875.000,447.807,334006,4791216179081258656
baseline,e45e47f14b45a2f9726d23c80d1d19b33de7745a,1,byte_variable,16384,4096,2,7478416.000,456.446,334006,4791216179081258656
baseline,e45e47f14b45a2f9726d23c80d1d19b33de7745a,1,bit_fixed,16384,4096,0,8750708.000,534.101,66708,374035844620169527
baseline,e45e47f14b45a2f9726d23c80d1d19b33de7745a,1,bit_fixed,16384,4096,1,8817875.000,538.200,66708,374035844620169527
baseline,e45e47f14b45a2f9726d23c80d1d19b33de7745a,1,bit_fixed,16384,4096,2,8566791.000,522.875,66708,374035844620169527
baseline,e45e47f14b45a2f9726d23c80d1d19b33de7745a,1,bit_variable,16384,4096,0,9473417.000,578.211,89594,7566003197018918730
baseline,e45e47f14b45a2f9726d23c80d1d19b33de7745a,1,bit_variable,16384,4096,1,9266500.000,565.582,89594,7566003197018918730
baseline,e45e47f14b45a2f9726d23c80d1d19b33de7745a,1,bit_variable,16384,4096,2,9441875.000,576.286,89594,7566003197018918730
baseline,e45e47f14b45a2f9726d23c80d1d19b33de7745a,2,byte_fixed,16384,4096,0,6787750.000,414.291,186576,5612214398717272028
baseline,e45e47f14b45a2f9726d23c80d1d19b33de7745a,2,byte_fixed,16384,4096,1,6878583.000,419.835,186576,5612214398717272028
baseline,e45e47f14b45a2f9726d23c80d1d19b33de7745a,2,byte_fixed,16384,4096,2,7242042.000,442.019,186576,5612214398717272028
baseline,e45e47f14b45a2f9726d23c80d1d19b33de7745a,2,byte_variable,16384,4096,0,7531541.000,459.689,334006,4791216179081258656
baseline,e45e47f14b45a2f9726d23c80d1d19b33de7745a,2,byte_variable,16384,4096,1,7380459.000,450.467,334006,4791216179081258656
baseline,e45e47f14b45a2f9726d23c80d1d19b33de7745a,2,byte_variable,16384,4096,2,7428791.000,453.417,334006,4791216179081258656
baseline,e45e47f14b45a2f9726d23c80d1d19b33de7745a,2,bit_fixed,16384,4096,0,8517292.000,519.854,66708,374035844620169527
baseline,e45e47f14b45a2f9726d23c80d1d19b33de7745a,2,bit_fixed,16384,4096,1,8765958.000,535.032,66708,374035844620169527
baseline,e45e47f14b45a2f9726d23c80d1d19b33de7745a,2,bit_fixed,16384,4096,2,8518750.000,519.943,66708,374035844620169527
baseline,e45e47f14b45a2f9726d23c80d1d19b33de7745a,2,bit_variable,16384,4096,0,9207875.000,562.004,89594,7566003197018918730
baseline,e45e47f14b45a2f9726d23c80d1d19b33de7745a,2,bit_variable,16384,4096,1,9244292.000,564.227,89594,7566003197018918730
baseline,e45e47f14b45a2f9726d23c80d1d19b33de7745a,2,bit_variable,16384,4096,2,9213792.000,562.365,89594,7566003197018918730
candidate,13c914d824551501a6ae7da6dda98d7f5620e78b,2,byte_fixed,16384,4096,0,1948166.000,118.907,186576,5612214398717272028
candidate,13c914d824551501a6ae7da6dda98d7f5620e78b,2,byte_fixed,16384,4096,1,1916000.000,116.943,186576,5612214398717272028
candidate,13c914d824551501a6ae7da6dda98d7f5620e78b,2,byte_fixed,16384,4096,2,1860833.000,113.576,186576,5612214398717272028
candidate,13c914d824551501a6ae7da6dda98d7f5620e78b,2,byte_variable,16384,4096,0,2321250.000,141.678,334006,4791216179081258656
candidate,13c914d824551501a6ae7da6dda98d7f5620e78b,2,byte_variable,16384,4096,1,2314750.000,141.281,334006,4791216179081258656
candidate,13c914d824551501a6ae7da6dda98d7f5620e78b,2,byte_variable,16384,4096,2,2319250.000,141.556,334006,4791216179081258656
candidate,13c914d824551501a6ae7da6dda98d7f5620e78b,2,bit_fixed,16384,4096,0,3089750.000,188.583,66708,374035844620169527
candidate,13c914d824551501a6ae7da6dda98d7f5620e78b,2,bit_fixed,16384,4096,1,3201708.000,195.417,66708,374035844620169527
candidate,13c914d824551501a6ae7da6dda98d7f5620e78b,2,bit_fixed,16384,4096,2,3316542.000,202.426,66708,374035844620169527
candidate,13c914d824551501a6ae7da6dda98d7f5620e78b,2,bit_variable,16384,4096,0,3806084.000,232.305,89594,7566003197018918730
candidate,13c914d824551501a6ae7da6dda98d7f5620e78b,2,bit_variable,16384,4096,1,3765291.000,229.815,89594,7566003197018918730
candidate,13c914d824551501a6ae7da6dda98d7f5620e78b,2,bit_variable,16384,4096,2,3789083.000,231.267,89594,7566003197018918730
candidate,13c914d824551501a6ae7da6dda98d7f5620e78b,3,byte_fixed,16384,4096,0,1881625.000,114.845,186576,5612214398717272028
candidate,13c914d824551501a6ae7da6dda98d7f5620e78b,3,byte_fixed,16384,4096,1,1956542.000,119.418,186576,5612214398717272028
candidate,13c914d824551501a6ae7da6dda98d7f5620e78b,3,byte_fixed,16384,4096,2,1856709.000,113.325,186576,5612214398717272028
candidate,13c914d824551501a6ae7da6dda98d7f5620e78b,3,byte_variable,16384,4096,0,2235709.000,136.457,334006,4791216179081258656
candidate,13c914d824551501a6ae7da6dda98d7f5620e78b,3,byte_variable,16384,4096,1,2246166.000,137.095,334006,4791216179081258656
candidate,13c914d824551501a6ae7da6dda98d7f5620e78b,3,byte_variable,16384,4096,2,2245125.000,137.032,334006,4791216179081258656
candidate,13c914d824551501a6ae7da6dda98d7f5620e78b,3,bit_fixed,16384,4096,0,3167750.000,193.344,66708,374035844620169527
candidate,13c914d824551501a6ae7da6dda98d7f5620e78b,3,bit_fixed,16384,4096,1,3222083.000,196.660,66708,374035844620169527
candidate,13c914d824551501a6ae7da6dda98d7f5620e78b,3,bit_fixed,16384,4096,2,3160541.000,192.904,66708,374035844620169527
candidate,13c914d824551501a6ae7da6dda98d7f5620e78b,3,bit_variable,16384,4096,0,3769083.000,230.047,89594,7566003197018918730
candidate,13c914d824551501a6ae7da6dda98d7f5620e78b,3,bit_variable,16384,4096,1,3826042.000,233.523,89594,7566003197018918730
candidate,13c914d824551501a6ae7da6dda98d7f5620e78b,3,bit_variable,16384,4096,2,3780167.000,230.723,89594,7566003197018918730
baseline,e45e47f14b45a2f9726d23c80d1d19b33de7745a,3,byte_fixed,16384,4096,0,6941542.000,423.678,186576,5612214398717272028
baseline,e45e47f14b45a2f9726d23c80d1d19b33de7745a,3,byte_fixed,16384,4096,1,6885083.000,420.232,186576,5612214398717272028
baseline,e45e47f14b45a2f9726d23c80d1d19b33de7745a,3,byte_fixed,16384,4096,2,7180833.000,438.283,186576,5612214398717272028
baseline,e45e47f14b45a2f9726d23c80d1d19b33de7745a,3,byte_variable,16384,4096,0,7435834.000,453.847,334006,4791216179081258656
baseline,e45e47f14b45a2f9726d23c80d1d19b33de7745a,3,byte_variable,16384,4096,1,7630959.000,465.757,334006,4791216179081258656
baseline,e45e47f14b45a2f9726d23c80d1d19b33de7745a,3,byte_variable,16384,4096,2,7354834.000,448.903,334006,4791216179081258656
baseline,e45e47f14b45a2f9726d23c80d1d19b33de7745a,3,bit_fixed,16384,4096,0,8661417.000,528.651,66708,374035844620169527
baseline,e45e47f14b45a2f9726d23c80d1d19b33de7745a,3,bit_fixed,16384,4096,1,8557250.000,522.293,66708,374035844620169527
baseline,e45e47f14b45a2f9726d23c80d1d19b33de7745a,3,bit_fixed,16384,4096,2,8466583.000,516.759,66708,374035844620169527
baseline,e45e47f14b45a2f9726d23c80d1d19b33de7745a,3,bit_variable,16384,4096,0,9051458.000,552.457,89594,7566003197018918730
baseline,e45e47f14b45a2f9726d23c80d1d19b33de7745a,3,bit_variable,16384,4096,1,9195583.000,561.254,89594,7566003197018918730
baseline,e45e47f14b45a2f9726d23c80d1d19b33de7745a,3,bit_variable,16384,4096,2,9133125.000,557.442,89594,7566003197018918730
baseline,e45e47f14b45a2f9726d23c80d1d19b33de7745a,4,byte_fixed,16384,4096,0,6976500.000,425.812,186576,5612214398717272028
baseline,e45e47f14b45a2f9726d23c80d1d19b33de7745a,4,byte_fixed,16384,4096,1,7011416.000,427.943,186576,5612214398717272028
baseline,e45e47f14b45a2f9726d23c80d1d19b33de7745a,4,byte_fixed,16384,4096,2,6993250.000,426.834,186576,5612214398717272028
baseline,e45e47f14b45a2f9726d23c80d1d19b33de7745a,4,byte_variable,16384,4096,0,7378833.000,450.368,334006,4791216179081258656
baseline,e45e47f14b45a2f9726d23c80d1d19b33de7745a,4,byte_variable,16384,4096,1,7488917.000,457.087,334006,4791216179081258656
baseline,e45e47f14b45a2f9726d23c80d1d19b33de7745a,4,byte_variable,16384,4096,2,7297208.000,445.386,334006,4791216179081258656
baseline,e45e47f14b45a2f9726d23c80d1d19b33de7745a,4,bit_fixed,16384,4096,0,8460375.000,516.380,66708,374035844620169527
baseline,e45e47f14b45a2f9726d23c80d1d19b33de7745a,4,bit_fixed,16384,4096,1,8539875.000,521.233,66708,374035844620169527
baseline,e45e47f14b45a2f9726d23c80d1d19b33de7745a,4,bit_fixed,16384,4096,2,8374000.000,511.108,66708,374035844620169527
baseline,e45e47f14b45a2f9726d23c80d1d19b33de7745a,4,bit_variable,16384,4096,0,9037333.000,551.595,89594,7566003197018918730
baseline,e45e47f14b45a2f9726d23c80d1d19b33de7745a,4,bit_variable,16384,4096,1,9127208.000,557.081,89594,7566003197018918730
baseline,e45e47f14b45a2f9726d23c80d1d19b33de7745a,4,bit_variable,16384,4096,2,9135125.000,557.564,89594,7566003197018918730
candidate,13c914d824551501a6ae7da6dda98d7f5620e78b,4,byte_fixed,16384,4096,0,1837583.000,112.157,186576,5612214398717272028
candidate,13c914d824551501a6ae7da6dda98d7f5620e78b,4,byte_fixed,16384,4096,1,1838542.000,112.216,186576,5612214398717272028
candidate,13c914d824551501a6ae7da6dda98d7f5620e78b,4,byte_fixed,16384,4096,2,1865709.000,113.874,186576,5612214398717272028
candidate,13c914d824551501a6ae7da6dda98d7f5620e78b,4,byte_variable,16384,4096,0,2265083.000,138.250,334006,4791216179081258656
candidate,13c914d824551501a6ae7da6dda98d7f5620e78b,4,byte_variable,16384,4096,1,2258083.000,137.822,334006,4791216179081258656
candidate,13c914d824551501a6ae7da6dda98d7f5620e78b,4,byte_variable,16384,4096,2,2236708.000,136.518,334006,4791216179081258656
candidate,13c914d824551501a6ae7da6dda98d7f5620e78b,4,bit_fixed,16384,4096,0,3208125.000,195.808,66708,374035844620169527
candidate,13c914d824551501a6ae7da6dda98d7f5620e78b,4,bit_fixed,16384,4096,1,3196333.000,195.089,66708,374035844620169527
candidate,13c914d824551501a6ae7da6dda98d7f5620e78b,4,bit_fixed,16384,4096,2,3196875.000,195.122,66708,374035844620169527
candidate,13c914d824551501a6ae7da6dda98d7f5620e78b,4,bit_variable,16384,4096,0,3954500.000,241.364,89594,7566003197018918730
candidate,13c914d824551501a6ae7da6dda98d7f5620e78b,4,bit_variable,16384,4096,1,3770833.000,230.153,89594,7566003197018918730
candidate,13c914d824551501a6ae7da6dda98d7f5620e78b,4,bit_variable,16384,4096,2,3834125.000,234.016,89594,7566003197018918730
