variant,trial,profile,group_size,base_records,prefix_bytes,head_entries,prefix_catalogs,queries,prepare_ns,query_ns,visited_catalogs,matches,checksum,codec_block_size,native_payload_bytes,borrowed_payload_bytes,offset_array_bytes,rank_array_bytes,cut_lcp_array_bytes,false_borrow_bytes,total_array_bytes
baseline,0,byte,15,4096,0,87,1,4096,16292.000,3099.762,20480,2796,331823824949766785,15,56790,1379,728,280,3128,50,62355
baseline,0,bit,15,4096,0,87,1,4096,17959.000,4527.496,20480,2796,331823824949766785,15,53782,1214,856,280,3128,50,59310
outlined,0,byte,15,4096,0,87,1,4096,25667.000,2736.145,20480,2796,331823824949766785,15,56790,1379,728,280,3128,50,62355
outlined,0,bit,15,4096,0,87,1,4096,27208.000,4188.263,20480,2796,331823824949766785,15,53782,1214,856,280,3128,50,59310
fail_stop,0,byte,15,4096,0,87,1,4096,16916.000,2633.240,20480,2796,331823824949766785,15,56790,1379,728,280,3128,50,62355
fail_stop,0,bit,15,4096,0,87,1,4096,19500.000,4071.401,20480,2796,331823824949766785,15,53782,1214,856,280,3128,50,59310
baseline,0,byte,15,4096,0,87,1,4096,29458.000,3168.599,20480,2796,331823824949766785,15,56790,1379,728,280,3128,50,62355
baseline,0,bit,15,4096,0,87,1,4096,18084.000,4609.823,20480,2796,331823824949766785,15,53782,1214,856,280,3128,50,59310
fail_stop,0,byte,15,4096,0,87,1,4096,27708.000,2692.667,20480,2796,331823824949766785,15,56790,1379,728,280,3128,50,62355
fail_stop,0,bit,15,4096,0,87,1,4096,35292.000,4124.268,20480,2796,331823824949766785,15,53782,1214,856,280,3128,50,59310
outlined,0,byte,15,4096,0,87,1,4096,16125.000,2678.935,20480,2796,331823824949766785,15,56790,1379,728,280,3128,50,62355
outlined,0,bit,15,4096,0,87,1,4096,27042.000,4114.258,20480,2796,331823824949766785,15,53782,1214,856,280,3128,50,59310
fail_stop,0,byte,15,4096,0,87,1,4096,22500.000,2693.003,20480,2796,331823824949766785,15,56790,1379,728,280,3128,50,62355
fail_stop,0,bit,15,4096,0,87,1,4096,24583.000,4095.398,20480,2796,331823824949766785,15,53782,1214,856,280,3128,50,59310
baseline,0,byte,15,4096,0,87,1,4096,36083.000,3135.396,20480,2796,331823824949766785,15,56790,1379,728,280,3128,50,62355
baseline,0,bit,15,4096,0,87,1,4096,23041.000,4692.698,20480,2796,331823824949766785,15,53782,1214,856,280,3128,50,59310
outlined,0,byte,15,4096,0,87,1,4096,21000.000,2695.903,20480,2796,331823824949766785,15,56790,1379,728,280,3128,50,62355
outlined,0,bit,15,4096,0,87,1,4096,28250.000,4124.705,20480,2796,331823824949766785,15,53782,1214,856,280,3128,50,59310
fail_stop,0,byte,15,4096,0,87,1,4096,21667.000,2708.232,20480,2796,331823824949766785,15,56790,1379,728,280,3128,50,62355
fail_stop,0,bit,15,4096,0,87,1,4096,23125.000,4195.974,20480,2796,331823824949766785,15,53782,1214,856,280,3128,50,59310
outlined,0,byte,15,4096,0,87,1,4096,20500.000,2633.301,20480,2796,331823824949766785,15,56790,1379,728,280,3128,50,62355
outlined,0,bit,15,4096,0,87,1,4096,23083.000,4240.427,20480,2796,331823824949766785,15,53782,1214,856,280,3128,50,59310
baseline,0,byte,15,4096,0,87,1,4096,21667.000,3089.590,20480,2796,331823824949766785,15,56790,1379,728,280,3128,50,62355
baseline,0,bit,15,4096,0,87,1,4096,30459.000,4451.202,20480,2796,331823824949766785,15,53782,1214,856,280,3128,50,59310
outlined,0,byte,15,4096,0,87,1,4096,18083.000,2637.532,20480,2796,331823824949766785,15,56790,1379,728,280,3128,50,62355
outlined,0,bit,15,4096,0,87,1,4096,26667.000,4057.353,20480,2796,331823824949766785,15,53782,1214,856,280,3128,50,59310
fail_stop,0,byte,15,4096,0,87,1,4096,32250.000,2671.509,20480,2796,331823824949766785,15,56790,1379,728,280,3128,50,62355
fail_stop,0,bit,15,4096,0,87,1,4096,29625.000,4026.204,20480,2796,331823824949766785,15,53782,1214,856,280,3128,50,59310
baseline,0,byte,15,4096,0,87,1,4096,15958.000,3163.127,20480,2796,331823824949766785,15,56790,1379,728,280,3128,50,62355
baseline,0,bit,15,4096,0,87,1,4096,31083.000,4440.094,20480,2796,331823824949766785,15,53782,1214,856,280,3128,50,59310
baseline,0,byte,15,4096,64,87,1,4096,18958.000,3086.090,20480,2796,331823824949766785,15,57046,1635,728,280,3128,50,62867
baseline,0,bit,15,4096,64,87,1,4096,30333.000,4700.256,20480,2796,331823824949766785,15,54313,1491,856,280,3128,50,60118
outlined,0,byte,15,4096,64,87,1,4096,19000.000,2671.417,20480,2796,331823824949766785,15,57046,1635,728,280,3128,50,62867
outlined,0,bit,15,4096,64,87,1,4096,30750.000,4256.266,20480,2796,331823824949766785,15,54313,1491,856,280,3128,50,60118
fail_stop,0,byte,15,4096,64,87,1,4096,21666.000,2639.038,20480,2796,331823824949766785,15,57046,1635,728,280,3128,50,62867
fail_stop,0,bit,15,4096,64,87,1,4096,27208.000,4134.074,20480,2796,331823824949766785,15,54313,1491,856,280,3128,50,60118
baseline,0,byte,15,4096,64,87,1,4096,18625.000,3147.461,20480,2796,331823824949766785,15,57046,1635,728,280,3128,50,62867
baseline,0,bit,15,4096,64,87,1,4096,42542.000,4714.559,20480,2796,331823824949766785,15,54313,1491,856,280,3128,50,60118
fail_stop,0,byte,15,4096,64,87,1,4096,20542.000,2671.072,20480,2796,331823824949766785,15,57046,1635,728,280,3128,50,62867
fail_stop,0,bit,15,4096,64,87,1,4096,18084.000,4221.446,20480,2796,331823824949766785,15,54313,1491,856,280,3128,50,60118
outlined,0,byte,15,4096,64,87,1,4096,30333.000,2710.266,20480,2796,331823824949766785,15,57046,1635,728,280,3128,50,62867
outlined,0,bit,15,4096,64,87,1,4096,43584.000,4379.303,20480,2796,331823824949766785,15,54313,1491,856,280,3128,50,60118
fail_stop,0,byte,15,4096,64,87,1,4096,16750.000,2713.450,20480,2796,331823824949766785,15,57046,1635,728,280,3128,50,62867
fail_stop,0,bit,15,4096,64,87,1,4096,29375.000,4160.573,20480,2796,331823824949766785,15,54313,1491,856,280,3128,50,60118
baseline,0,byte,15,4096,64,87,1,4096,15125.000,3070.648,20480,2796,331823824949766785,15,57046,1635,728,280,3128,50,62867
baseline,0,bit,15,4096,64,87,1,4096,21375.000,4695.272,20480,2796,331823824949766785,15,54313,1491,856,280,3128,50,60118
outlined,0,byte,15,4096,64,87,1,4096,17875.000,2768.036,20480,2796,331823824949766785,15,57046,1635,728,280,3128,50,62867
outlined,0,bit,15,4096,64,87,1,4096,61875.000,4355.052,20480,2796,331823824949766785,15,54313,1491,856,280,3128,50,60118
fail_stop,0,byte,15,4096,64,87,1,4096,13166.000,2745.707,20480,2796,331823824949766785,15,57046,1635,728,280,3128,50,62867
fail_stop,0,bit,15,4096,64,87,1,4096,34125.000,4199.839,20480,2796,331823824949766785,15,54313,1491,856,280,3128,50,60118
outlined,0,byte,15,4096,64,87,1,4096,19417.000,2744.141,20480,2796,331823824949766785,15,57046,1635,728,280,3128,50,62867
outlined,0,bit,15,4096,64,87,1,4096,27125.000,4315.867,20480,2796,331823824949766785,15,54313,1491,856,280,3128,50,60118
baseline,0,byte,15,4096,64,87,1,4096,22000.000,3191.762,20480,2796,331823824949766785,15,57046,1635,728,280,3128,50,62867
baseline,0,bit,15,4096,64,87,1,4096,25458.000,4658.386,20480,2796,331823824949766785,15,54313,1491,856,280,3128,50,60118
outlined,0,byte,15,4096,64,87,1,4096,22500.000,2687.236,20480,2796,331823824949766785,15,57046,1635,728,280,3128,50,62867
outlined,0,bit,15,4096,64,87,1,4096,24083.000,4391.357,20480,2796,331823824949766785,15,54313,1491,856,280,3128,50,60118
fail_stop,0,byte,15,4096,64,87,1,4096,24875.000,2680.735,20480,2796,331823824949766785,15,57046,1635,728,280,3128,50,62867
fail_stop,0,bit,15,4096,64,87,1,4096,24000.000,4244.669,20480,2796,331823824949766785,15,54313,1491,856,280,3128,50,60118
baseline,0,byte,15,4096,64,87,1,4096,17250.000,3199.707,20480,2796,331823824949766785,15,57046,1635,728,280,3128,50,62867
baseline,0,bit,15,4096,64,87,1,4096,29000.000,4692.749,20480,2796,331823824949766785,15,54313,1491,856,280,3128,50,60118
baseline,0,byte,15,65536,64,1390,2,4096,171833.000,3840.505,24576,2810,17916971327959202543,15,1017774,21957,7856,3552,49768,779,1101686
baseline,0,bit,15,65536,64,1390,2,4096,199750.000,5622.864,24576,2810,17916971327959202543,15,987547,19696,10128,3552,49768,779,1071470
outlined,0,byte,15,65536,64,1390,2,4096,110583.000,3376.455,24576,2810,17916971327959202543,15,1017774,21957,7856,3552,49768,779,1101686
outlined,0,bit,15,65536,64,1390,2,4096,164750.000,5131.388,24576,2810,17916971327959202543,15,987547,19696,10128,3552,49768,779,1071470
fail_stop,0,byte,15,65536,64,1390,2,4096,101542.000,3230.530,24576,2810,17916971327959202543,15,1017774,21957,7856,3552,49768,779,1101686
fail_stop,0,bit,15,65536,64,1390,2,4096,169458.000,5085.622,24576,2810,17916971327959202543,15,987547,19696,10128,3552,49768,779,1071470
baseline,0,byte,15,65536,64,1390,2,4096,122583.000,3820.058,24576,2810,17916971327959202543,15,1017774,21957,7856,3552,49768,779,1101686
baseline,0,bit,15,65536,64,1390,2,4096,193333.000,5664.418,24576,2810,17916971327959202543,15,987547,19696,10128,3552,49768,779,1071470
fail_stop,0,byte,15,65536,64,1390,2,4096,102917.000,3236.928,24576,2810,17916971327959202543,15,1017774,21957,7856,3552,49768,779,1101686
fail_stop,0,bit,15,65536,64,1390,2,4096,159375.000,5138.082,24576,2810,17916971327959202543,15,987547,19696,10128,3552,49768,779,1071470
outlined,0,byte,15,65536,64,1390,2,4096,121000.000,3249.461,24576,2810,17916971327959202543,15,1017774,21957,7856,3552,49768,779,1101686
outlined,0,bit,15,65536,64,1390,2,4096,162875.000,5129.506,24576,2810,17916971327959202543,15,987547,19696,10128,3552,49768,779,1071470
fail_stop,0,byte,15,65536,64,1390,2,4096,95958.000,3236.989,24576,2810,17916971327959202543,15,1017774,21957,7856,3552,49768,779,1101686
fail_stop,0,bit,15,65536,64,1390,2,4096,157417.000,5166.067,24576,2810,17916971327959202543,15,987547,19696,10128,3552,49768,779,1071470
baseline,0,byte,15,65536,64,1390,2,4096,112958.000,3785.329,24576,2810,17916971327959202543,15,1017774,21957,7856,3552,49768,779,1101686
baseline,0,bit,15,65536,64,1390,2,4096,170959.000,5646.780,24576,2810,17916971327959202543,15,987547,19696,10128,3552,49768,779,1071470
outlined,0,byte,15,65536,64,1390,2,4096,112750.000,3226.705,24576,2810,17916971327959202543,15,1017774,21957,7856,3552,49768,779,1101686
outlined,0,bit,15,65536,64,1390,2,4096,164000.000,5123.759,24576,2810,17916971327959202543,15,987547,19696,10128,3552,49768,779,1071470
fail_stop,0,byte,15,65536,64,1390,2,4096,103042.000,3259.013,24576,2810,17916971327959202543,15,1017774,21957,7856,3552,49768,779,1101686
fail_stop,0,bit,15,65536,64,1390,2,4096,160792.000,5182.526,24576,2810,17916971327959202543,15,987547,19696,10128,3552,49768,779,1071470
outlined,0,byte,15,65536,64,1390,2,4096,104625.000,3433.126,24576,2810,17916971327959202543,15,1017774,21957,7856,3552,49768,779,1101686
outlined,0,bit,15,65536,64,1390,2,4096,176500.000,5191.925,24576,2810,17916971327959202543,15,987547,19696,10128,3552,49768,779,1071470
baseline,0,byte,15,65536,64,1390,2,4096,121292.000,3802.663,24576,2810,17916971327959202543,15,1017774,21957,7856,3552,49768,779,1101686
baseline,0,bit,15,65536,64,1390,2,4096,202833.000,5791.463,24576,2810,17916971327959202543,15,987547,19696,10128,3552,49768,779,1071470
outlined,0,byte,15,65536,64,1390,2,4096,120375.000,3412.852,24576,2810,17916971327959202543,15,1017774,21957,7856,3552,49768,779,1101686
outlined,0,bit,15,65536,64,1390,2,4096,162417.000,5117.523,24576,2810,17916971327959202543,15,987547,19696,10128,3552,49768,779,1071470
fail_stop,0,byte,15,65536,64,1390,2,4096,110667.000,3301.778,24576,2810,17916971327959202543,15,1017774,21957,7856,3552,49768,779,1101686
fail_stop,0,bit,15,65536,64,1390,2,4096,168250.000,5347.463,24576,2810,17916971327959202543,15,987547,19696,10128,3552,49768,779,1071470
baseline,0,byte,15,65536,64,1390,2,4096,109334.000,3769.002,24576,2810,17916971327959202543,15,1017774,21957,7856,3552,49768,779,1101686
baseline,0,bit,15,65536,64,1390,2,4096,178834.000,5710.582,24576,2810,17916971327959202543,15,987547,19696,10128,3552,49768,779,1071470
