variant,revision,profile,group_size,base_records,prefix_bytes,head_entries,prefix_catalogs,queries,trial,prepare_ns,query_ns,visited_catalogs,matches,checksum,codec_block_size,native_payload_bytes,borrowed_payload_bytes,offset_array_bytes,rank_array_bytes,cut_lcp_array_bytes,false_borrow_bytes,total_array_bytes
baseline_w15,18daa213552ec44872f9c042a7977fbe7c81c07d,byte,15,4096,0,87,1,4096,0,20541.000,1897.878,20480,2796,331823824949766785,15,56790,1379,728,280,3128,50,62355
baseline_w15,18daa213552ec44872f9c042a7977fbe7c81c07d,bit,15,4096,0,87,1,4096,0,20583.000,2932.190,20480,2796,331823824949766785,15,53782,1214,856,280,3128,50,59310
candidate_w15,a12eb8019d49052c370bcc62a593b6a317bec9fa,byte,15,4096,0,87,1,4096,0,10541.000,1974.701,20480,2796,331823824949766785,15,56424,1351,728,280,3128,50,61961
candidate_w15,a12eb8019d49052c370bcc62a593b6a317bec9fa,bit,15,4096,0,87,1,4096,0,22333.000,2954.366,20480,2796,331823824949766785,15,53443,1186,856,280,3128,50,58943
candidate_w15,a12eb8019d49052c370bcc62a593b6a317bec9fa,byte,15,4096,0,87,1,4096,1,12792.000,1967.712,20480,2796,331823824949766785,15,56424,1351,728,280,3128,50,61961
candidate_w15,a12eb8019d49052c370bcc62a593b6a317bec9fa,bit,15,4096,0,87,1,4096,1,15250.000,2921.682,20480,2796,331823824949766785,15,53443,1186,856,280,3128,50,58943
baseline_w15,18daa213552ec44872f9c042a7977fbe7c81c07d,byte,15,4096,0,87,1,4096,1,18833.000,1901.235,20480,2796,331823824949766785,15,56790,1379,728,280,3128,50,62355
baseline_w15,18daa213552ec44872f9c042a7977fbe7c81c07d,bit,15,4096,0,87,1,4096,1,16500.000,2893.992,20480,2796,331823824949766785,15,53782,1214,856,280,3128,50,59310
baseline_w15,18daa213552ec44872f9c042a7977fbe7c81c07d,byte,15,4096,0,87,1,4096,2,10417.000,1838.460,20480,2796,331823824949766785,15,56790,1379,728,280,3128,50,62355
baseline_w15,18daa213552ec44872f9c042a7977fbe7c81c07d,bit,15,4096,0,87,1,4096,2,17375.000,2938.070,20480,2796,331823824949766785,15,53782,1214,856,280,3128,50,59310
candidate_w15,a12eb8019d49052c370bcc62a593b6a317bec9fa,byte,15,4096,0,87,1,4096,2,19500.000,1948.853,20480,2796,331823824949766785,15,56424,1351,728,280,3128,50,61961
candidate_w15,a12eb8019d49052c370bcc62a593b6a317bec9fa,bit,15,4096,0,87,1,4096,2,27542.000,2952.820,20480,2796,331823824949766785,15,53443,1186,856,280,3128,50,58943
candidate_w15,a12eb8019d49052c370bcc62a593b6a317bec9fa,byte,15,4096,0,87,1,4096,3,8500.000,1934.092,20480,2796,331823824949766785,15,56424,1351,728,280,3128,50,61961
candidate_w15,a12eb8019d49052c370bcc62a593b6a317bec9fa,bit,15,4096,0,87,1,4096,3,18875.000,2921.743,20480,2796,331823824949766785,15,53443,1186,856,280,3128,50,58943
baseline_w15,18daa213552ec44872f9c042a7977fbe7c81c07d,byte,15,4096,0,87,1,4096,3,13625.000,1927.907,20480,2796,331823824949766785,15,56790,1379,728,280,3128,50,62355
baseline_w15,18daa213552ec44872f9c042a7977fbe7c81c07d,bit,15,4096,0,87,1,4096,3,19541.000,2948.527,20480,2796,331823824949766785,15,53782,1214,856,280,3128,50,59310
baseline_w15,18daa213552ec44872f9c042a7977fbe7c81c07d,byte,15,4096,0,87,1,4096,4,25958.000,1862.549,20480,2796,331823824949766785,15,56790,1379,728,280,3128,50,62355
baseline_w15,18daa213552ec44872f9c042a7977fbe7c81c07d,bit,15,4096,0,87,1,4096,4,22292.000,2931.671,20480,2796,331823824949766785,15,53782,1214,856,280,3128,50,59310
candidate_w15,a12eb8019d49052c370bcc62a593b6a317bec9fa,byte,15,4096,0,87,1,4096,4,14417.000,1934.662,20480,2796,331823824949766785,15,56424,1351,728,280,3128,50,61961
candidate_w15,a12eb8019d49052c370bcc62a593b6a317bec9fa,bit,15,4096,0,87,1,4096,4,14250.000,2861.409,20480,2796,331823824949766785,15,53443,1186,856,280,3128,50,58943
baseline_w15,18daa213552ec44872f9c042a7977fbe7c81c07d,byte,15,4096,64,87,1,4096,0,14042.000,1877.645,20480,2796,331823824949766785,15,57046,1635,728,280,3128,50,62867
baseline_w15,18daa213552ec44872f9c042a7977fbe7c81c07d,bit,15,4096,64,87,1,4096,0,13750.000,2958.669,20480,2796,331823824949766785,15,54313,1491,856,280,3128,50,60118
candidate_w15,a12eb8019d49052c370bcc62a593b6a317bec9fa,byte,15,4096,64,87,1,4096,0,24292.000,1982.534,20480,2796,331823824949766785,15,56680,1607,728,280,3128,50,62473
candidate_w15,a12eb8019d49052c370bcc62a593b6a317bec9fa,bit,15,4096,64,87,1,4096,0,15042.000,3001.841,20480,2796,331823824949766785,15,54064,1469,856,280,3128,50,59847
candidate_w15,a12eb8019d49052c370bcc62a593b6a317bec9fa,byte,15,4096,64,87,1,4096,1,21958.000,2016.917,20480,2796,331823824949766785,15,56680,1607,728,280,3128,50,62473
candidate_w15,a12eb8019d49052c370bcc62a593b6a317bec9fa,bit,15,4096,64,87,1,4096,1,17333.000,3060.750,20480,2796,331823824949766785,15,54064,1469,856,280,3128,50,59847
baseline_w15,18daa213552ec44872f9c042a7977fbe7c81c07d,byte,15,4096,64,87,1,4096,1,25333.000,1898.234,20480,2796,331823824949766785,15,57046,1635,728,280,3128,50,62867
baseline_w15,18daa213552ec44872f9c042a7977fbe7c81c07d,bit,15,4096,64,87,1,4096,1,18042.000,2997.793,20480,2796,331823824949766785,15,54313,1491,856,280,3128,50,60118
baseline_w15,18daa213552ec44872f9c042a7977fbe7c81c07d,byte,15,4096,64,87,1,4096,2,22500.000,1855.235,20480,2796,331823824949766785,15,57046,1635,728,280,3128,50,62867
baseline_w15,18daa213552ec44872f9c042a7977fbe7c81c07d,bit,15,4096,64,87,1,4096,2,17375.000,2932.688,20480,2796,331823824949766785,15,54313,1491,856,280,3128,50,60118
candidate_w15,a12eb8019d49052c370bcc62a593b6a317bec9fa,byte,15,4096,64,87,1,4096,2,23125.000,1951.884,20480,2796,331823824949766785,15,56680,1607,728,280,3128,50,62473
candidate_w15,a12eb8019d49052c370bcc62a593b6a317bec9fa,bit,15,4096,64,87,1,4096,2,22959.000,2977.560,20480,2796,331823824949766785,15,54064,1469,856,280,3128,50,59847
candidate_w15,a12eb8019d49052c370bcc62a593b6a317bec9fa,byte,15,4096,64,87,1,4096,3,17084.000,2036.784,20480,2796,331823824949766785,15,56680,1607,728,280,3128,50,62473
candidate_w15,a12eb8019d49052c370bcc62a593b6a317bec9fa,bit,15,4096,64,87,1,4096,3,20875.000,2973.714,20480,2796,331823824949766785,15,54064,1469,856,280,3128,50,59847
baseline_w15,18daa213552ec44872f9c042a7977fbe7c81c07d,byte,15,4096,64,87,1,4096,3,13500.000,1903.127,20480,2796,331823824949766785,15,57046,1635,728,280,3128,50,62867
baseline_w15,18daa213552ec44872f9c042a7977fbe7c81c07d,bit,15,4096,64,87,1,4096,3,17292.000,2991.852,20480,2796,331823824949766785,15,54313,1491,856,280,3128,50,60118
baseline_w15,18daa213552ec44872f9c042a7977fbe7c81c07d,byte,15,4096,64,87,1,4096,4,16958.000,1846.822,20480,2796,331823824949766785,15,57046,1635,728,280,3128,50,62867
baseline_w15,18daa213552ec44872f9c042a7977fbe7c81c07d,bit,15,4096,64,87,1,4096,4,19709.000,2972.849,20480,2796,331823824949766785,15,54313,1491,856,280,3128,50,60118
candidate_w15,a12eb8019d49052c370bcc62a593b6a317bec9fa,byte,15,4096,64,87,1,4096,4,11291.000,1964.355,20480,2796,331823824949766785,15,56680,1607,728,280,3128,50,62473
candidate_w15,a12eb8019d49052c370bcc62a593b6a317bec9fa,bit,15,4096,64,87,1,4096,4,18750.000,2984.965,20480,2796,331823824949766785,15,54064,1469,856,280,3128,50,59847
baseline_w15,18daa213552ec44872f9c042a7977fbe7c81c07d,byte,15,65536,64,1390,2,4096,0,72208.000,2372.182,24576,2810,17916971327959202543,15,1017774,21957,7856,3552,49768,779,1101686
baseline_w15,18daa213552ec44872f9c042a7977fbe7c81c07d,bit,15,65536,64,1390,2,4096,0,114291.000,3636.576,24576,2810,17916971327959202543,15,987547,19696,10128,3552,49768,779,1071470
candidate_w15,a12eb8019d49052c370bcc62a593b6a317bec9fa,byte,15,65536,64,1390,2,4096,0,82875.000,2334.300,24576,2810,17916971327959202543,15,1011968,21539,7856,3552,49768,779,1095462
candidate_w15,a12eb8019d49052c370bcc62a593b6a317bec9fa,bit,15,65536,64,1390,2,4096,0,121834.000,3758.311,24576,2810,17916971327959202543,15,983559,19332,10120,3552,49768,779,1067110
candidate_w15,a12eb8019d49052c370bcc62a593b6a317bec9fa,byte,15,65536,64,1390,2,4096,1,67875.000,2383.850,24576,2810,17916971327959202543,15,1011968,21539,7856,3552,49768,779,1095462
candidate_w15,a12eb8019d49052c370bcc62a593b6a317bec9fa,bit,15,65536,64,1390,2,4096,1,108083.000,3707.336,24576,2810,17916971327959202543,15,983559,19332,10120,3552,49768,779,1067110
baseline_w15,18daa213552ec44872f9c042a7977fbe7c81c07d,byte,15,65536,64,1390,2,4096,1,80375.000,2397.675,24576,2810,17916971327959202543,15,1017774,21957,7856,3552,49768,779,1101686
baseline_w15,18daa213552ec44872f9c042a7977fbe7c81c07d,bit,15,65536,64,1390,2,4096,1,108416.000,3519.226,24576,2810,17916971327959202543,15,987547,19696,10128,3552,49768,779,1071470
baseline_w15,18daa213552ec44872f9c042a7977fbe7c81c07d,byte,15,65536,64,1390,2,4096,2,81667.000,2411.000,24576,2810,17916971327959202543,15,1017774,21957,7856,3552,49768,779,1101686
baseline_w15,18daa213552ec44872f9c042a7977fbe7c81c07d,bit,15,65536,64,1390,2,4096,2,130667.000,3648.326,24576,2810,17916971327959202543,15,987547,19696,10128,3552,49768,779,1071470
candidate_w15,a12eb8019d49052c370bcc62a593b6a317bec9fa,byte,15,65536,64,1390,2,4096,2,80500.000,2340.851,24576,2810,17916971327959202543,15,1011968,21539,7856,3552,49768,779,1095462
candidate_w15,a12eb8019d49052c370bcc62a593b6a317bec9fa,bit,15,65536,64,1390,2,4096,2,154125.000,3623.515,24576,2810,17916971327959202543,15,983559,19332,10120,3552,49768,779,1067110
candidate_w15,a12eb8019d49052c370bcc62a593b6a317bec9fa,byte,15,65536,64,1390,2,4096,3,96500.000,2403.392,24576,2810,17916971327959202543,15,1011968,21539,7856,3552,49768,779,1095462
candidate_w15,a12eb8019d49052c370bcc62a593b6a317bec9fa,bit,15,65536,64,1390,2,4096,3,116791.000,3625.031,24576,2810,17916971327959202543,15,983559,19332,10120,3552,49768,779,1067110
baseline_w15,18daa213552ec44872f9c042a7977fbe7c81c07d,byte,15,65536,64,1390,2,4096,3,70458.000,2333.923,24576,2810,17916971327959202543,15,1017774,21957,7856,3552,49768,779,1101686
baseline_w15,18daa213552ec44872f9c042a7977fbe7c81c07d,bit,15,65536,64,1390,2,4096,3,123167.000,3756.266,24576,2810,17916971327959202543,15,987547,19696,10128,3552,49768,779,1071470
baseline_w15,18daa213552ec44872f9c042a7977fbe7c81c07d,byte,15,65536,64,1390,2,4096,4,79333.000,2353.912,24576,2810,17916971327959202543,15,1017774,21957,7856,3552,49768,779,1101686
baseline_w15,18daa213552ec44872f9c042a7977fbe7c81c07d,bit,15,65536,64,1390,2,4096,4,113583.000,3674.184,24576,2810,17916971327959202543,15,987547,19696,10128,3552,49768,779,1071470
candidate_w15,a12eb8019d49052c370bcc62a593b6a317bec9fa,byte,15,65536,64,1390,2,4096,4,74292.000,2382.904,24576,2810,17916971327959202543,15,1011968,21539,7856,3552,49768,779,1095462
candidate_w15,a12eb8019d49052c370bcc62a593b6a317bec9fa,bit,15,65536,64,1390,2,4096,4,109292.000,3662.587,24576,2810,17916971327959202543,15,983559,19332,10120,3552,49768,779,1067110
