variant,revision,trial,profile,fixture,records,prefix_bytes,round,operation,total_ns,record_ns,source_entries,work,checksum
baseline,98f96161d2f67726864e205bc7599fff891c33dc,0,byte,interleaved,4096,0,0,sample,444166.000,36.146,12288,12287,1831843142036873085
baseline,98f96161d2f67726864e205bc7599fff891c33dc,0,byte,interleaved,4096,0,0,pipeline,743917.000,60.540,12288,3291,7010700040678070324
baseline,98f96161d2f67726864e205bc7599fff891c33dc,0,byte,interleaved,4096,0,1,sample,449459.000,36.577,12288,12287,1831843142036873085
baseline,98f96161d2f67726864e205bc7599fff891c33dc,0,byte,interleaved,4096,0,1,pipeline,796708.000,64.836,12288,3291,7010700040678070324
baseline,98f96161d2f67726864e205bc7599fff891c33dc,0,byte,interleaved,4096,0,2,sample,458417.000,37.306,12288,12287,1831843142036873085
baseline,98f96161d2f67726864e205bc7599fff891c33dc,0,byte,interleaved,4096,0,2,pipeline,780542.000,63.521,12288,3291,7010700040678070324
baseline,98f96161d2f67726864e205bc7599fff891c33dc,0,bit,interleaved,4096,0,0,sample,838791.000,68.261,12288,12287,12193008009033903249
baseline,98f96161d2f67726864e205bc7599fff891c33dc,0,bit,interleaved,4096,0,0,pipeline,1318500.000,107.300,12288,3291,10764992291889574130
baseline,98f96161d2f67726864e205bc7599fff891c33dc,0,bit,interleaved,4096,0,1,sample,812583.000,66.128,12288,12287,12193008009033903249
baseline,98f96161d2f67726864e205bc7599fff891c33dc,0,bit,interleaved,4096,0,1,pipeline,1250792.000,101.790,12288,3291,10764992291889574130
baseline,98f96161d2f67726864e205bc7599fff891c33dc,0,bit,interleaved,4096,0,2,sample,810167.000,65.932,12288,12287,12193008009033903249
baseline,98f96161d2f67726864e205bc7599fff891c33dc,0,bit,interleaved,4096,0,2,pipeline,1242792.000,101.139,12288,3291,10764992291889574130
baseline,98f96161d2f67726864e205bc7599fff891c33dc,0,byte,duplicates,4096,0,0,sample,677625.000,36.510,18560,18557,8476562761733985929
baseline,98f96161d2f67726864e205bc7599fff891c33dc,0,byte,duplicates,4096,0,0,pipeline,1102334.000,59.393,18560,4188,14205456126107407234
baseline,98f96161d2f67726864e205bc7599fff891c33dc,0,byte,duplicates,4096,0,1,sample,670458.000,36.124,18560,18557,8476562761733985929
baseline,98f96161d2f67726864e205bc7599fff891c33dc,0,byte,duplicates,4096,0,1,pipeline,1119417.000,60.313,18560,4188,14205456126107407234
baseline,98f96161d2f67726864e205bc7599fff891c33dc,0,byte,duplicates,4096,0,2,sample,692000.000,37.284,18560,18557,8476562761733985929
baseline,98f96161d2f67726864e205bc7599fff891c33dc,0,byte,duplicates,4096,0,2,pipeline,1108041.000,59.700,18560,4188,14205456126107407234
baseline,98f96161d2f67726864e205bc7599fff891c33dc,0,bit,duplicates,4096,0,0,sample,1143250.000,61.598,18560,18557,17887957781260477778
baseline,98f96161d2f67726864e205bc7599fff891c33dc,0,bit,duplicates,4096,0,0,pipeline,1890750.000,101.872,18560,4188,12370292114216348944
baseline,98f96161d2f67726864e205bc7599fff891c33dc,0,bit,duplicates,4096,0,1,sample,1149125.000,61.914,18560,18557,17887957781260477778
baseline,98f96161d2f67726864e205bc7599fff891c33dc,0,bit,duplicates,4096,0,1,pipeline,1768459.000,95.283,18560,4188,12370292114216348944
baseline,98f96161d2f67726864e205bc7599fff891c33dc,0,bit,duplicates,4096,0,2,sample,1122167.000,60.462,18560,18557,17887957781260477778
baseline,98f96161d2f67726864e205bc7599fff891c33dc,0,bit,duplicates,4096,0,2,pipeline,1711584.000,92.219,18560,4188,12370292114216348944
candidate,045702c3c9c2c321a12179bdda2f5b3a7a58a585,0,byte,interleaved,4096,0,0,sample,606416.000,49.350,12288,12287,1831843142036873085
candidate,045702c3c9c2c321a12179bdda2f5b3a7a58a585,0,byte,interleaved,4096,0,0,pipeline,840959.000,68.437,12288,3291,7010700040678070324
candidate,045702c3c9c2c321a12179bdda2f5b3a7a58a585,0,byte,interleaved,4096,0,1,sample,604041.000,49.157,12288,12287,1831843142036873085
candidate,045702c3c9c2c321a12179bdda2f5b3a7a58a585,0,byte,interleaved,4096,0,1,pipeline,844417.000,68.719,12288,3291,7010700040678070324
candidate,045702c3c9c2c321a12179bdda2f5b3a7a58a585,0,byte,interleaved,4096,0,2,sample,630875.000,51.341,12288,12287,1831843142036873085
candidate,045702c3c9c2c321a12179bdda2f5b3a7a58a585,0,byte,interleaved,4096,0,2,pipeline,843458.000,68.641,12288,3291,7010700040678070324
candidate,045702c3c9c2c321a12179bdda2f5b3a7a58a585,0,bit,interleaved,4096,0,0,sample,916959.000,74.622,12288,12287,12193008009033903249
candidate,045702c3c9c2c321a12179bdda2f5b3a7a58a585,0,bit,interleaved,4096,0,0,pipeline,1328542.000,108.117,12288,3291,10764992291889574130
candidate,045702c3c9c2c321a12179bdda2f5b3a7a58a585,0,bit,interleaved,4096,0,1,sample,923583.000,75.161,12288,12287,12193008009033903249
candidate,045702c3c9c2c321a12179bdda2f5b3a7a58a585,0,bit,interleaved,4096,0,1,pipeline,1303958.000,106.116,12288,3291,10764992291889574130
candidate,045702c3c9c2c321a12179bdda2f5b3a7a58a585,0,bit,interleaved,4096,0,2,sample,899958.000,73.239,12288,12287,12193008009033903249
candidate,045702c3c9c2c321a12179bdda2f5b3a7a58a585,0,bit,interleaved,4096,0,2,pipeline,1274500.000,103.719,12288,3291,10764992291889574130
candidate,045702c3c9c2c321a12179bdda2f5b3a7a58a585,0,byte,duplicates,4096,0,0,sample,848792.000,45.732,18560,18557,8476562761733985929
candidate,045702c3c9c2c321a12179bdda2f5b3a7a58a585,0,byte,duplicates,4096,0,0,pipeline,1179083.000,63.528,18560,4188,14205456126107407234
candidate,045702c3c9c2c321a12179bdda2f5b3a7a58a585,0,byte,duplicates,4096,0,1,sample,849042.000,45.746,18560,18557,8476562761733985929
candidate,045702c3c9c2c321a12179bdda2f5b3a7a58a585,0,byte,duplicates,4096,0,1,pipeline,1178916.000,63.519,18560,4188,14205456126107407234
candidate,045702c3c9c2c321a12179bdda2f5b3a7a58a585,0,byte,duplicates,4096,0,2,sample,835417.000,45.012,18560,18557,8476562761733985929
candidate,045702c3c9c2c321a12179bdda2f5b3a7a58a585,0,byte,duplicates,4096,0,2,pipeline,1176750.000,63.402,18560,4188,14205456126107407234
candidate,045702c3c9c2c321a12179bdda2f5b3a7a58a585,0,bit,duplicates,4096,0,0,sample,1221083.000,65.791,18560,18557,17887957781260477778
candidate,045702c3c9c2c321a12179bdda2f5b3a7a58a585,0,bit,duplicates,4096,0,0,pipeline,1739292.000,93.712,18560,4188,12370292114216348944
candidate,045702c3c9c2c321a12179bdda2f5b3a7a58a585,0,bit,duplicates,4096,0,1,sample,1230542.000,66.301,18560,18557,17887957781260477778
candidate,045702c3c9c2c321a12179bdda2f5b3a7a58a585,0,bit,duplicates,4096,0,1,pipeline,1751209.000,94.354,18560,4188,12370292114216348944
candidate,045702c3c9c2c321a12179bdda2f5b3a7a58a585,0,bit,duplicates,4096,0,2,sample,1250166.000,67.358,18560,18557,17887957781260477778
candidate,045702c3c9c2c321a12179bdda2f5b3a7a58a585,0,bit,duplicates,4096,0,2,pipeline,1816458.000,97.870,18560,4188,12370292114216348944
candidate,045702c3c9c2c321a12179bdda2f5b3a7a58a585,1,byte,interleaved,4096,0,0,sample,591667.000,48.150,12288,12287,1831843142036873085
candidate,045702c3c9c2c321a12179bdda2f5b3a7a58a585,1,byte,interleaved,4096,0,0,pipeline,834333.000,67.898,12288,3291,7010700040678070324
candidate,045702c3c9c2c321a12179bdda2f5b3a7a58a585,1,byte,interleaved,4096,0,1,sample,587708.000,47.828,12288,12287,1831843142036873085
candidate,045702c3c9c2c321a12179bdda2f5b3a7a58a585,1,byte,interleaved,4096,0,1,pipeline,870959.000,70.879,12288,3291,7010700040678070324
candidate,045702c3c9c2c321a12179bdda2f5b3a7a58a585,1,byte,interleaved,4096,0,2,sample,591625.000,48.147,12288,12287,1831843142036873085
candidate,045702c3c9c2c321a12179bdda2f5b3a7a58a585,1,byte,interleaved,4096,0,2,pipeline,844542.000,68.729,12288,3291,7010700040678070324
candidate,045702c3c9c2c321a12179bdda2f5b3a7a58a585,1,bit,interleaved,4096,0,0,sample,904167.000,73.581,12288,12287,12193008009033903249
candidate,045702c3c9c2c321a12179bdda2f5b3a7a58a585,1,bit,interleaved,4096,0,0,pipeline,1313750.000,106.913,12288,3291,10764992291889574130
candidate,045702c3c9c2c321a12179bdda2f5b3a7a58a585,1,bit,interleaved,4096,0,1,sample,922000.000,75.033,12288,12287,12193008009033903249
candidate,045702c3c9c2c321a12179bdda2f5b3a7a58a585,1,bit,interleaved,4096,0,1,pipeline,1334417.000,108.595,12288,3291,10764992291889574130
candidate,045702c3c9c2c321a12179bdda2f5b3a7a58a585,1,bit,interleaved,4096,0,2,sample,932709.000,75.904,12288,12287,12193008009033903249
candidate,045702c3c9c2c321a12179bdda2f5b3a7a58a585,1,bit,interleaved,4096,0,2,pipeline,1299292.000,105.737,12288,3291,10764992291889574130
candidate,045702c3c9c2c321a12179bdda2f5b3a7a58a585,1,byte,duplicates,4096,0,0,sample,851875.000,45.898,18560,18557,8476562761733985929
candidate,045702c3c9c2c321a12179bdda2f5b3a7a58a585,1,byte,duplicates,4096,0,0,pipeline,1190250.000,64.130,18560,4188,14205456126107407234
candidate,045702c3c9c2c321a12179bdda2f5b3a7a58a585,1,byte,duplicates,4096,0,1,sample,846708.000,45.620,18560,18557,8476562761733985929
candidate,045702c3c9c2c321a12179bdda2f5b3a7a58a585,1,byte,duplicates,4096,0,1,pipeline,1253750.000,67.551,18560,4188,14205456126107407234
candidate,045702c3c9c2c321a12179bdda2f5b3a7a58a585,1,byte,duplicates,4096,0,2,sample,857292.000,46.190,18560,18557,8476562761733985929
candidate,045702c3c9c2c321a12179bdda2f5b3a7a58a585,1,byte,duplicates,4096,0,2,pipeline,1250875.000,67.396,18560,4188,14205456126107407234
candidate,045702c3c9c2c321a12179bdda2f5b3a7a58a585,1,bit,duplicates,4096,0,0,sample,1214958.000,65.461,18560,18557,17887957781260477778
candidate,045702c3c9c2c321a12179bdda2f5b3a7a58a585,1,bit,duplicates,4096,0,0,pipeline,1726250.000,93.009,18560,4188,12370292114216348944
candidate,045702c3c9c2c321a12179bdda2f5b3a7a58a585,1,bit,duplicates,4096,0,1,sample,1251209.000,67.414,18560,18557,17887957781260477778
candidate,045702c3c9c2c321a12179bdda2f5b3a7a58a585,1,bit,duplicates,4096,0,1,pipeline,1742833.000,93.903,18560,4188,12370292114216348944
candidate,045702c3c9c2c321a12179bdda2f5b3a7a58a585,1,bit,duplicates,4096,0,2,sample,1238792.000,66.745,18560,18557,17887957781260477778
candidate,045702c3c9c2c321a12179bdda2f5b3a7a58a585,1,bit,duplicates,4096,0,2,pipeline,1825084.000,98.334,18560,4188,12370292114216348944
baseline,98f96161d2f67726864e205bc7599fff891c33dc,1,byte,interleaved,4096,0,0,sample,443833.000,36.119,12288,12287,1831843142036873085
baseline,98f96161d2f67726864e205bc7599fff891c33dc,1,byte,interleaved,4096,0,0,pipeline,756875.000,61.595,12288,3291,7010700040678070324
baseline,98f96161d2f67726864e205bc7599fff891c33dc,1,byte,interleaved,4096,0,1,sample,448042.000,36.462,12288,12287,1831843142036873085
baseline,98f96161d2f67726864e205bc7599fff891c33dc,1,byte,interleaved,4096,0,1,pipeline,749000.000,60.954,12288,3291,7010700040678070324
baseline,98f96161d2f67726864e205bc7599fff891c33dc,1,byte,interleaved,4096,0,2,sample,463458.000,37.716,12288,12287,1831843142036873085
baseline,98f96161d2f67726864e205bc7599fff891c33dc,1,byte,interleaved,4096,0,2,pipeline,772167.000,62.839,12288,3291,7010700040678070324
baseline,98f96161d2f67726864e205bc7599fff891c33dc,1,bit,interleaved,4096,0,0,sample,812417.000,66.115,12288,12287,12193008009033903249
baseline,98f96161d2f67726864e205bc7599fff891c33dc,1,bit,interleaved,4096,0,0,pipeline,1263084.000,102.790,12288,3291,10764992291889574130
baseline,98f96161d2f67726864e205bc7599fff891c33dc,1,bit,interleaved,4096,0,1,sample,818792.000,66.633,12288,12287,12193008009033903249
baseline,98f96161d2f67726864e205bc7599fff891c33dc,1,bit,interleaved,4096,0,1,pipeline,1243125.000,101.166,12288,3291,10764992291889574130
baseline,98f96161d2f67726864e205bc7599fff891c33dc,1,bit,interleaved,4096,0,2,sample,809125.000,65.847,12288,12287,12193008009033903249
baseline,98f96161d2f67726864e205bc7599fff891c33dc,1,bit,interleaved,4096,0,2,pipeline,1240834.000,100.979,12288,3291,10764992291889574130
baseline,98f96161d2f67726864e205bc7599fff891c33dc,1,byte,duplicates,4096,0,0,sample,678292.000,36.546,18560,18557,8476562761733985929
baseline,98f96161d2f67726864e205bc7599fff891c33dc,1,byte,duplicates,4096,0,0,pipeline,1113209.000,59.979,18560,4188,14205456126107407234
baseline,98f96161d2f67726864e205bc7599fff891c33dc,1,byte,duplicates,4096,0,1,sample,687333.000,37.033,18560,18557,8476562761733985929
baseline,98f96161d2f67726864e205bc7599fff891c33dc,1,byte,duplicates,4096,0,1,pipeline,1171125.000,63.099,18560,4188,14205456126107407234
baseline,98f96161d2f67726864e205bc7599fff891c33dc,1,byte,duplicates,4096,0,2,sample,700708.000,37.754,18560,18557,8476562761733985929
baseline,98f96161d2f67726864e205bc7599fff891c33dc,1,byte,duplicates,4096,0,2,pipeline,1189916.000,64.112,18560,4188,14205456126107407234
baseline,98f96161d2f67726864e205bc7599fff891c33dc,1,bit,duplicates,4096,0,0,sample,1138459.000,61.339,18560,18557,17887957781260477778
baseline,98f96161d2f67726864e205bc7599fff891c33dc,1,bit,duplicates,4096,0,0,pipeline,1834833.000,98.860,18560,4188,12370292114216348944
baseline,98f96161d2f67726864e205bc7599fff891c33dc,1,bit,duplicates,4096,0,1,sample,1154959.000,62.228,18560,18557,17887957781260477778
baseline,98f96161d2f67726864e205bc7599fff891c33dc,1,bit,duplicates,4096,0,1,pipeline,1730083.000,93.216,18560,4188,12370292114216348944
baseline,98f96161d2f67726864e205bc7599fff891c33dc,1,bit,duplicates,4096,0,2,sample,1163084.000,62.666,18560,18557,17887957781260477778
baseline,98f96161d2f67726864e205bc7599fff891c33dc,1,bit,duplicates,4096,0,2,pipeline,1712084.000,92.246,18560,4188,12370292114216348944
baseline,98f96161d2f67726864e205bc7599fff891c33dc,2,byte,interleaved,4096,0,0,sample,451167.000,36.716,12288,12287,1831843142036873085
baseline,98f96161d2f67726864e205bc7599fff891c33dc,2,byte,interleaved,4096,0,0,pipeline,749625.000,61.005,12288,3291,7010700040678070324
baseline,98f96161d2f67726864e205bc7599fff891c33dc,2,byte,interleaved,4096,0,1,sample,444875.000,36.204,12288,12287,1831843142036873085
baseline,98f96161d2f67726864e205bc7599fff891c33dc,2,byte,interleaved,4096,0,1,pipeline,756500.000,61.564,12288,3291,7010700040678070324
baseline,98f96161d2f67726864e205bc7599fff891c33dc,2,byte,interleaved,4096,0,2,sample,470333.000,38.276,12288,12287,1831843142036873085
baseline,98f96161d2f67726864e205bc7599fff891c33dc,2,byte,interleaved,4096,0,2,pipeline,832208.000,67.725,12288,3291,7010700040678070324
baseline,98f96161d2f67726864e205bc7599fff891c33dc,2,bit,interleaved,4096,0,0,sample,830334.000,67.573,12288,12287,12193008009033903249
baseline,98f96161d2f67726864e205bc7599fff891c33dc,2,bit,interleaved,4096,0,0,pipeline,1283000.000,104.411,12288,3291,10764992291889574130
baseline,98f96161d2f67726864e205bc7599fff891c33dc,2,bit,interleaved,4096,0,1,sample,823584.000,67.023,12288,12287,12193008009033903249
baseline,98f96161d2f67726864e205bc7599fff891c33dc,2,bit,interleaved,4096,0,1,pipeline,1257125.000,102.305,12288,3291,10764992291889574130
baseline,98f96161d2f67726864e205bc7599fff891c33dc,2,bit,interleaved,4096,0,2,sample,864625.000,70.363,12288,12287,12193008009033903249
baseline,98f96161d2f67726864e205bc7599fff891c33dc,2,bit,interleaved,4096,0,2,pipeline,1260167.000,102.553,12288,3291,10764992291889574130
baseline,98f96161d2f67726864e205bc7599fff891c33dc,2,byte,duplicates,4096,0,0,sample,669167.000,36.054,18560,18557,8476562761733985929
baseline,98f96161d2f67726864e205bc7599fff891c33dc,2,byte,duplicates,4096,0,0,pipeline,1129667.000,60.866,18560,4188,14205456126107407234
baseline,98f96161d2f67726864e205bc7599fff891c33dc,2,byte,duplicates,4096,0,1,sample,678459.000,36.555,18560,18557,8476562761733985929
baseline,98f96161d2f67726864e205bc7599fff891c33dc,2,byte,duplicates,4096,0,1,pipeline,1117625.000,60.217,18560,4188,14205456126107407234
baseline,98f96161d2f67726864e205bc7599fff891c33dc,2,byte,duplicates,4096,0,2,sample,698750.000,37.648,18560,18557,8476562761733985929
baseline,98f96161d2f67726864e205bc7599fff891c33dc,2,byte,duplicates,4096,0,2,pipeline,1152375.000,62.089,18560,4188,14205456126107407234
baseline,98f96161d2f67726864e205bc7599fff891c33dc,2,bit,duplicates,4096,0,0,sample,1166333.000,62.841,18560,18557,17887957781260477778
baseline,98f96161d2f67726864e205bc7599fff891c33dc,2,bit,duplicates,4096,0,0,pipeline,1796667.000,96.803,18560,4188,12370292114216348944
baseline,98f96161d2f67726864e205bc7599fff891c33dc,2,bit,duplicates,4096,0,1,sample,1163750.000,62.702,18560,18557,17887957781260477778
baseline,98f96161d2f67726864e205bc7599fff891c33dc,2,bit,duplicates,4096,0,1,pipeline,1735083.000,93.485,18560,4188,12370292114216348944
baseline,98f96161d2f67726864e205bc7599fff891c33dc,2,bit,duplicates,4096,0,2,sample,1169084.000,62.989,18560,18557,17887957781260477778
baseline,98f96161d2f67726864e205bc7599fff891c33dc,2,bit,duplicates,4096,0,2,pipeline,1741584.000,93.835,18560,4188,12370292114216348944
candidate,045702c3c9c2c321a12179bdda2f5b3a7a58a585,2,byte,interleaved,4096,0,0,sample,586833.000,47.757,12288,12287,1831843142036873085
candidate,045702c3c9c2c321a12179bdda2f5b3a7a58a585,2,byte,interleaved,4096,0,0,pipeline,829125.000,67.474,12288,3291,7010700040678070324
candidate,045702c3c9c2c321a12179bdda2f5b3a7a58a585,2,byte,interleaved,4096,0,1,sample,619416.000,50.408,12288,12287,1831843142036873085
candidate,045702c3c9c2c321a12179bdda2f5b3a7a58a585,2,byte,interleaved,4096,0,1,pipeline,919333.000,74.816,12288,3291,7010700040678070324
candidate,045702c3c9c2c321a12179bdda2f5b3a7a58a585,2,byte,interleaved,4096,0,2,sample,586625.000,47.740,12288,12287,1831843142036873085
candidate,045702c3c9c2c321a12179bdda2f5b3a7a58a585,2,byte,interleaved,4096,0,2,pipeline,867542.000,70.601,12288,3291,7010700040678070324
candidate,045702c3c9c2c321a12179bdda2f5b3a7a58a585,2,bit,interleaved,4096,0,0,sample,944625.000,76.874,12288,12287,12193008009033903249
candidate,045702c3c9c2c321a12179bdda2f5b3a7a58a585,2,bit,interleaved,4096,0,0,pipeline,1472042.000,119.795,12288,3291,10764992291889574130
candidate,045702c3c9c2c321a12179bdda2f5b3a7a58a585,2,bit,interleaved,4096,0,1,sample,902458.000,73.442,12288,12287,12193008009033903249
candidate,045702c3c9c2c321a12179bdda2f5b3a7a58a585,2,bit,interleaved,4096,0,1,pipeline,1325750.000,107.890,12288,3291,10764992291889574130
candidate,045702c3c9c2c321a12179bdda2f5b3a7a58a585,2,bit,interleaved,4096,0,2,sample,943042.000,76.745,12288,12287,12193008009033903249
candidate,045702c3c9c2c321a12179bdda2f5b3a7a58a585,2,bit,interleaved,4096,0,2,pipeline,1354875.000,110.260,12288,3291,10764992291889574130
candidate,045702c3c9c2c321a12179bdda2f5b3a7a58a585,2,byte,duplicates,4096,0,0,sample,848125.000,45.696,18560,18557,8476562761733985929
candidate,045702c3c9c2c321a12179bdda2f5b3a7a58a585,2,byte,duplicates,4096,0,0,pipeline,1176500.000,63.389,18560,4188,14205456126107407234
candidate,045702c3c9c2c321a12179bdda2f5b3a7a58a585,2,byte,duplicates,4096,0,1,sample,835833.000,45.034,18560,18557,8476562761733985929
candidate,045702c3c9c2c321a12179bdda2f5b3a7a58a585,2,byte,duplicates,4096,0,1,pipeline,1174708.000,63.292,18560,4188,14205456126107407234
candidate,045702c3c9c2c321a12179bdda2f5b3a7a58a585,2,byte,duplicates,4096,0,2,sample,878333.000,47.324,18560,18557,8476562761733985929
candidate,045702c3c9c2c321a12179bdda2f5b3a7a58a585,2,byte,duplicates,4096,0,2,pipeline,1214167.000,65.418,18560,4188,14205456126107407234
candidate,045702c3c9c2c321a12179bdda2f5b3a7a58a585,2,bit,duplicates,4096,0,0,sample,1298083.000,69.940,18560,18557,17887957781260477778
candidate,045702c3c9c2c321a12179bdda2f5b3a7a58a585,2,bit,duplicates,4096,0,0,pipeline,1798875.000,96.922,18560,4188,12370292114216348944
candidate,045702c3c9c2c321a12179bdda2f5b3a7a58a585,2,bit,duplicates,4096,0,1,sample,1213959.000,65.407,18560,18557,17887957781260477778
candidate,045702c3c9c2c321a12179bdda2f5b3a7a58a585,2,bit,duplicates,4096,0,1,pipeline,1735750.000,93.521,18560,4188,12370292114216348944
candidate,045702c3c9c2c321a12179bdda2f5b3a7a58a585,2,bit,duplicates,4096,0,2,sample,1229834.000,66.263,18560,18557,17887957781260477778
candidate,045702c3c9c2c321a12179bdda2f5b3a7a58a585,2,bit,duplicates,4096,0,2,pipeline,1793125.000,96.612,18560,4188,12370292114216348944
candidate,045702c3c9c2c321a12179bdda2f5b3a7a58a585,3,byte,interleaved,4096,0,0,sample,585834.000,47.675,12288,12287,1831843142036873085
candidate,045702c3c9c2c321a12179bdda2f5b3a7a58a585,3,byte,interleaved,4096,0,0,pipeline,861333.000,70.095,12288,3291,7010700040678070324
candidate,045702c3c9c2c321a12179bdda2f5b3a7a58a585,3,byte,interleaved,4096,0,1,sample,625042.000,50.866,12288,12287,1831843142036873085
candidate,045702c3c9c2c321a12179bdda2f5b3a7a58a585,3,byte,interleaved,4096,0,1,pipeline,867750.000,70.618,12288,3291,7010700040678070324
candidate,045702c3c9c2c321a12179bdda2f5b3a7a58a585,3,byte,interleaved,4096,0,2,sample,586833.000,47.757,12288,12287,1831843142036873085
candidate,045702c3c9c2c321a12179bdda2f5b3a7a58a585,3,byte,interleaved,4096,0,2,pipeline,880167.000,71.628,12288,3291,7010700040678070324
candidate,045702c3c9c2c321a12179bdda2f5b3a7a58a585,3,bit,interleaved,4096,0,0,sample,919083.000,74.795,12288,12287,12193008009033903249
candidate,045702c3c9c2c321a12179bdda2f5b3a7a58a585,3,bit,interleaved,4096,0,0,pipeline,1406792.000,114.485,12288,3291,10764992291889574130
candidate,045702c3c9c2c321a12179bdda2f5b3a7a58a585,3,bit,interleaved,4096,0,1,sample,980666.000,79.807,12288,12287,12193008009033903249
candidate,045702c3c9c2c321a12179bdda2f5b3a7a58a585,3,bit,interleaved,4096,0,1,pipeline,1303667.000,106.093,12288,3291,10764992291889574130
candidate,045702c3c9c2c321a12179bdda2f5b3a7a58a585,3,bit,interleaved,4096,0,2,sample,904166.000,73.581,12288,12287,12193008009033903249
candidate,045702c3c9c2c321a12179bdda2f5b3a7a58a585,3,bit,interleaved,4096,0,2,pipeline,1304750.000,106.181,12288,3291,10764992291889574130
candidate,045702c3c9c2c321a12179bdda2f5b3a7a58a585,3,byte,duplicates,4096,0,0,sample,834666.000,44.971,18560,18557,8476562761733985929
candidate,045702c3c9c2c321a12179bdda2f5b3a7a58a585,3,byte,duplicates,4096,0,0,pipeline,1185167.000,63.856,18560,4188,14205456126107407234
candidate,045702c3c9c2c321a12179bdda2f5b3a7a58a585,3,byte,duplicates,4096,0,1,sample,835083.000,44.994,18560,18557,8476562761733985929
candidate,045702c3c9c2c321a12179bdda2f5b3a7a58a585,3,byte,duplicates,4096,0,1,pipeline,1170250.000,63.052,18560,4188,14205456126107407234
candidate,045702c3c9c2c321a12179bdda2f5b3a7a58a585,3,byte,duplicates,4096,0,2,sample,842833.000,45.411,18560,18557,8476562761733985929
candidate,045702c3c9c2c321a12179bdda2f5b3a7a58a585,3,byte,duplicates,4096,0,2,pipeline,1168750.000,62.971,18560,4188,14205456126107407234
candidate,045702c3c9c2c321a12179bdda2f5b3a7a58a585,3,bit,duplicates,4096,0,0,sample,1212916.000,65.351,18560,18557,17887957781260477778
candidate,045702c3c9c2c321a12179bdda2f5b3a7a58a585,3,bit,duplicates,4096,0,0,pipeline,1721666.000,92.762,18560,4188,12370292114216348944
candidate,045702c3c9c2c321a12179bdda2f5b3a7a58a585,3,bit,duplicates,4096,0,1,sample,1211459.000,65.273,18560,18557,17887957781260477778
candidate,045702c3c9c2c321a12179bdda2f5b3a7a58a585,3,bit,duplicates,4096,0,1,pipeline,1722875.000,92.827,18560,4188,12370292114216348944
candidate,045702c3c9c2c321a12179bdda2f5b3a7a58a585,3,bit,duplicates,4096,0,2,sample,1208583.000,65.118,18560,18557,17887957781260477778
candidate,045702c3c9c2c321a12179bdda2f5b3a7a58a585,3,bit,duplicates,4096,0,2,pipeline,1743958.000,93.963,18560,4188,12370292114216348944
baseline,98f96161d2f67726864e205bc7599fff891c33dc,3,byte,interleaved,4096,0,0,sample,465458.000,37.879,12288,12287,1831843142036873085
baseline,98f96161d2f67726864e205bc7599fff891c33dc,3,byte,interleaved,4096,0,0,pipeline,764792.000,62.239,12288,3291,7010700040678070324
baseline,98f96161d2f67726864e205bc7599fff891c33dc,3,byte,interleaved,4096,0,1,sample,463916.000,37.754,12288,12287,1831843142036873085
baseline,98f96161d2f67726864e205bc7599fff891c33dc,3,byte,interleaved,4096,0,1,pipeline,756209.000,61.540,12288,3291,7010700040678070324
baseline,98f96161d2f67726864e205bc7599fff891c33dc,3,byte,interleaved,4096,0,2,sample,484459.000,39.425,12288,12287,1831843142036873085
baseline,98f96161d2f67726864e205bc7599fff891c33dc,3,byte,interleaved,4096,0,2,pipeline,868875.000,70.709,12288,3291,7010700040678070324
baseline,98f96161d2f67726864e205bc7599fff891c33dc,3,bit,interleaved,4096,0,0,sample,823875.000,67.047,12288,12287,12193008009033903249
baseline,98f96161d2f67726864e205bc7599fff891c33dc,3,bit,interleaved,4096,0,0,pipeline,1257750.000,102.356,12288,3291,10764992291889574130
baseline,98f96161d2f67726864e205bc7599fff891c33dc,3,bit,interleaved,4096,0,1,sample,809333.000,65.864,12288,12287,12193008009033903249
baseline,98f96161d2f67726864e205bc7599fff891c33dc,3,bit,interleaved,4096,0,1,pipeline,1265791.000,103.010,12288,3291,10764992291889574130
baseline,98f96161d2f67726864e205bc7599fff891c33dc,3,bit,interleaved,4096,0,2,sample,810708.000,65.976,12288,12287,12193008009033903249
baseline,98f96161d2f67726864e205bc7599fff891c33dc,3,bit,interleaved,4096,0,2,pipeline,1350292.000,109.887,12288,3291,10764992291889574130
baseline,98f96161d2f67726864e205bc7599fff891c33dc,3,byte,duplicates,4096,0,0,sample,673375.000,36.281,18560,18557,8476562761733985929
baseline,98f96161d2f67726864e205bc7599fff891c33dc,3,byte,duplicates,4096,0,0,pipeline,1093125.000,58.897,18560,4188,14205456126107407234
baseline,98f96161d2f67726864e205bc7599fff891c33dc,3,byte,duplicates,4096,0,1,sample,678750.000,36.571,18560,18557,8476562761733985929
baseline,98f96161d2f67726864e205bc7599fff891c33dc,3,byte,duplicates,4096,0,1,pipeline,1085500.000,58.486,18560,4188,14205456126107407234
baseline,98f96161d2f67726864e205bc7599fff891c33dc,3,byte,duplicates,4096,0,2,sample,666917.000,35.933,18560,18557,8476562761733985929
baseline,98f96161d2f67726864e205bc7599fff891c33dc,3,byte,duplicates,4096,0,2,pipeline,1179875.000,63.571,18560,4188,14205456126107407234
baseline,98f96161d2f67726864e205bc7599fff891c33dc,3,bit,duplicates,4096,0,0,sample,1129583.000,60.861,18560,18557,17887957781260477778
baseline,98f96161d2f67726864e205bc7599fff891c33dc,3,bit,duplicates,4096,0,0,pipeline,1762833.000,94.980,18560,4188,12370292114216348944
baseline,98f96161d2f67726864e205bc7599fff891c33dc,3,bit,duplicates,4096,0,1,sample,1163375.000,62.682,18560,18557,17887957781260477778
baseline,98f96161d2f67726864e205bc7599fff891c33dc,3,bit,duplicates,4096,0,1,pipeline,1774833.000,95.627,18560,4188,12370292114216348944
baseline,98f96161d2f67726864e205bc7599fff891c33dc,3,bit,duplicates,4096,0,2,sample,1129250.000,60.843,18560,18557,17887957781260477778
baseline,98f96161d2f67726864e205bc7599fff891c33dc,3,bit,duplicates,4096,0,2,pipeline,1814959.000,97.789,18560,4188,12370292114216348944
baseline,98f96161d2f67726864e205bc7599fff891c33dc,4,byte,interleaved,4096,0,0,sample,442583.000,36.017,12288,12287,1831843142036873085
baseline,98f96161d2f67726864e205bc7599fff891c33dc,4,byte,interleaved,4096,0,0,pipeline,746125.000,60.720,12288,3291,7010700040678070324
baseline,98f96161d2f67726864e205bc7599fff891c33dc,4,byte,interleaved,4096,0,1,sample,448042.000,36.462,12288,12287,1831843142036873085
baseline,98f96161d2f67726864e205bc7599fff891c33dc,4,byte,interleaved,4096,0,1,pipeline,744917.000,60.622,12288,3291,7010700040678070324
baseline,98f96161d2f67726864e205bc7599fff891c33dc,4,byte,interleaved,4096,0,2,sample,460583.000,37.482,12288,12287,1831843142036873085
baseline,98f96161d2f67726864e205bc7599fff891c33dc,4,byte,interleaved,4096,0,2,pipeline,758833.000,61.754,12288,3291,7010700040678070324
baseline,98f96161d2f67726864e205bc7599fff891c33dc,4,bit,interleaved,4096,0,0,sample,821958.000,66.891,12288,12287,12193008009033903249
baseline,98f96161d2f67726864e205bc7599fff891c33dc,4,bit,interleaved,4096,0,0,pipeline,1317250.000,107.198,12288,3291,10764992291889574130
baseline,98f96161d2f67726864e205bc7599fff891c33dc,4,bit,interleaved,4096,0,1,sample,836042.000,68.037,12288,12287,12193008009033903249
baseline,98f96161d2f67726864e205bc7599fff891c33dc,4,bit,interleaved,4096,0,1,pipeline,1275500.000,103.800,12288,3291,10764992291889574130
baseline,98f96161d2f67726864e205bc7599fff891c33dc,4,bit,interleaved,4096,0,2,sample,829333.000,67.491,12288,12287,12193008009033903249
baseline,98f96161d2f67726864e205bc7599fff891c33dc,4,bit,interleaved,4096,0,2,pipeline,1263583.000,102.831,12288,3291,10764992291889574130
baseline,98f96161d2f67726864e205bc7599fff891c33dc,4,byte,duplicates,4096,0,0,sample,1223333.000,65.912,18560,18557,8476562761733985929
baseline,98f96161d2f67726864e205bc7599fff891c33dc,4,byte,duplicates,4096,0,0,pipeline,1929083.000,103.938,18560,4188,14205456126107407234
baseline,98f96161d2f67726864e205bc7599fff891c33dc,4,byte,duplicates,4096,0,1,sample,775250.000,41.770,18560,18557,8476562761733985929
baseline,98f96161d2f67726864e205bc7599fff891c33dc,4,byte,duplicates,4096,0,1,pipeline,1149417.000,61.930,18560,4188,14205456126107407234
baseline,98f96161d2f67726864e205bc7599fff891c33dc,4,byte,duplicates,4096,0,2,sample,683750.000,36.840,18560,18557,8476562761733985929
baseline,98f96161d2f67726864e205bc7599fff891c33dc,4,byte,duplicates,4096,0,2,pipeline,1130875.000,60.931,18560,4188,14205456126107407234
baseline,98f96161d2f67726864e205bc7599fff891c33dc,4,bit,duplicates,4096,0,0,sample,1164584.000,62.747,18560,18557,17887957781260477778
baseline,98f96161d2f67726864e205bc7599fff891c33dc,4,bit,duplicates,4096,0,0,pipeline,1756417.000,94.635,18560,4188,12370292114216348944
baseline,98f96161d2f67726864e205bc7599fff891c33dc,4,bit,duplicates,4096,0,1,sample,1146625.000,61.779,18560,18557,17887957781260477778
baseline,98f96161d2f67726864e205bc7599fff891c33dc,4,bit,duplicates,4096,0,1,pipeline,1807417.000,97.382,18560,4188,12370292114216348944
baseline,98f96161d2f67726864e205bc7599fff891c33dc,4,bit,duplicates,4096,0,2,sample,1179250.000,63.537,18560,18557,17887957781260477778
baseline,98f96161d2f67726864e205bc7599fff891c33dc,4,bit,duplicates,4096,0,2,pipeline,1812625.000,97.663,18560,4188,12370292114216348944
candidate,045702c3c9c2c321a12179bdda2f5b3a7a58a585,4,byte,interleaved,4096,0,0,sample,607125.000,49.408,12288,12287,1831843142036873085
candidate,045702c3c9c2c321a12179bdda2f5b3a7a58a585,4,byte,interleaved,4096,0,0,pipeline,845625.000,68.817,12288,3291,7010700040678070324
candidate,045702c3c9c2c321a12179bdda2f5b3a7a58a585,4,byte,interleaved,4096,0,1,sample,588041.000,47.855,12288,12287,1831843142036873085
candidate,045702c3c9c2c321a12179bdda2f5b3a7a58a585,4,byte,interleaved,4096,0,1,pipeline,928334.000,75.548,12288,3291,7010700040678070324
candidate,045702c3c9c2c321a12179bdda2f5b3a7a58a585,4,byte,interleaved,4096,0,2,sample,589875.000,48.004,12288,12287,1831843142036873085
candidate,045702c3c9c2c321a12179bdda2f5b3a7a58a585,4,byte,interleaved,4096,0,2,pipeline,843000.000,68.604,12288,3291,7010700040678070324
candidate,045702c3c9c2c321a12179bdda2f5b3a7a58a585,4,bit,interleaved,4096,0,0,sample,962250.000,78.308,12288,12287,12193008009033903249
candidate,045702c3c9c2c321a12179bdda2f5b3a7a58a585,4,bit,interleaved,4096,0,0,pipeline,1359500.000,110.636,12288,3291,10764992291889574130
candidate,045702c3c9c2c321a12179bdda2f5b3a7a58a585,4,bit,interleaved,4096,0,1,sample,905834.000,73.717,12288,12287,12193008009033903249
candidate,045702c3c9c2c321a12179bdda2f5b3a7a58a585,4,bit,interleaved,4096,0,1,pipeline,1327917.000,108.066,12288,3291,10764992291889574130
candidate,045702c3c9c2c321a12179bdda2f5b3a7a58a585,4,bit,interleaved,4096,0,2,sample,931667.000,75.819,12288,12287,12193008009033903249
candidate,045702c3c9c2c321a12179bdda2f5b3a7a58a585,4,bit,interleaved,4096,0,2,pipeline,1422167.000,115.736,12288,3291,10764992291889574130
candidate,045702c3c9c2c321a12179bdda2f5b3a7a58a585,4,byte,duplicates,4096,0,0,sample,871334.000,46.947,18560,18557,8476562761733985929
candidate,045702c3c9c2c321a12179bdda2f5b3a7a58a585,4,byte,duplicates,4096,0,0,pipeline,1201250.000,64.723,18560,4188,14205456126107407234
candidate,045702c3c9c2c321a12179bdda2f5b3a7a58a585,4,byte,duplicates,4096,0,1,sample,870542.000,46.904,18560,18557,8476562761733985929
candidate,045702c3c9c2c321a12179bdda2f5b3a7a58a585,4,byte,duplicates,4096,0,1,pipeline,1182042.000,63.688,18560,4188,14205456126107407234
candidate,045702c3c9c2c321a12179bdda2f5b3a7a58a585,4,byte,duplicates,4096,0,2,sample,879125.000,47.367,18560,18557,8476562761733985929
candidate,045702c3c9c2c321a12179bdda2f5b3a7a58a585,4,byte,duplicates,4096,0,2,pipeline,1200167.000,64.664,18560,4188,14205456126107407234
candidate,045702c3c9c2c321a12179bdda2f5b3a7a58a585,4,bit,duplicates,4096,0,0,sample,1220084.000,65.737,18560,18557,17887957781260477778
candidate,045702c3c9c2c321a12179bdda2f5b3a7a58a585,4,bit,duplicates,4096,0,0,pipeline,1713917.000,92.345,18560,4188,12370292114216348944
candidate,045702c3c9c2c321a12179bdda2f5b3a7a58a585,4,bit,duplicates,4096,0,1,sample,1208542.000,65.115,18560,18557,17887957781260477778
candidate,045702c3c9c2c321a12179bdda2f5b3a7a58a585,4,bit,duplicates,4096,0,1,pipeline,1706125.000,91.925,18560,4188,12370292114216348944
candidate,045702c3c9c2c321a12179bdda2f5b3a7a58a585,4,bit,duplicates,4096,0,2,sample,1210375.000,65.214,18560,18557,17887957781260477778
candidate,045702c3c9c2c321a12179bdda2f5b3a7a58a585,4,bit,duplicates,4096,0,2,pipeline,1707000.000,91.972,18560,4188,12370292114216348944
baseline,98f96161d2f67726864e205bc7599fff891c33dc,0,byte,interleaved,4096,64,0,sample,465958.000,37.920,12288,12287,2541398277770908085
baseline,98f96161d2f67726864e205bc7599fff891c33dc,0,byte,interleaved,4096,64,0,pipeline,817084.000,66.494,12288,3291,8740643984117779911
baseline,98f96161d2f67726864e205bc7599fff891c33dc,0,byte,interleaved,4096,64,1,sample,488583.000,39.761,12288,12287,2541398277770908085
baseline,98f96161d2f67726864e205bc7599fff891c33dc,0,byte,interleaved,4096,64,1,pipeline,823666.000,67.030,12288,3291,8740643984117779911
baseline,98f96161d2f67726864e205bc7599fff891c33dc,0,byte,interleaved,4096,64,2,sample,489875.000,39.866,12288,12287,2541398277770908085
baseline,98f96161d2f67726864e205bc7599fff891c33dc,0,byte,interleaved,4096,64,2,pipeline,816042.000,66.410,12288,3291,8740643984117779911
baseline,98f96161d2f67726864e205bc7599fff891c33dc,0,bit,interleaved,4096,64,0,sample,837041.000,68.119,12288,12287,4677226453256643133
baseline,98f96161d2f67726864e205bc7599fff891c33dc,0,bit,interleaved,4096,64,0,pipeline,1405625.000,114.390,12288,3291,8457345758596538803
baseline,98f96161d2f67726864e205bc7599fff891c33dc,0,bit,interleaved,4096,64,1,sample,839292.000,68.302,12288,12287,4677226453256643133
baseline,98f96161d2f67726864e205bc7599fff891c33dc,0,bit,interleaved,4096,64,1,pipeline,1298459.000,105.669,12288,3291,8457345758596538803
baseline,98f96161d2f67726864e205bc7599fff891c33dc,0,bit,interleaved,4096,64,2,sample,834292.000,67.895,12288,12287,4677226453256643133
baseline,98f96161d2f67726864e205bc7599fff891c33dc,0,bit,interleaved,4096,64,2,pipeline,1353625.000,110.158,12288,3291,8457345758596538803
baseline,98f96161d2f67726864e205bc7599fff891c33dc,0,byte,duplicates,4096,64,0,sample,709333.000,38.218,18560,18557,13127346576464094117
baseline,98f96161d2f67726864e205bc7599fff891c33dc,0,byte,duplicates,4096,64,0,pipeline,1180958.000,63.629,18560,4188,17203385925024874436
baseline,98f96161d2f67726864e205bc7599fff891c33dc,0,byte,duplicates,4096,64,1,sample,707458.000,38.117,18560,18557,13127346576464094117
baseline,98f96161d2f67726864e205bc7599fff891c33dc,0,byte,duplicates,4096,64,1,pipeline,1166417.000,62.846,18560,4188,17203385925024874436
baseline,98f96161d2f67726864e205bc7599fff891c33dc,0,byte,duplicates,4096,64,2,sample,713417.000,38.438,18560,18557,13127346576464094117
baseline,98f96161d2f67726864e205bc7599fff891c33dc,0,byte,duplicates,4096,64,2,pipeline,1153875.000,62.170,18560,4188,17203385925024874436
baseline,98f96161d2f67726864e205bc7599fff891c33dc,0,bit,duplicates,4096,64,0,sample,1178250.000,63.483,18560,18557,16868185080966085382
baseline,98f96161d2f67726864e205bc7599fff891c33dc,0,bit,duplicates,4096,64,0,pipeline,1819583.000,98.038,18560,4188,4346119021820151492
baseline,98f96161d2f67726864e205bc7599fff891c33dc,0,bit,duplicates,4096,64,1,sample,1182333.000,63.703,18560,18557,16868185080966085382
baseline,98f96161d2f67726864e205bc7599fff891c33dc,0,bit,duplicates,4096,64,1,pipeline,1842042.000,99.248,18560,4188,4346119021820151492
baseline,98f96161d2f67726864e205bc7599fff891c33dc,0,bit,duplicates,4096,64,2,sample,1208791.000,65.129,18560,18557,16868185080966085382
baseline,98f96161d2f67726864e205bc7599fff891c33dc,0,bit,duplicates,4096,64,2,pipeline,1818791.000,97.995,18560,4188,4346119021820151492
candidate,045702c3c9c2c321a12179bdda2f5b3a7a58a585,0,byte,interleaved,4096,64,0,sample,589084.000,47.940,12288,12287,2541398277770908085
candidate,045702c3c9c2c321a12179bdda2f5b3a7a58a585,0,byte,interleaved,4096,64,0,pipeline,859209.000,69.923,12288,3291,8740643984117779911
candidate,045702c3c9c2c321a12179bdda2f5b3a7a58a585,0,byte,interleaved,4096,64,1,sample,671583.000,54.654,12288,12287,2541398277770908085
candidate,045702c3c9c2c321a12179bdda2f5b3a7a58a585,0,byte,interleaved,4096,64,1,pipeline,895333.000,72.862,12288,3291,8740643984117779911
candidate,045702c3c9c2c321a12179bdda2f5b3a7a58a585,0,byte,interleaved,4096,64,2,sample,586416.000,47.723,12288,12287,2541398277770908085
candidate,045702c3c9c2c321a12179bdda2f5b3a7a58a585,0,byte,interleaved,4096,64,2,pipeline,856000.000,69.661,12288,3291,8740643984117779911
candidate,045702c3c9c2c321a12179bdda2f5b3a7a58a585,0,bit,interleaved,4096,64,0,sample,915417.000,74.497,12288,12287,4677226453256643133
candidate,045702c3c9c2c321a12179bdda2f5b3a7a58a585,0,bit,interleaved,4096,64,0,pipeline,1329667.000,108.209,12288,3291,8457345758596538803
candidate,045702c3c9c2c321a12179bdda2f5b3a7a58a585,0,bit,interleaved,4096,64,1,sample,906208.000,73.747,12288,12287,4677226453256643133
candidate,045702c3c9c2c321a12179bdda2f5b3a7a58a585,0,bit,interleaved,4096,64,1,pipeline,1302042.000,105.960,12288,3291,8457345758596538803
candidate,045702c3c9c2c321a12179bdda2f5b3a7a58a585,0,bit,interleaved,4096,64,2,sample,904709.000,73.625,12288,12287,4677226453256643133
candidate,045702c3c9c2c321a12179bdda2f5b3a7a58a585,0,bit,interleaved,4096,64,2,pipeline,1291625.000,105.113,12288,3291,8457345758596538803
candidate,045702c3c9c2c321a12179bdda2f5b3a7a58a585,0,byte,duplicates,4096,64,0,sample,867416.000,46.736,18560,18557,13127346576464094117
candidate,045702c3c9c2c321a12179bdda2f5b3a7a58a585,0,byte,duplicates,4096,64,0,pipeline,1224792.000,65.991,18560,4188,17203385925024874436
candidate,045702c3c9c2c321a12179bdda2f5b3a7a58a585,0,byte,duplicates,4096,64,1,sample,832541.000,44.857,18560,18557,13127346576464094117
candidate,045702c3c9c2c321a12179bdda2f5b3a7a58a585,0,byte,duplicates,4096,64,1,pipeline,1217917.000,65.621,18560,4188,17203385925024874436
candidate,045702c3c9c2c321a12179bdda2f5b3a7a58a585,0,byte,duplicates,4096,64,2,sample,837416.000,45.119,18560,18557,13127346576464094117
candidate,045702c3c9c2c321a12179bdda2f5b3a7a58a585,0,byte,duplicates,4096,64,2,pipeline,1201625.000,64.743,18560,4188,17203385925024874436
candidate,045702c3c9c2c321a12179bdda2f5b3a7a58a585,0,bit,duplicates,4096,64,0,sample,1225042.000,66.004,18560,18557,16868185080966085382
candidate,045702c3c9c2c321a12179bdda2f5b3a7a58a585,0,bit,duplicates,4096,64,0,pipeline,1759500.000,94.801,18560,4188,4346119021820151492
candidate,045702c3c9c2c321a12179bdda2f5b3a7a58a585,0,bit,duplicates,4096,64,1,sample,1234042.000,66.489,18560,18557,16868185080966085382
candidate,045702c3c9c2c321a12179bdda2f5b3a7a58a585,0,bit,duplicates,4096,64,1,pipeline,1825958.000,98.381,18560,4188,4346119021820151492
candidate,045702c3c9c2c321a12179bdda2f5b3a7a58a585,0,bit,duplicates,4096,64,2,sample,1260333.000,67.906,18560,18557,16868185080966085382
candidate,045702c3c9c2c321a12179bdda2f5b3a7a58a585,0,bit,duplicates,4096,64,2,pipeline,1838500.000,99.057,18560,4188,4346119021820151492
candidate,045702c3c9c2c321a12179bdda2f5b3a7a58a585,1,byte,interleaved,4096,64,0,sample,600084.000,48.835,12288,12287,2541398277770908085
candidate,045702c3c9c2c321a12179bdda2f5b3a7a58a585,1,byte,interleaved,4096,64,0,pipeline,875333.000,71.235,12288,3291,8740643984117779911
candidate,045702c3c9c2c321a12179bdda2f5b3a7a58a585,1,byte,interleaved,4096,64,1,sample,598250.000,48.686,12288,12287,2541398277770908085
candidate,045702c3c9c2c321a12179bdda2f5b3a7a58a585,1,byte,interleaved,4096,64,1,pipeline,874292.000,71.150,12288,3291,8740643984117779911
candidate,045702c3c9c2c321a12179bdda2f5b3a7a58a585,1,byte,interleaved,4096,64,2,sample,594208.000,48.357,12288,12287,2541398277770908085
candidate,045702c3c9c2c321a12179bdda2f5b3a7a58a585,1,byte,interleaved,4096,64,2,pipeline,873166.000,71.058,12288,3291,8740643984117779911
candidate,045702c3c9c2c321a12179bdda2f5b3a7a58a585,1,bit,interleaved,4096,64,0,sample,943875.000,76.813,12288,12287,4677226453256643133
candidate,045702c3c9c2c321a12179bdda2f5b3a7a58a585,1,bit,interleaved,4096,64,0,pipeline,1488250.000,121.114,12288,3291,8457345758596538803
candidate,045702c3c9c2c321a12179bdda2f5b3a7a58a585,1,bit,interleaved,4096,64,1,sample,961958.000,78.284,12288,12287,4677226453256643133
candidate,045702c3c9c2c321a12179bdda2f5b3a7a58a585,1,bit,interleaved,4096,64,1,pipeline,1330792.000,108.300,12288,3291,8457345758596538803
candidate,045702c3c9c2c321a12179bdda2f5b3a7a58a585,1,bit,interleaved,4096,64,2,sample,925333.000,75.304,12288,12287,4677226453256643133
candidate,045702c3c9c2c321a12179bdda2f5b3a7a58a585,1,bit,interleaved,4096,64,2,pipeline,1325458.000,107.866,12288,3291,8457345758596538803
candidate,045702c3c9c2c321a12179bdda2f5b3a7a58a585,1,byte,duplicates,4096,64,0,sample,878792.000,47.349,18560,18557,13127346576464094117
candidate,045702c3c9c2c321a12179bdda2f5b3a7a58a585,1,byte,duplicates,4096,64,0,pipeline,1291875.000,69.605,18560,4188,17203385925024874436
candidate,045702c3c9c2c321a12179bdda2f5b3a7a58a585,1,byte,duplicates,4096,64,1,sample,846167.000,45.591,18560,18557,13127346576464094117
candidate,045702c3c9c2c321a12179bdda2f5b3a7a58a585,1,byte,duplicates,4096,64,1,pipeline,1216333.000,65.535,18560,4188,17203385925024874436
candidate,045702c3c9c2c321a12179bdda2f5b3a7a58a585,1,byte,duplicates,4096,64,2,sample,831750.000,44.814,18560,18557,13127346576464094117
candidate,045702c3c9c2c321a12179bdda2f5b3a7a58a585,1,byte,duplicates,4096,64,2,pipeline,1233792.000,66.476,18560,4188,17203385925024874436
candidate,045702c3c9c2c321a12179bdda2f5b3a7a58a585,1,bit,duplicates,4096,64,0,sample,1245125.000,67.086,18560,18557,16868185080966085382
candidate,045702c3c9c2c321a12179bdda2f5b3a7a58a585,1,bit,duplicates,4096,64,0,pipeline,1809084.000,97.472,18560,4188,4346119021820151492
candidate,045702c3c9c2c321a12179bdda2f5b3a7a58a585,1,bit,duplicates,4096,64,1,sample,1252791.000,67.500,18560,18557,16868185080966085382
candidate,045702c3c9c2c321a12179bdda2f5b3a7a58a585,1,bit,duplicates,4096,64,1,pipeline,1834250.000,98.828,18560,4188,4346119021820151492
candidate,045702c3c9c2c321a12179bdda2f5b3a7a58a585,1,bit,duplicates,4096,64,2,sample,1216916.000,65.567,18560,18557,16868185080966085382
candidate,045702c3c9c2c321a12179bdda2f5b3a7a58a585,1,bit,duplicates,4096,64,2,pipeline,1767792.000,95.247,18560,4188,4346119021820151492
baseline,98f96161d2f67726864e205bc7599fff891c33dc,1,byte,interleaved,4096,64,0,sample,537500.000,43.742,12288,12287,2541398277770908085
baseline,98f96161d2f67726864e205bc7599fff891c33dc,1,byte,interleaved,4096,64,0,pipeline,870834.000,70.869,12288,3291,8740643984117779911
baseline,98f96161d2f67726864e205bc7599fff891c33dc,1,byte,interleaved,4096,64,1,sample,482250.000,39.246,12288,12287,2541398277770908085
baseline,98f96161d2f67726864e205bc7599fff891c33dc,1,byte,interleaved,4096,64,1,pipeline,869625.000,70.770,12288,3291,8740643984117779911
baseline,98f96161d2f67726864e205bc7599fff891c33dc,1,byte,interleaved,4096,64,2,sample,470209.000,38.266,12288,12287,2541398277770908085
baseline,98f96161d2f67726864e205bc7599fff891c33dc,1,byte,interleaved,4096,64,2,pipeline,841250.000,68.461,12288,3291,8740643984117779911
baseline,98f96161d2f67726864e205bc7599fff891c33dc,1,bit,interleaved,4096,64,0,sample,845750.000,68.827,12288,12287,4677226453256643133
baseline,98f96161d2f67726864e205bc7599fff891c33dc,1,bit,interleaved,4096,64,0,pipeline,1334125.000,108.571,12288,3291,8457345758596538803
baseline,98f96161d2f67726864e205bc7599fff891c33dc,1,bit,interleaved,4096,64,1,sample,969584.000,78.905,12288,12287,4677226453256643133
baseline,98f96161d2f67726864e205bc7599fff891c33dc,1,bit,interleaved,4096,64,1,pipeline,1304625.000,106.171,12288,3291,8457345758596538803
baseline,98f96161d2f67726864e205bc7599fff891c33dc,1,bit,interleaved,4096,64,2,sample,870833.000,70.869,12288,12287,4677226453256643133
baseline,98f96161d2f67726864e205bc7599fff891c33dc,1,bit,interleaved,4096,64,2,pipeline,1358292.000,110.538,12288,3291,8457345758596538803
baseline,98f96161d2f67726864e205bc7599fff891c33dc,1,byte,duplicates,4096,64,0,sample,798584.000,43.027,18560,18557,13127346576464094117
baseline,98f96161d2f67726864e205bc7599fff891c33dc,1,byte,duplicates,4096,64,0,pipeline,1201208.000,64.720,18560,4188,17203385925024874436
baseline,98f96161d2f67726864e205bc7599fff891c33dc,1,byte,duplicates,4096,64,1,sample,718500.000,38.712,18560,18557,13127346576464094117
baseline,98f96161d2f67726864e205bc7599fff891c33dc,1,byte,duplicates,4096,64,1,pipeline,1201125.000,64.716,18560,4188,17203385925024874436
baseline,98f96161d2f67726864e205bc7599fff891c33dc,1,byte,duplicates,4096,64,2,sample,798584.000,43.027,18560,18557,13127346576464094117
baseline,98f96161d2f67726864e205bc7599fff891c33dc,1,byte,duplicates,4096,64,2,pipeline,1197834.000,64.538,18560,4188,17203385925024874436
baseline,98f96161d2f67726864e205bc7599fff891c33dc,1,bit,duplicates,4096,64,0,sample,1181209.000,63.643,18560,18557,16868185080966085382
baseline,98f96161d2f67726864e205bc7599fff891c33dc,1,bit,duplicates,4096,64,0,pipeline,1815834.000,97.836,18560,4188,4346119021820151492
baseline,98f96161d2f67726864e205bc7599fff891c33dc,1,bit,duplicates,4096,64,1,sample,1176750.000,63.402,18560,18557,16868185080966085382
baseline,98f96161d2f67726864e205bc7599fff891c33dc,1,bit,duplicates,4096,64,1,pipeline,1803625.000,97.178,18560,4188,4346119021820151492
baseline,98f96161d2f67726864e205bc7599fff891c33dc,1,bit,duplicates,4096,64,2,sample,1184334.000,63.811,18560,18557,16868185080966085382
baseline,98f96161d2f67726864e205bc7599fff891c33dc,1,bit,duplicates,4096,64,2,pipeline,1847292.000,99.531,18560,4188,4346119021820151492
baseline,98f96161d2f67726864e205bc7599fff891c33dc,2,byte,interleaved,4096,64,0,sample,472709.000,38.469,12288,12287,2541398277770908085
baseline,98f96161d2f67726864e205bc7599fff891c33dc,2,byte,interleaved,4096,64,0,pipeline,929416.000,75.636,12288,3291,8740643984117779911
baseline,98f96161d2f67726864e205bc7599fff891c33dc,2,byte,interleaved,4096,64,1,sample,470917.000,38.323,12288,12287,2541398277770908085
baseline,98f96161d2f67726864e205bc7599fff891c33dc,2,byte,interleaved,4096,64,1,pipeline,845458.000,68.804,12288,3291,8740643984117779911
baseline,98f96161d2f67726864e205bc7599fff891c33dc,2,byte,interleaved,4096,64,2,sample,468500.000,38.127,12288,12287,2541398277770908085
baseline,98f96161d2f67726864e205bc7599fff891c33dc,2,byte,interleaved,4096,64,2,pipeline,793167.000,64.548,12288,3291,8740643984117779911
baseline,98f96161d2f67726864e205bc7599fff891c33dc,2,bit,interleaved,4096,64,0,sample,974625.000,79.315,12288,12287,4677226453256643133
baseline,98f96161d2f67726864e205bc7599fff891c33dc,2,bit,interleaved,4096,64,0,pipeline,1393500.000,113.403,12288,3291,8457345758596538803
baseline,98f96161d2f67726864e205bc7599fff891c33dc,2,bit,interleaved,4096,64,1,sample,903792.000,73.551,12288,12287,4677226453256643133
baseline,98f96161d2f67726864e205bc7599fff891c33dc,2,bit,interleaved,4096,64,1,pipeline,1312292.000,106.795,12288,3291,8457345758596538803
baseline,98f96161d2f67726864e205bc7599fff891c33dc,2,bit,interleaved,4096,64,2,sample,844291.000,68.709,12288,12287,4677226453256643133
baseline,98f96161d2f67726864e205bc7599fff891c33dc,2,bit,interleaved,4096,64,2,pipeline,1334708.000,108.619,12288,3291,8457345758596538803
baseline,98f96161d2f67726864e205bc7599fff891c33dc,2,byte,duplicates,4096,64,0,sample,709542.000,38.230,18560,18557,13127346576464094117
baseline,98f96161d2f67726864e205bc7599fff891c33dc,2,byte,duplicates,4096,64,0,pipeline,1185667.000,63.883,18560,4188,17203385925024874436
baseline,98f96161d2f67726864e205bc7599fff891c33dc,2,byte,duplicates,4096,64,1,sample,723083.000,38.959,18560,18557,13127346576464094117
baseline,98f96161d2f67726864e205bc7599fff891c33dc,2,byte,duplicates,4096,64,1,pipeline,1159417.000,62.469,18560,4188,17203385925024874436
baseline,98f96161d2f67726864e205bc7599fff891c33dc,2,byte,duplicates,4096,64,2,sample,714584.000,38.501,18560,18557,13127346576464094117
baseline,98f96161d2f67726864e205bc7599fff891c33dc,2,byte,duplicates,4096,64,2,pipeline,1156333.000,62.302,18560,4188,17203385925024874436
baseline,98f96161d2f67726864e205bc7599fff891c33dc,2,bit,duplicates,4096,64,0,sample,1175292.000,63.324,18560,18557,16868185080966085382
baseline,98f96161d2f67726864e205bc7599fff891c33dc,2,bit,duplicates,4096,64,0,pipeline,1926292.000,103.787,18560,4188,4346119021820151492
baseline,98f96161d2f67726864e205bc7599fff891c33dc,2,bit,duplicates,4096,64,1,sample,1178250.000,63.483,18560,18557,16868185080966085382
baseline,98f96161d2f67726864e205bc7599fff891c33dc,2,bit,duplicates,4096,64,1,pipeline,1910125.000,102.916,18560,4188,4346119021820151492
baseline,98f96161d2f67726864e205bc7599fff891c33dc,2,bit,duplicates,4096,64,2,sample,1193166.000,64.287,18560,18557,16868185080966085382
baseline,98f96161d2f67726864e205bc7599fff891c33dc,2,bit,duplicates,4096,64,2,pipeline,1810333.000,97.539,18560,4188,4346119021820151492
candidate,045702c3c9c2c321a12179bdda2f5b3a7a58a585,2,byte,interleaved,4096,64,0,sample,590250.000,48.035,12288,12287,2541398277770908085
candidate,045702c3c9c2c321a12179bdda2f5b3a7a58a585,2,byte,interleaved,4096,64,0,pipeline,856291.000,69.685,12288,3291,8740643984117779911
candidate,045702c3c9c2c321a12179bdda2f5b3a7a58a585,2,byte,interleaved,4096,64,1,sample,587583.000,47.818,12288,12287,2541398277770908085
candidate,045702c3c9c2c321a12179bdda2f5b3a7a58a585,2,byte,interleaved,4096,64,1,pipeline,852416.000,69.370,12288,3291,8740643984117779911
candidate,045702c3c9c2c321a12179bdda2f5b3a7a58a585,2,byte,interleaved,4096,64,2,sample,586292.000,47.713,12288,12287,2541398277770908085
candidate,045702c3c9c2c321a12179bdda2f5b3a7a58a585,2,byte,interleaved,4096,64,2,pipeline,854209.000,69.516,12288,3291,8740643984117779911
candidate,045702c3c9c2c321a12179bdda2f5b3a7a58a585,2,bit,interleaved,4096,64,0,sample,916167.000,74.558,12288,12287,4677226453256643133
candidate,045702c3c9c2c321a12179bdda2f5b3a7a58a585,2,bit,interleaved,4096,64,0,pipeline,1393333.000,113.390,12288,3291,8457345758596538803
candidate,045702c3c9c2c321a12179bdda2f5b3a7a58a585,2,bit,interleaved,4096,64,1,sample,910791.000,74.120,12288,12287,4677226453256643133
candidate,045702c3c9c2c321a12179bdda2f5b3a7a58a585,2,bit,interleaved,4096,64,1,pipeline,1331042.000,108.320,12288,3291,8457345758596538803
candidate,045702c3c9c2c321a12179bdda2f5b3a7a58a585,2,bit,interleaved,4096,64,2,sample,912958.000,74.297,12288,12287,4677226453256643133
candidate,045702c3c9c2c321a12179bdda2f5b3a7a58a585,2,bit,interleaved,4096,64,2,pipeline,1310875.000,106.679,12288,3291,8457345758596538803
candidate,045702c3c9c2c321a12179bdda2f5b3a7a58a585,2,byte,duplicates,4096,64,0,sample,839583.000,45.236,18560,18557,13127346576464094117
candidate,045702c3c9c2c321a12179bdda2f5b3a7a58a585,2,byte,duplicates,4096,64,0,pipeline,1213541.000,65.385,18560,4188,17203385925024874436
candidate,045702c3c9c2c321a12179bdda2f5b3a7a58a585,2,byte,duplicates,4096,64,1,sample,835583.000,45.021,18560,18557,13127346576464094117
candidate,045702c3c9c2c321a12179bdda2f5b3a7a58a585,2,byte,duplicates,4096,64,1,pipeline,1232500.000,66.406,18560,4188,17203385925024874436
candidate,045702c3c9c2c321a12179bdda2f5b3a7a58a585,2,byte,duplicates,4096,64,2,sample,854083.000,46.017,18560,18557,13127346576464094117
candidate,045702c3c9c2c321a12179bdda2f5b3a7a58a585,2,byte,duplicates,4096,64,2,pipeline,1263791.000,68.092,18560,4188,17203385925024874436
candidate,045702c3c9c2c321a12179bdda2f5b3a7a58a585,2,bit,duplicates,4096,64,0,sample,1225083.000,66.007,18560,18557,16868185080966085382
candidate,045702c3c9c2c321a12179bdda2f5b3a7a58a585,2,bit,duplicates,4096,64,0,pipeline,1803166.000,97.153,18560,4188,4346119021820151492
candidate,045702c3c9c2c321a12179bdda2f5b3a7a58a585,2,bit,duplicates,4096,64,1,sample,1219792.000,65.722,18560,18557,16868185080966085382
candidate,045702c3c9c2c321a12179bdda2f5b3a7a58a585,2,bit,duplicates,4096,64,1,pipeline,1780500.000,95.932,18560,4188,4346119021820151492
candidate,045702c3c9c2c321a12179bdda2f5b3a7a58a585,2,bit,duplicates,4096,64,2,sample,1242375.000,66.938,18560,18557,16868185080966085382
candidate,045702c3c9c2c321a12179bdda2f5b3a7a58a585,2,bit,duplicates,4096,64,2,pipeline,1823208.000,98.233,18560,4188,4346119021820151492
candidate,045702c3c9c2c321a12179bdda2f5b3a7a58a585,3,byte,interleaved,4096,64,0,sample,600292.000,48.852,12288,12287,2541398277770908085
candidate,045702c3c9c2c321a12179bdda2f5b3a7a58a585,3,byte,interleaved,4096,64,0,pipeline,882333.000,71.804,12288,3291,8740643984117779911
candidate,045702c3c9c2c321a12179bdda2f5b3a7a58a585,3,byte,interleaved,4096,64,1,sample,609875.000,49.632,12288,12287,2541398277770908085
candidate,045702c3c9c2c321a12179bdda2f5b3a7a58a585,3,byte,interleaved,4096,64,1,pipeline,886792.000,72.167,12288,3291,8740643984117779911
candidate,045702c3c9c2c321a12179bdda2f5b3a7a58a585,3,byte,interleaved,4096,64,2,sample,614250.000,49.988,12288,12287,2541398277770908085
candidate,045702c3c9c2c321a12179bdda2f5b3a7a58a585,3,byte,interleaved,4096,64,2,pipeline,879125.000,71.543,12288,3291,8740643984117779911
candidate,045702c3c9c2c321a12179bdda2f5b3a7a58a585,3,bit,interleaved,4096,64,0,sample,921125.000,74.961,12288,12287,4677226453256643133
candidate,045702c3c9c2c321a12179bdda2f5b3a7a58a585,3,bit,interleaved,4096,64,0,pipeline,1418791.000,115.462,12288,3291,8457345758596538803
candidate,045702c3c9c2c321a12179bdda2f5b3a7a58a585,3,bit,interleaved,4096,64,1,sample,957583.000,77.928,12288,12287,4677226453256643133
candidate,045702c3c9c2c321a12179bdda2f5b3a7a58a585,3,bit,interleaved,4096,64,1,pipeline,1385667.000,112.766,12288,3291,8457345758596538803
candidate,045702c3c9c2c321a12179bdda2f5b3a7a58a585,3,bit,interleaved,4096,64,2,sample,904875.000,73.639,12288,12287,4677226453256643133
candidate,045702c3c9c2c321a12179bdda2f5b3a7a58a585,3,bit,interleaved,4096,64,2,pipeline,1413125.000,115.000,12288,3291,8457345758596538803
candidate,045702c3c9c2c321a12179bdda2f5b3a7a58a585,3,byte,duplicates,4096,64,0,sample,872875.000,47.030,18560,18557,13127346576464094117
candidate,045702c3c9c2c321a12179bdda2f5b3a7a58a585,3,byte,duplicates,4096,64,0,pipeline,1212625.000,65.335,18560,4188,17203385925024874436
candidate,045702c3c9c2c321a12179bdda2f5b3a7a58a585,3,byte,duplicates,4096,64,1,sample,866750.000,46.700,18560,18557,13127346576464094117
candidate,045702c3c9c2c321a12179bdda2f5b3a7a58a585,3,byte,duplicates,4096,64,1,pipeline,1212417.000,65.324,18560,4188,17203385925024874436
candidate,045702c3c9c2c321a12179bdda2f5b3a7a58a585,3,byte,duplicates,4096,64,2,sample,842584.000,45.398,18560,18557,13127346576464094117
candidate,045702c3c9c2c321a12179bdda2f5b3a7a58a585,3,byte,duplicates,4096,64,2,pipeline,1208875.000,65.133,18560,4188,17203385925024874436
candidate,045702c3c9c2c321a12179bdda2f5b3a7a58a585,3,bit,duplicates,4096,64,0,sample,1217500.000,65.598,18560,18557,16868185080966085382
candidate,045702c3c9c2c321a12179bdda2f5b3a7a58a585,3,bit,duplicates,4096,64,0,pipeline,1763792.000,95.032,18560,4188,4346119021820151492
candidate,045702c3c9c2c321a12179bdda2f5b3a7a58a585,3,bit,duplicates,4096,64,1,sample,1210917.000,65.243,18560,18557,16868185080966085382
candidate,045702c3c9c2c321a12179bdda2f5b3a7a58a585,3,bit,duplicates,4096,64,1,pipeline,1759750.000,94.814,18560,4188,4346119021820151492
candidate,045702c3c9c2c321a12179bdda2f5b3a7a58a585,3,bit,duplicates,4096,64,2,sample,1211209.000,65.259,18560,18557,16868185080966085382
candidate,045702c3c9c2c321a12179bdda2f5b3a7a58a585,3,bit,duplicates,4096,64,2,pipeline,1830042.000,98.601,18560,4188,4346119021820151492
baseline,98f96161d2f67726864e205bc7599fff891c33dc,3,byte,interleaved,4096,64,0,sample,464833.000,37.828,12288,12287,2541398277770908085
baseline,98f96161d2f67726864e205bc7599fff891c33dc,3,byte,interleaved,4096,64,0,pipeline,876958.000,71.367,12288,3291,8740643984117779911
baseline,98f96161d2f67726864e205bc7599fff891c33dc,3,byte,interleaved,4096,64,1,sample,474667.000,38.628,12288,12287,2541398277770908085
baseline,98f96161d2f67726864e205bc7599fff891c33dc,3,byte,interleaved,4096,64,1,pipeline,833583.000,67.837,12288,3291,8740643984117779911
baseline,98f96161d2f67726864e205bc7599fff891c33dc,3,byte,interleaved,4096,64,2,sample,495667.000,40.337,12288,12287,2541398277770908085
baseline,98f96161d2f67726864e205bc7599fff891c33dc,3,byte,interleaved,4096,64,2,pipeline,805417.000,65.545,12288,3291,8740643984117779911
baseline,98f96161d2f67726864e205bc7599fff891c33dc,3,bit,interleaved,4096,64,0,sample,844375.000,68.715,12288,12287,4677226453256643133
baseline,98f96161d2f67726864e205bc7599fff891c33dc,3,bit,interleaved,4096,64,0,pipeline,1305875.000,106.272,12288,3291,8457345758596538803
baseline,98f96161d2f67726864e205bc7599fff891c33dc,3,bit,interleaved,4096,64,1,sample,841750.000,68.502,12288,12287,4677226453256643133
baseline,98f96161d2f67726864e205bc7599fff891c33dc,3,bit,interleaved,4096,64,1,pipeline,1323416.000,107.700,12288,3291,8457345758596538803
baseline,98f96161d2f67726864e205bc7599fff891c33dc,3,bit,interleaved,4096,64,2,sample,841959.000,68.519,12288,12287,4677226453256643133
baseline,98f96161d2f67726864e205bc7599fff891c33dc,3,bit,interleaved,4096,64,2,pipeline,1299292.000,105.737,12288,3291,8457345758596538803
baseline,98f96161d2f67726864e205bc7599fff891c33dc,3,byte,duplicates,4096,64,0,sample,709333.000,38.218,18560,18557,13127346576464094117
baseline,98f96161d2f67726864e205bc7599fff891c33dc,3,byte,duplicates,4096,64,0,pipeline,1157708.000,62.377,18560,4188,17203385925024874436
baseline,98f96161d2f67726864e205bc7599fff891c33dc,3,byte,duplicates,4096,64,1,sample,786000.000,42.349,18560,18557,13127346576464094117
baseline,98f96161d2f67726864e205bc7599fff891c33dc,3,byte,duplicates,4096,64,1,pipeline,1155625.000,62.264,18560,4188,17203385925024874436
baseline,98f96161d2f67726864e205bc7599fff891c33dc,3,byte,duplicates,4096,64,2,sample,718375.000,38.706,18560,18557,13127346576464094117
baseline,98f96161d2f67726864e205bc7599fff891c33dc,3,byte,duplicates,4096,64,2,pipeline,1162500.000,62.635,18560,4188,17203385925024874436
baseline,98f96161d2f67726864e205bc7599fff891c33dc,3,bit,duplicates,4096,64,0,sample,1174083.000,63.259,18560,18557,16868185080966085382
baseline,98f96161d2f67726864e205bc7599fff891c33dc,3,bit,duplicates,4096,64,0,pipeline,1797958.000,96.873,18560,4188,4346119021820151492
baseline,98f96161d2f67726864e205bc7599fff891c33dc,3,bit,duplicates,4096,64,1,sample,1335042.000,71.931,18560,18557,16868185080966085382
baseline,98f96161d2f67726864e205bc7599fff891c33dc,3,bit,duplicates,4096,64,1,pipeline,1818000.000,97.953,18560,4188,4346119021820151492
baseline,98f96161d2f67726864e205bc7599fff891c33dc,3,bit,duplicates,4096,64,2,sample,1180208.000,63.589,18560,18557,16868185080966085382
baseline,98f96161d2f67726864e205bc7599fff891c33dc,3,bit,duplicates,4096,64,2,pipeline,1879375.000,101.259,18560,4188,4346119021820151492
baseline,98f96161d2f67726864e205bc7599fff891c33dc,4,byte,interleaved,4096,64,0,sample,468125.000,38.096,12288,12287,2541398277770908085
baseline,98f96161d2f67726864e205bc7599fff891c33dc,4,byte,interleaved,4096,64,0,pipeline,959833.000,78.111,12288,3291,8740643984117779911
baseline,98f96161d2f67726864e205bc7599fff891c33dc,4,byte,interleaved,4096,64,1,sample,465125.000,37.852,12288,12287,2541398277770908085
baseline,98f96161d2f67726864e205bc7599fff891c33dc,4,byte,interleaved,4096,64,1,pipeline,797208.000,64.877,12288,3291,8740643984117779911
baseline,98f96161d2f67726864e205bc7599fff891c33dc,4,byte,interleaved,4096,64,2,sample,467500.000,38.045,12288,12287,2541398277770908085
baseline,98f96161d2f67726864e205bc7599fff891c33dc,4,byte,interleaved,4096,64,2,pipeline,791542.000,64.416,12288,3291,8740643984117779911
baseline,98f96161d2f67726864e205bc7599fff891c33dc,4,bit,interleaved,4096,64,0,sample,843458.000,68.641,12288,12287,4677226453256643133
baseline,98f96161d2f67726864e205bc7599fff891c33dc,4,bit,interleaved,4096,64,0,pipeline,1309334.000,106.554,12288,3291,8457345758596538803
baseline,98f96161d2f67726864e205bc7599fff891c33dc,4,bit,interleaved,4096,64,1,sample,849000.000,69.092,12288,12287,4677226453256643133
baseline,98f96161d2f67726864e205bc7599fff891c33dc,4,bit,interleaved,4096,64,1,pipeline,1319125.000,107.351,12288,3291,8457345758596538803
baseline,98f96161d2f67726864e205bc7599fff891c33dc,4,bit,interleaved,4096,64,2,sample,871167.000,70.896,12288,12287,4677226453256643133
baseline,98f96161d2f67726864e205bc7599fff891c33dc,4,bit,interleaved,4096,64,2,pipeline,1425583.000,116.014,12288,3291,8457345758596538803
baseline,98f96161d2f67726864e205bc7599fff891c33dc,4,byte,duplicates,4096,64,0,sample,714583.000,38.501,18560,18557,13127346576464094117
baseline,98f96161d2f67726864e205bc7599fff891c33dc,4,byte,duplicates,4096,64,0,pipeline,1163250.000,62.675,18560,4188,17203385925024874436
baseline,98f96161d2f67726864e205bc7599fff891c33dc,4,byte,duplicates,4096,64,1,sample,709250.000,38.214,18560,18557,13127346576464094117
baseline,98f96161d2f67726864e205bc7599fff891c33dc,4,byte,duplicates,4096,64,1,pipeline,1151083.000,62.020,18560,4188,17203385925024874436
baseline,98f96161d2f67726864e205bc7599fff891c33dc,4,byte,duplicates,4096,64,2,sample,710625.000,38.288,18560,18557,13127346576464094117
baseline,98f96161d2f67726864e205bc7599fff891c33dc,4,byte,duplicates,4096,64,2,pipeline,1152417.000,62.091,18560,4188,17203385925024874436
baseline,98f96161d2f67726864e205bc7599fff891c33dc,4,bit,duplicates,4096,64,0,sample,1180959.000,63.629,18560,18557,16868185080966085382
baseline,98f96161d2f67726864e205bc7599fff891c33dc,4,bit,duplicates,4096,64,0,pipeline,1804667.000,97.234,18560,4188,4346119021820151492
baseline,98f96161d2f67726864e205bc7599fff891c33dc,4,bit,duplicates,4096,64,1,sample,1225917.000,66.052,18560,18557,16868185080966085382
baseline,98f96161d2f67726864e205bc7599fff891c33dc,4,bit,duplicates,4096,64,1,pipeline,1945875.000,104.842,18560,4188,4346119021820151492
baseline,98f96161d2f67726864e205bc7599fff891c33dc,4,bit,duplicates,4096,64,2,sample,1194208.000,64.343,18560,18557,16868185080966085382
baseline,98f96161d2f67726864e205bc7599fff891c33dc,4,bit,duplicates,4096,64,2,pipeline,1888375.000,101.744,18560,4188,4346119021820151492
candidate,045702c3c9c2c321a12179bdda2f5b3a7a58a585,4,byte,interleaved,4096,64,0,sample,599708.000,48.804,12288,12287,2541398277770908085
candidate,045702c3c9c2c321a12179bdda2f5b3a7a58a585,4,byte,interleaved,4096,64,0,pipeline,940417.000,76.531,12288,3291,8740643984117779911
candidate,045702c3c9c2c321a12179bdda2f5b3a7a58a585,4,byte,interleaved,4096,64,1,sample,622500.000,50.659,12288,12287,2541398277770908085
candidate,045702c3c9c2c321a12179bdda2f5b3a7a58a585,4,byte,interleaved,4096,64,1,pipeline,896291.000,72.940,12288,3291,8740643984117779911
candidate,045702c3c9c2c321a12179bdda2f5b3a7a58a585,4,byte,interleaved,4096,64,2,sample,623292.000,50.724,12288,12287,2541398277770908085
candidate,045702c3c9c2c321a12179bdda2f5b3a7a58a585,4,byte,interleaved,4096,64,2,pipeline,862541.000,70.194,12288,3291,8740643984117779911
candidate,045702c3c9c2c321a12179bdda2f5b3a7a58a585,4,bit,interleaved,4096,64,0,sample,961708.000,78.264,12288,12287,4677226453256643133
candidate,045702c3c9c2c321a12179bdda2f5b3a7a58a585,4,bit,interleaved,4096,64,0,pipeline,1317792.000,107.242,12288,3291,8457345758596538803
candidate,045702c3c9c2c321a12179bdda2f5b3a7a58a585,4,bit,interleaved,4096,64,1,sample,909292.000,73.998,12288,12287,4677226453256643133
candidate,045702c3c9c2c321a12179bdda2f5b3a7a58a585,4,bit,interleaved,4096,64,1,pipeline,1325000.000,107.829,12288,3291,8457345758596538803
candidate,045702c3c9c2c321a12179bdda2f5b3a7a58a585,4,bit,interleaved,4096,64,2,sample,904541.000,73.612,12288,12287,4677226453256643133
candidate,045702c3c9c2c321a12179bdda2f5b3a7a58a585,4,bit,interleaved,4096,64,2,pipeline,1318750.000,107.320,12288,3291,8457345758596538803
candidate,045702c3c9c2c321a12179bdda2f5b3a7a58a585,4,byte,duplicates,4096,64,0,sample,838292.000,45.167,18560,18557,13127346576464094117
candidate,045702c3c9c2c321a12179bdda2f5b3a7a58a585,4,byte,duplicates,4096,64,0,pipeline,1195500.000,64.413,18560,4188,17203385925024874436
candidate,045702c3c9c2c321a12179bdda2f5b3a7a58a585,4,byte,duplicates,4096,64,1,sample,838584.000,45.182,18560,18557,13127346576464094117
candidate,045702c3c9c2c321a12179bdda2f5b3a7a58a585,4,byte,duplicates,4096,64,1,pipeline,1192917.000,64.274,18560,4188,17203385925024874436
candidate,045702c3c9c2c321a12179bdda2f5b3a7a58a585,4,byte,duplicates,4096,64,2,sample,828375.000,44.632,18560,18557,13127346576464094117
candidate,045702c3c9c2c321a12179bdda2f5b3a7a58a585,4,byte,duplicates,4096,64,2,pipeline,1191625.000,64.204,18560,4188,17203385925024874436
candidate,045702c3c9c2c321a12179bdda2f5b3a7a58a585,4,bit,duplicates,4096,64,0,sample,1259541.000,67.863,18560,18557,16868185080966085382
candidate,045702c3c9c2c321a12179bdda2f5b3a7a58a585,4,bit,duplicates,4096,64,0,pipeline,1781750.000,95.999,18560,4188,4346119021820151492
candidate,045702c3c9c2c321a12179bdda2f5b3a7a58a585,4,bit,duplicates,4096,64,1,sample,1211042.000,65.250,18560,18557,16868185080966085382
candidate,045702c3c9c2c321a12179bdda2f5b3a7a58a585,4,bit,duplicates,4096,64,1,pipeline,1748250.000,94.195,18560,4188,4346119021820151492
candidate,045702c3c9c2c321a12179bdda2f5b3a7a58a585,4,bit,duplicates,4096,64,2,sample,1224792.000,65.991,18560,18557,16868185080966085382
candidate,045702c3c9c2c321a12179bdda2f5b3a7a58a585,4,bit,duplicates,4096,64,2,pipeline,1756375.000,94.632,18560,4188,4346119021820151492
baseline,98f96161d2f67726864e205bc7599fff891c33dc,0,byte,interleaved,4096,4096,0,sample,2384333.000,194.038,12288,12287,3995458530025072765
baseline,98f96161d2f67726864e205bc7599fff891c33dc,0,byte,interleaved,4096,4096,0,pipeline,3917583.000,318.814,12288,3291,16457357610069266227
baseline,98f96161d2f67726864e205bc7599fff891c33dc,0,byte,interleaved,4096,4096,1,sample,2450416.000,199.415,12288,12287,3995458530025072765
baseline,98f96161d2f67726864e205bc7599fff891c33dc,0,byte,interleaved,4096,4096,1,pipeline,3966416.000,322.788,12288,3291,16457357610069266227
baseline,98f96161d2f67726864e205bc7599fff891c33dc,0,byte,interleaved,4096,4096,2,sample,2422458.000,197.140,12288,12287,3995458530025072765
baseline,98f96161d2f67726864e205bc7599fff891c33dc,0,byte,interleaved,4096,4096,2,pipeline,3883916.000,316.074,12288,3291,16457357610069266227
baseline,98f96161d2f67726864e205bc7599fff891c33dc,0,bit,interleaved,4096,4096,0,sample,2767791.000,225.243,12288,12287,16731185960236204945
baseline,98f96161d2f67726864e205bc7599fff891c33dc,0,bit,interleaved,4096,4096,0,pipeline,4409583.000,358.853,12288,3291,6689526789417462161
baseline,98f96161d2f67726864e205bc7599fff891c33dc,0,bit,interleaved,4096,4096,1,sample,2817625.000,229.299,12288,12287,16731185960236204945
baseline,98f96161d2f67726864e205bc7599fff891c33dc,0,bit,interleaved,4096,4096,1,pipeline,4431125.000,360.606,12288,3291,6689526789417462161
baseline,98f96161d2f67726864e205bc7599fff891c33dc,0,bit,interleaved,4096,4096,2,sample,2780209.000,226.254,12288,12287,16731185960236204945
baseline,98f96161d2f67726864e205bc7599fff891c33dc,0,bit,interleaved,4096,4096,2,pipeline,4510583.000,367.072,12288,3291,6689526789417462161
baseline,98f96161d2f67726864e205bc7599fff891c33dc,0,byte,duplicates,4096,4096,0,sample,3687917.000,198.702,18560,18557,13705658782080034441
baseline,98f96161d2f67726864e205bc7599fff891c33dc,0,byte,duplicates,4096,4096,0,pipeline,5615167.000,302.541,18560,4188,14512111365772538348
baseline,98f96161d2f67726864e205bc7599fff891c33dc,0,byte,duplicates,4096,4096,1,sample,3654458.000,196.900,18560,18557,13705658782080034441
baseline,98f96161d2f67726864e205bc7599fff891c33dc,0,byte,duplicates,4096,4096,1,pipeline,5908250.000,318.332,18560,4188,14512111365772538348
baseline,98f96161d2f67726864e205bc7599fff891c33dc,0,byte,duplicates,4096,4096,2,sample,3594917.000,193.692,18560,18557,13705658782080034441
baseline,98f96161d2f67726864e205bc7599fff891c33dc,0,byte,duplicates,4096,4096,2,pipeline,5693959.000,306.787,18560,4188,14512111365772538348
baseline,98f96161d2f67726864e205bc7599fff891c33dc,0,bit,duplicates,4096,4096,0,sample,4193542.000,225.945,18560,18557,6856370362290641746
baseline,98f96161d2f67726864e205bc7599fff891c33dc,0,bit,duplicates,4096,4096,0,pipeline,6336792.000,341.422,18560,4188,17777922905396887929
baseline,98f96161d2f67726864e205bc7599fff891c33dc,0,bit,duplicates,4096,4096,1,sample,4219375.000,227.337,18560,18557,6856370362290641746
baseline,98f96161d2f67726864e205bc7599fff891c33dc,0,bit,duplicates,4096,4096,1,pipeline,6519583.000,351.271,18560,4188,17777922905396887929
baseline,98f96161d2f67726864e205bc7599fff891c33dc,0,bit,duplicates,4096,4096,2,sample,4299958.000,231.679,18560,18557,6856370362290641746
baseline,98f96161d2f67726864e205bc7599fff891c33dc,0,bit,duplicates,4096,4096,2,pipeline,6468750.000,348.532,18560,4188,17777922905396887929
candidate,045702c3c9c2c321a12179bdda2f5b3a7a58a585,0,byte,interleaved,4096,4096,0,sample,592958.000,48.255,12288,12287,3995458530025072765
candidate,045702c3c9c2c321a12179bdda2f5b3a7a58a585,0,byte,interleaved,4096,4096,0,pipeline,2038833.000,165.921,12288,3291,16457357610069266227
candidate,045702c3c9c2c321a12179bdda2f5b3a7a58a585,0,byte,interleaved,4096,4096,1,sample,588459.000,47.889,12288,12287,3995458530025072765
candidate,045702c3c9c2c321a12179bdda2f5b3a7a58a585,0,byte,interleaved,4096,4096,1,pipeline,1980500.000,161.174,12288,3291,16457357610069266227
candidate,045702c3c9c2c321a12179bdda2f5b3a7a58a585,0,byte,interleaved,4096,4096,2,sample,662333.000,53.901,12288,12287,3995458530025072765
candidate,045702c3c9c2c321a12179bdda2f5b3a7a58a585,0,byte,interleaved,4096,4096,2,pipeline,2121125.000,172.618,12288,3291,16457357610069266227
candidate,045702c3c9c2c321a12179bdda2f5b3a7a58a585,0,bit,interleaved,4096,4096,0,sample,929209.000,75.619,12288,12287,16731185960236204945
candidate,045702c3c9c2c321a12179bdda2f5b3a7a58a585,0,bit,interleaved,4096,4096,0,pipeline,2675125.000,217.702,12288,3291,6689526789417462161
candidate,045702c3c9c2c321a12179bdda2f5b3a7a58a585,0,bit,interleaved,4096,4096,1,sample,914625.000,74.432,12288,12287,16731185960236204945
candidate,045702c3c9c2c321a12179bdda2f5b3a7a58a585,0,bit,interleaved,4096,4096,1,pipeline,2507625.000,204.071,12288,3291,6689526789417462161
candidate,045702c3c9c2c321a12179bdda2f5b3a7a58a585,0,bit,interleaved,4096,4096,2,sample,964708.000,78.508,12288,12287,16731185960236204945
candidate,045702c3c9c2c321a12179bdda2f5b3a7a58a585,0,bit,interleaved,4096,4096,2,pipeline,2651166.000,215.752,12288,3291,6689526789417462161
candidate,045702c3c9c2c321a12179bdda2f5b3a7a58a585,0,byte,duplicates,4096,4096,0,sample,865042.000,46.608,18560,18557,13705658782080034441
candidate,045702c3c9c2c321a12179bdda2f5b3a7a58a585,0,byte,duplicates,4096,4096,0,pipeline,2759458.000,148.678,18560,4188,14512111365772538348
candidate,045702c3c9c2c321a12179bdda2f5b3a7a58a585,0,byte,duplicates,4096,4096,1,sample,836459.000,45.068,18560,18557,13705658782080034441
candidate,045702c3c9c2c321a12179bdda2f5b3a7a58a585,0,byte,duplicates,4096,4096,1,pipeline,2885875.000,155.489,18560,4188,14512111365772538348
candidate,045702c3c9c2c321a12179bdda2f5b3a7a58a585,0,byte,duplicates,4096,4096,2,sample,848792.000,45.732,18560,18557,13705658782080034441
candidate,045702c3c9c2c321a12179bdda2f5b3a7a58a585,0,byte,duplicates,4096,4096,2,pipeline,2855375.000,153.846,18560,4188,14512111365772538348
candidate,045702c3c9c2c321a12179bdda2f5b3a7a58a585,0,bit,duplicates,4096,4096,0,sample,1263792.000,68.092,18560,18557,6856370362290641746
candidate,045702c3c9c2c321a12179bdda2f5b3a7a58a585,0,bit,duplicates,4096,4096,0,pipeline,3447375.000,185.742,18560,4188,17777922905396887929
candidate,045702c3c9c2c321a12179bdda2f5b3a7a58a585,0,bit,duplicates,4096,4096,1,sample,1302125.000,70.158,18560,18557,6856370362290641746
candidate,045702c3c9c2c321a12179bdda2f5b3a7a58a585,0,bit,duplicates,4096,4096,1,pipeline,3375750.000,181.883,18560,4188,17777922905396887929
candidate,045702c3c9c2c321a12179bdda2f5b3a7a58a585,0,bit,duplicates,4096,4096,2,sample,1232417.000,66.402,18560,18557,6856370362290641746
candidate,045702c3c9c2c321a12179bdda2f5b3a7a58a585,0,bit,duplicates,4096,4096,2,pipeline,3311125.000,178.401,18560,4188,17777922905396887929
candidate,045702c3c9c2c321a12179bdda2f5b3a7a58a585,1,byte,interleaved,4096,4096,0,sample,625000.000,50.863,12288,12287,3995458530025072765
candidate,045702c3c9c2c321a12179bdda2f5b3a7a58a585,1,byte,interleaved,4096,4096,0,pipeline,2215875.000,180.328,12288,3291,16457357610069266227
candidate,045702c3c9c2c321a12179bdda2f5b3a7a58a585,1,byte,interleaved,4096,4096,1,sample,646416.000,52.605,12288,12287,3995458530025072765
candidate,045702c3c9c2c321a12179bdda2f5b3a7a58a585,1,byte,interleaved,4096,4096,1,pipeline,2031459.000,165.321,12288,3291,16457357610069266227
candidate,045702c3c9c2c321a12179bdda2f5b3a7a58a585,1,byte,interleaved,4096,4096,2,sample,591000.000,48.096,12288,12287,3995458530025072765
candidate,045702c3c9c2c321a12179bdda2f5b3a7a58a585,1,byte,interleaved,4096,4096,2,pipeline,2722208.000,221.534,12288,3291,16457357610069266227
candidate,045702c3c9c2c321a12179bdda2f5b3a7a58a585,1,bit,interleaved,4096,4096,0,sample,912459.000,74.256,12288,12287,16731185960236204945
candidate,045702c3c9c2c321a12179bdda2f5b3a7a58a585,1,bit,interleaved,4096,4096,0,pipeline,2569875.000,209.137,12288,3291,6689526789417462161
candidate,045702c3c9c2c321a12179bdda2f5b3a7a58a585,1,bit,interleaved,4096,4096,1,sample,932125.000,75.857,12288,12287,16731185960236204945
candidate,045702c3c9c2c321a12179bdda2f5b3a7a58a585,1,bit,interleaved,4096,4096,1,pipeline,2511333.000,204.373,12288,3291,6689526789417462161
candidate,045702c3c9c2c321a12179bdda2f5b3a7a58a585,1,bit,interleaved,4096,4096,2,sample,923167.000,75.128,12288,12287,16731185960236204945
candidate,045702c3c9c2c321a12179bdda2f5b3a7a58a585,1,bit,interleaved,4096,4096,2,pipeline,2473583.000,201.301,12288,3291,6689526789417462161
candidate,045702c3c9c2c321a12179bdda2f5b3a7a58a585,1,byte,duplicates,4096,4096,0,sample,864791.000,46.594,18560,18557,13705658782080034441
candidate,045702c3c9c2c321a12179bdda2f5b3a7a58a585,1,byte,duplicates,4096,4096,0,pipeline,2915875.000,157.105,18560,4188,14512111365772538348
candidate,045702c3c9c2c321a12179bdda2f5b3a7a58a585,1,byte,duplicates,4096,4096,1,sample,839625.000,45.238,18560,18557,13705658782080034441
candidate,045702c3c9c2c321a12179bdda2f5b3a7a58a585,1,byte,duplicates,4096,4096,1,pipeline,2785916.000,150.103,18560,4188,14512111365772538348
candidate,045702c3c9c2c321a12179bdda2f5b3a7a58a585,1,byte,duplicates,4096,4096,2,sample,841250.000,45.326,18560,18557,13705658782080034441
candidate,045702c3c9c2c321a12179bdda2f5b3a7a58a585,1,byte,duplicates,4096,4096,2,pipeline,2744750.000,147.885,18560,4188,14512111365772538348
candidate,045702c3c9c2c321a12179bdda2f5b3a7a58a585,1,bit,duplicates,4096,4096,0,sample,1270917.000,68.476,18560,18557,6856370362290641746
candidate,045702c3c9c2c321a12179bdda2f5b3a7a58a585,1,bit,duplicates,4096,4096,0,pipeline,3512875.000,189.271,18560,4188,17777922905396887929
candidate,045702c3c9c2c321a12179bdda2f5b3a7a58a585,1,bit,duplicates,4096,4096,1,sample,1284416.000,69.203,18560,18557,6856370362290641746
candidate,045702c3c9c2c321a12179bdda2f5b3a7a58a585,1,bit,duplicates,4096,4096,1,pipeline,3353125.000,180.664,18560,4188,17777922905396887929
candidate,045702c3c9c2c321a12179bdda2f5b3a7a58a585,1,bit,duplicates,4096,4096,2,sample,1276459.000,68.775,18560,18557,6856370362290641746
candidate,045702c3c9c2c321a12179bdda2f5b3a7a58a585,1,bit,duplicates,4096,4096,2,pipeline,3436458.000,185.154,18560,4188,17777922905396887929
baseline,98f96161d2f67726864e205bc7599fff891c33dc,1,byte,interleaved,4096,4096,0,sample,2431333.000,197.862,12288,12287,3995458530025072765
baseline,98f96161d2f67726864e205bc7599fff891c33dc,1,byte,interleaved,4096,4096,0,pipeline,3943208.000,320.899,12288,3291,16457357610069266227
baseline,98f96161d2f67726864e205bc7599fff891c33dc,1,byte,interleaved,4096,4096,1,sample,2423292.000,197.208,12288,12287,3995458530025072765
baseline,98f96161d2f67726864e205bc7599fff891c33dc,1,byte,interleaved,4096,4096,1,pipeline,3915458.000,318.641,12288,3291,16457357610069266227
baseline,98f96161d2f67726864e205bc7599fff891c33dc,1,byte,interleaved,4096,4096,2,sample,2450292.000,199.405,12288,12287,3995458530025072765
baseline,98f96161d2f67726864e205bc7599fff891c33dc,1,byte,interleaved,4096,4096,2,pipeline,4046834.000,329.332,12288,3291,16457357610069266227
baseline,98f96161d2f67726864e205bc7599fff891c33dc,1,bit,interleaved,4096,4096,0,sample,2812291.000,228.865,12288,12287,16731185960236204945
baseline,98f96161d2f67726864e205bc7599fff891c33dc,1,bit,interleaved,4096,4096,0,pipeline,4542125.000,369.639,12288,3291,6689526789417462161
baseline,98f96161d2f67726864e205bc7599fff891c33dc,1,bit,interleaved,4096,4096,1,sample,2869583.000,233.527,12288,12287,16731185960236204945
baseline,98f96161d2f67726864e205bc7599fff891c33dc,1,bit,interleaved,4096,4096,1,pipeline,4470750.000,363.831,12288,3291,6689526789417462161
baseline,98f96161d2f67726864e205bc7599fff891c33dc,1,bit,interleaved,4096,4096,2,sample,2795167.000,227.471,12288,12287,16731185960236204945
baseline,98f96161d2f67726864e205bc7599fff891c33dc,1,bit,interleaved,4096,4096,2,pipeline,4452625.000,362.356,12288,3291,6689526789417462161
baseline,98f96161d2f67726864e205bc7599fff891c33dc,1,byte,duplicates,4096,4096,0,sample,3660750.000,197.239,18560,18557,13705658782080034441
baseline,98f96161d2f67726864e205bc7599fff891c33dc,1,byte,duplicates,4096,4096,0,pipeline,5640958.000,303.931,18560,4188,14512111365772538348
baseline,98f96161d2f67726864e205bc7599fff891c33dc,1,byte,duplicates,4096,4096,1,sample,3700584.000,199.385,18560,18557,13705658782080034441
baseline,98f96161d2f67726864e205bc7599fff891c33dc,1,byte,duplicates,4096,4096,1,pipeline,5563792.000,299.773,18560,4188,14512111365772538348
baseline,98f96161d2f67726864e205bc7599fff891c33dc,1,byte,duplicates,4096,4096,2,sample,3666250.000,197.535,18560,18557,13705658782080034441
baseline,98f96161d2f67726864e205bc7599fff891c33dc,1,byte,duplicates,4096,4096,2,pipeline,6049625.000,325.950,18560,4188,14512111365772538348
baseline,98f96161d2f67726864e205bc7599fff891c33dc,1,bit,duplicates,4096,4096,0,sample,4225792.000,227.683,18560,18557,6856370362290641746
baseline,98f96161d2f67726864e205bc7599fff891c33dc,1,bit,duplicates,4096,4096,0,pipeline,7719625.000,415.928,18560,4188,17777922905396887929
baseline,98f96161d2f67726864e205bc7599fff891c33dc,1,bit,duplicates,4096,4096,1,sample,4370250.000,235.466,18560,18557,6856370362290641746
baseline,98f96161d2f67726864e205bc7599fff891c33dc,1,bit,duplicates,4096,4096,1,pipeline,6625291.000,356.966,18560,4188,17777922905396887929
baseline,98f96161d2f67726864e205bc7599fff891c33dc,1,bit,duplicates,4096,4096,2,sample,4190416.000,225.777,18560,18557,6856370362290641746
baseline,98f96161d2f67726864e205bc7599fff891c33dc,1,bit,duplicates,4096,4096,2,pipeline,6711333.000,361.602,18560,4188,17777922905396887929
baseline,98f96161d2f67726864e205bc7599fff891c33dc,2,byte,interleaved,4096,4096,0,sample,2511625.000,204.397,12288,12287,3995458530025072765
baseline,98f96161d2f67726864e205bc7599fff891c33dc,2,byte,interleaved,4096,4096,0,pipeline,4004042.000,325.850,12288,3291,16457357610069266227
baseline,98f96161d2f67726864e205bc7599fff891c33dc,2,byte,interleaved,4096,4096,1,sample,2493250.000,202.901,12288,12287,3995458530025072765
baseline,98f96161d2f67726864e205bc7599fff891c33dc,2,byte,interleaved,4096,4096,1,pipeline,4033375.000,328.237,12288,3291,16457357610069266227
baseline,98f96161d2f67726864e205bc7599fff891c33dc,2,byte,interleaved,4096,4096,2,sample,2597541.000,211.388,12288,12287,3995458530025072765
baseline,98f96161d2f67726864e205bc7599fff891c33dc,2,byte,interleaved,4096,4096,2,pipeline,3973709.000,323.381,12288,3291,16457357610069266227
baseline,98f96161d2f67726864e205bc7599fff891c33dc,2,bit,interleaved,4096,4096,0,sample,2774958.000,225.827,12288,12287,16731185960236204945
baseline,98f96161d2f67726864e205bc7599fff891c33dc,2,bit,interleaved,4096,4096,0,pipeline,4444083.000,361.660,12288,3291,6689526789417462161
baseline,98f96161d2f67726864e205bc7599fff891c33dc,2,bit,interleaved,4096,4096,1,sample,2910000.000,236.816,12288,12287,16731185960236204945
baseline,98f96161d2f67726864e205bc7599fff891c33dc,2,bit,interleaved,4096,4096,1,pipeline,4333750.000,352.681,12288,3291,6689526789417462161
baseline,98f96161d2f67726864e205bc7599fff891c33dc,2,bit,interleaved,4096,4096,2,sample,3215416.000,261.671,12288,12287,16731185960236204945
baseline,98f96161d2f67726864e205bc7599fff891c33dc,2,bit,interleaved,4096,4096,2,pipeline,4667167.000,379.815,12288,3291,6689526789417462161
baseline,98f96161d2f67726864e205bc7599fff891c33dc,2,byte,duplicates,4096,4096,0,sample,3697542.000,199.221,18560,18557,13705658782080034441
baseline,98f96161d2f67726864e205bc7599fff891c33dc,2,byte,duplicates,4096,4096,0,pipeline,6035958.000,325.213,18560,4188,14512111365772538348
baseline,98f96161d2f67726864e205bc7599fff891c33dc,2,byte,duplicates,4096,4096,1,sample,3660917.000,197.248,18560,18557,13705658782080034441
baseline,98f96161d2f67726864e205bc7599fff891c33dc,2,byte,duplicates,4096,4096,1,pipeline,6001500.000,323.357,18560,4188,14512111365772538348
baseline,98f96161d2f67726864e205bc7599fff891c33dc,2,byte,duplicates,4096,4096,2,sample,3692000.000,198.922,18560,18557,13705658782080034441
baseline,98f96161d2f67726864e205bc7599fff891c33dc,2,byte,duplicates,4096,4096,2,pipeline,5854292.000,315.425,18560,4188,14512111365772538348
baseline,98f96161d2f67726864e205bc7599fff891c33dc,2,bit,duplicates,4096,4096,0,sample,4277083.000,230.446,18560,18557,6856370362290641746
baseline,98f96161d2f67726864e205bc7599fff891c33dc,2,bit,duplicates,4096,4096,0,pipeline,6487500.000,349.542,18560,4188,17777922905396887929
baseline,98f96161d2f67726864e205bc7599fff891c33dc,2,bit,duplicates,4096,4096,1,sample,4319167.000,232.714,18560,18557,6856370362290641746
baseline,98f96161d2f67726864e205bc7599fff891c33dc,2,bit,duplicates,4096,4096,1,pipeline,6474875.000,348.862,18560,4188,17777922905396887929
baseline,98f96161d2f67726864e205bc7599fff891c33dc,2,bit,duplicates,4096,4096,2,sample,4197292.000,226.147,18560,18557,6856370362290641746
baseline,98f96161d2f67726864e205bc7599fff891c33dc,2,bit,duplicates,4096,4096,2,pipeline,6569750.000,353.974,18560,4188,17777922905396887929
candidate,045702c3c9c2c321a12179bdda2f5b3a7a58a585,2,byte,interleaved,4096,4096,0,sample,607042.000,49.401,12288,12287,3995458530025072765
candidate,045702c3c9c2c321a12179bdda2f5b3a7a58a585,2,byte,interleaved,4096,4096,0,pipeline,2106208.000,171.404,12288,3291,16457357610069266227
candidate,045702c3c9c2c321a12179bdda2f5b3a7a58a585,2,byte,interleaved,4096,4096,1,sample,588917.000,47.926,12288,12287,3995458530025072765
candidate,045702c3c9c2c321a12179bdda2f5b3a7a58a585,2,byte,interleaved,4096,4096,1,pipeline,2078042.000,169.111,12288,3291,16457357610069266227
candidate,045702c3c9c2c321a12179bdda2f5b3a7a58a585,2,byte,interleaved,4096,4096,2,sample,610792.000,49.706,12288,12287,3995458530025072765
candidate,045702c3c9c2c321a12179bdda2f5b3a7a58a585,2,byte,interleaved,4096,4096,2,pipeline,2028791.000,165.103,12288,3291,16457357610069266227
candidate,045702c3c9c2c321a12179bdda2f5b3a7a58a585,2,bit,interleaved,4096,4096,0,sample,910250.000,74.076,12288,12287,16731185960236204945
candidate,045702c3c9c2c321a12179bdda2f5b3a7a58a585,2,bit,interleaved,4096,4096,0,pipeline,2492833.000,202.867,12288,3291,6689526789417462161
candidate,045702c3c9c2c321a12179bdda2f5b3a7a58a585,2,bit,interleaved,4096,4096,1,sample,918958.000,74.785,12288,12287,16731185960236204945
candidate,045702c3c9c2c321a12179bdda2f5b3a7a58a585,2,bit,interleaved,4096,4096,1,pipeline,2523416.000,205.356,12288,3291,6689526789417462161
candidate,045702c3c9c2c321a12179bdda2f5b3a7a58a585,2,bit,interleaved,4096,4096,2,sample,935000.000,76.090,12288,12287,16731185960236204945
candidate,045702c3c9c2c321a12179bdda2f5b3a7a58a585,2,bit,interleaved,4096,4096,2,pipeline,2692750.000,219.137,12288,3291,6689526789417462161
candidate,045702c3c9c2c321a12179bdda2f5b3a7a58a585,2,byte,duplicates,4096,4096,0,sample,870417.000,46.897,18560,18557,13705658782080034441
candidate,045702c3c9c2c321a12179bdda2f5b3a7a58a585,2,byte,duplicates,4096,4096,0,pipeline,2820500.000,151.967,18560,4188,14512111365772538348
candidate,045702c3c9c2c321a12179bdda2f5b3a7a58a585,2,byte,duplicates,4096,4096,1,sample,842125.000,45.373,18560,18557,13705658782080034441
candidate,045702c3c9c2c321a12179bdda2f5b3a7a58a585,2,byte,duplicates,4096,4096,1,pipeline,2899625.000,156.230,18560,4188,14512111365772538348
candidate,045702c3c9c2c321a12179bdda2f5b3a7a58a585,2,byte,duplicates,4096,4096,2,sample,871917.000,46.978,18560,18557,13705658782080034441
candidate,045702c3c9c2c321a12179bdda2f5b3a7a58a585,2,byte,duplicates,4096,4096,2,pipeline,2889166.000,155.666,18560,4188,14512111365772538348
candidate,045702c3c9c2c321a12179bdda2f5b3a7a58a585,2,bit,duplicates,4096,4096,0,sample,1407375.000,75.828,18560,18557,6856370362290641746
candidate,045702c3c9c2c321a12179bdda2f5b3a7a58a585,2,bit,duplicates,4096,4096,0,pipeline,3354000.000,180.711,18560,4188,17777922905396887929
candidate,045702c3c9c2c321a12179bdda2f5b3a7a58a585,2,bit,duplicates,4096,4096,1,sample,1222208.000,65.852,18560,18557,6856370362290641746
candidate,045702c3c9c2c321a12179bdda2f5b3a7a58a585,2,bit,duplicates,4096,4096,1,pipeline,3315417.000,178.632,18560,4188,17777922905396887929
candidate,045702c3c9c2c321a12179bdda2f5b3a7a58a585,2,bit,duplicates,4096,4096,2,sample,1225417.000,66.025,18560,18557,6856370362290641746
candidate,045702c3c9c2c321a12179bdda2f5b3a7a58a585,2,bit,duplicates,4096,4096,2,pipeline,3561125.000,191.871,18560,4188,17777922905396887929
candidate,045702c3c9c2c321a12179bdda2f5b3a7a58a585,3,byte,interleaved,4096,4096,0,sample,626542.000,50.988,12288,12287,3995458530025072765
candidate,045702c3c9c2c321a12179bdda2f5b3a7a58a585,3,byte,interleaved,4096,4096,0,pipeline,2127792.000,173.160,12288,3291,16457357610069266227
candidate,045702c3c9c2c321a12179bdda2f5b3a7a58a585,3,byte,interleaved,4096,4096,1,sample,600458.000,48.865,12288,12287,3995458530025072765
candidate,045702c3c9c2c321a12179bdda2f5b3a7a58a585,3,byte,interleaved,4096,4096,1,pipeline,1988292.000,161.808,12288,3291,16457357610069266227
candidate,045702c3c9c2c321a12179bdda2f5b3a7a58a585,3,byte,interleaved,4096,4096,2,sample,622666.000,50.673,12288,12287,3995458530025072765
candidate,045702c3c9c2c321a12179bdda2f5b3a7a58a585,3,byte,interleaved,4096,4096,2,pipeline,2052709.000,167.050,12288,3291,16457357610069266227
candidate,045702c3c9c2c321a12179bdda2f5b3a7a58a585,3,bit,interleaved,4096,4096,0,sample,988833.000,80.471,12288,12287,16731185960236204945
candidate,045702c3c9c2c321a12179bdda2f5b3a7a58a585,3,bit,interleaved,4096,4096,0,pipeline,2566042.000,208.825,12288,3291,6689526789417462161
candidate,045702c3c9c2c321a12179bdda2f5b3a7a58a585,3,bit,interleaved,4096,4096,1,sample,959959.000,78.122,12288,12287,16731185960236204945
candidate,045702c3c9c2c321a12179bdda2f5b3a7a58a585,3,bit,interleaved,4096,4096,1,pipeline,2576583.000,209.683,12288,3291,6689526789417462161
candidate,045702c3c9c2c321a12179bdda2f5b3a7a58a585,3,bit,interleaved,4096,4096,2,sample,970250.000,78.959,12288,12287,16731185960236204945
candidate,045702c3c9c2c321a12179bdda2f5b3a7a58a585,3,bit,interleaved,4096,4096,2,pipeline,2610583.000,212.450,12288,3291,6689526789417462161
candidate,045702c3c9c2c321a12179bdda2f5b3a7a58a585,3,byte,duplicates,4096,4096,0,sample,877208.000,47.263,18560,18557,13705658782080034441
candidate,045702c3c9c2c321a12179bdda2f5b3a7a58a585,3,byte,duplicates,4096,4096,0,pipeline,2832000.000,152.586,18560,4188,14512111365772538348
candidate,045702c3c9c2c321a12179bdda2f5b3a7a58a585,3,byte,duplicates,4096,4096,1,sample,850833.000,45.842,18560,18557,13705658782080034441
candidate,045702c3c9c2c321a12179bdda2f5b3a7a58a585,3,byte,duplicates,4096,4096,1,pipeline,2819041.000,151.888,18560,4188,14512111365772538348
candidate,045702c3c9c2c321a12179bdda2f5b3a7a58a585,3,byte,duplicates,4096,4096,2,sample,858709.000,46.267,18560,18557,13705658782080034441
candidate,045702c3c9c2c321a12179bdda2f5b3a7a58a585,3,byte,duplicates,4096,4096,2,pipeline,2743667.000,147.827,18560,4188,14512111365772538348
candidate,045702c3c9c2c321a12179bdda2f5b3a7a58a585,3,bit,duplicates,4096,4096,0,sample,1284917.000,69.230,18560,18557,6856370362290641746
candidate,045702c3c9c2c321a12179bdda2f5b3a7a58a585,3,bit,duplicates,4096,4096,0,pipeline,3485125.000,187.776,18560,4188,17777922905396887929
candidate,045702c3c9c2c321a12179bdda2f5b3a7a58a585,3,bit,duplicates,4096,4096,1,sample,1253084.000,67.515,18560,18557,6856370362290641746
candidate,045702c3c9c2c321a12179bdda2f5b3a7a58a585,3,bit,duplicates,4096,4096,1,pipeline,3441625.000,185.432,18560,4188,17777922905396887929
candidate,045702c3c9c2c321a12179bdda2f5b3a7a58a585,3,bit,duplicates,4096,4096,2,sample,1237042.000,66.651,18560,18557,6856370362290641746
candidate,045702c3c9c2c321a12179bdda2f5b3a7a58a585,3,bit,duplicates,4096,4096,2,pipeline,3593375.000,193.609,18560,4188,17777922905396887929
baseline,98f96161d2f67726864e205bc7599fff891c33dc,3,byte,interleaved,4096,4096,0,sample,2565416.000,208.774,12288,12287,3995458530025072765
baseline,98f96161d2f67726864e205bc7599fff891c33dc,3,byte,interleaved,4096,4096,0,pipeline,4032875.000,328.196,12288,3291,16457357610069266227
baseline,98f96161d2f67726864e205bc7599fff891c33dc,3,byte,interleaved,4096,4096,1,sample,2496041.000,203.128,12288,12287,3995458530025072765
baseline,98f96161d2f67726864e205bc7599fff891c33dc,3,byte,interleaved,4096,4096,1,pipeline,4062542.000,330.611,12288,3291,16457357610069266227
baseline,98f96161d2f67726864e205bc7599fff891c33dc,3,byte,interleaved,4096,4096,2,sample,2537375.000,206.492,12288,12287,3995458530025072765
baseline,98f96161d2f67726864e205bc7599fff891c33dc,3,byte,interleaved,4096,4096,2,pipeline,3914125.000,318.532,12288,3291,16457357610069266227
baseline,98f96161d2f67726864e205bc7599fff891c33dc,3,bit,interleaved,4096,4096,0,sample,2871958.000,233.721,12288,12287,16731185960236204945
baseline,98f96161d2f67726864e205bc7599fff891c33dc,3,bit,interleaved,4096,4096,0,pipeline,4418709.000,359.595,12288,3291,6689526789417462161
baseline,98f96161d2f67726864e205bc7599fff891c33dc,3,bit,interleaved,4096,4096,1,sample,2859125.000,232.676,12288,12287,16731185960236204945
baseline,98f96161d2f67726864e205bc7599fff891c33dc,3,bit,interleaved,4096,4096,1,pipeline,4694875.000,382.070,12288,3291,6689526789417462161
baseline,98f96161d2f67726864e205bc7599fff891c33dc,3,bit,interleaved,4096,4096,2,sample,2915750.000,237.284,12288,12287,16731185960236204945
baseline,98f96161d2f67726864e205bc7599fff891c33dc,3,bit,interleaved,4096,4096,2,pipeline,4582292.000,372.908,12288,3291,6689526789417462161
baseline,98f96161d2f67726864e205bc7599fff891c33dc,3,byte,duplicates,4096,4096,0,sample,3591250.000,193.494,18560,18557,13705658782080034441
baseline,98f96161d2f67726864e205bc7599fff891c33dc,3,byte,duplicates,4096,4096,0,pipeline,5866209.000,316.067,18560,4188,14512111365772538348
baseline,98f96161d2f67726864e205bc7599fff891c33dc,3,byte,duplicates,4096,4096,1,sample,3833666.000,206.555,18560,18557,13705658782080034441
baseline,98f96161d2f67726864e205bc7599fff891c33dc,3,byte,duplicates,4096,4096,1,pipeline,5921500.000,319.046,18560,4188,14512111365772538348
baseline,98f96161d2f67726864e205bc7599fff891c33dc,3,byte,duplicates,4096,4096,2,sample,3712834.000,200.045,18560,18557,13705658782080034441
baseline,98f96161d2f67726864e205bc7599fff891c33dc,3,byte,duplicates,4096,4096,2,pipeline,5919750.000,318.952,18560,4188,14512111365772538348
baseline,98f96161d2f67726864e205bc7599fff891c33dc,3,bit,duplicates,4096,4096,0,sample,4442959.000,239.384,18560,18557,6856370362290641746
baseline,98f96161d2f67726864e205bc7599fff891c33dc,3,bit,duplicates,4096,4096,0,pipeline,6484459.000,349.378,18560,4188,17777922905396887929
baseline,98f96161d2f67726864e205bc7599fff891c33dc,3,bit,duplicates,4096,4096,1,sample,4268500.000,229.984,18560,18557,6856370362290641746
baseline,98f96161d2f67726864e205bc7599fff891c33dc,3,bit,duplicates,4096,4096,1,pipeline,6413583.000,345.559,18560,4188,17777922905396887929
baseline,98f96161d2f67726864e205bc7599fff891c33dc,3,bit,duplicates,4096,4096,2,sample,4152458.000,223.732,18560,18557,6856370362290641746
baseline,98f96161d2f67726864e205bc7599fff891c33dc,3,bit,duplicates,4096,4096,2,pipeline,6375625.000,343.514,18560,4188,17777922905396887929
baseline,98f96161d2f67726864e205bc7599fff891c33dc,4,byte,interleaved,4096,4096,0,sample,2575875.000,209.625,12288,12287,3995458530025072765
baseline,98f96161d2f67726864e205bc7599fff891c33dc,4,byte,interleaved,4096,4096,0,pipeline,4114917.000,334.873,12288,3291,16457357610069266227
baseline,98f96161d2f67726864e205bc7599fff891c33dc,4,byte,interleaved,4096,4096,1,sample,2453834.000,199.694,12288,12287,3995458530025072765
baseline,98f96161d2f67726864e205bc7599fff891c33dc,4,byte,interleaved,4096,4096,1,pipeline,4091917.000,333.001,12288,3291,16457357610069266227
baseline,98f96161d2f67726864e205bc7599fff891c33dc,4,byte,interleaved,4096,4096,2,sample,2422916.000,197.177,12288,12287,3995458530025072765
baseline,98f96161d2f67726864e205bc7599fff891c33dc,4,byte,interleaved,4096,4096,2,pipeline,4196333.000,341.498,12288,3291,16457357610069266227
baseline,98f96161d2f67726864e205bc7599fff891c33dc,4,bit,interleaved,4096,4096,0,sample,2902000.000,236.165,12288,12287,16731185960236204945
baseline,98f96161d2f67726864e205bc7599fff891c33dc,4,bit,interleaved,4096,4096,0,pipeline,4638166.000,377.455,12288,3291,6689526789417462161
baseline,98f96161d2f67726864e205bc7599fff891c33dc,4,bit,interleaved,4096,4096,1,sample,2779750.000,226.217,12288,12287,16731185960236204945
baseline,98f96161d2f67726864e205bc7599fff891c33dc,4,bit,interleaved,4096,4096,1,pipeline,4601250.000,374.451,12288,3291,6689526789417462161
baseline,98f96161d2f67726864e205bc7599fff891c33dc,4,bit,interleaved,4096,4096,2,sample,2918542.000,237.512,12288,12287,16731185960236204945
baseline,98f96161d2f67726864e205bc7599fff891c33dc,4,bit,interleaved,4096,4096,2,pipeline,4619000.000,375.895,12288,3291,6689526789417462161
baseline,98f96161d2f67726864e205bc7599fff891c33dc,4,byte,duplicates,4096,4096,0,sample,3706750.000,199.717,18560,18557,13705658782080034441
baseline,98f96161d2f67726864e205bc7599fff891c33dc,4,byte,duplicates,4096,4096,0,pipeline,5858542.000,315.654,18560,4188,14512111365772538348
baseline,98f96161d2f67726864e205bc7599fff891c33dc,4,byte,duplicates,4096,4096,1,sample,3866416.000,208.320,18560,18557,13705658782080034441
baseline,98f96161d2f67726864e205bc7599fff891c33dc,4,byte,duplicates,4096,4096,1,pipeline,5815084.000,313.313,18560,4188,14512111365772538348
baseline,98f96161d2f67726864e205bc7599fff891c33dc,4,byte,duplicates,4096,4096,2,sample,3724917.000,200.696,18560,18557,13705658782080034441
baseline,98f96161d2f67726864e205bc7599fff891c33dc,4,byte,duplicates,4096,4096,2,pipeline,5981208.000,322.263,18560,4188,14512111365772538348
baseline,98f96161d2f67726864e205bc7599fff891c33dc,4,bit,duplicates,4096,4096,0,sample,4182292.000,225.339,18560,18557,6856370362290641746
baseline,98f96161d2f67726864e205bc7599fff891c33dc,4,bit,duplicates,4096,4096,0,pipeline,6402834.000,344.980,18560,4188,17777922905396887929
baseline,98f96161d2f67726864e205bc7599fff891c33dc,4,bit,duplicates,4096,4096,1,sample,4191959.000,225.860,18560,18557,6856370362290641746
baseline,98f96161d2f67726864e205bc7599fff891c33dc,4,bit,duplicates,4096,4096,1,pipeline,6315041.000,340.250,18560,4188,17777922905396887929
baseline,98f96161d2f67726864e205bc7599fff891c33dc,4,bit,duplicates,4096,4096,2,sample,4205833.000,226.607,18560,18557,6856370362290641746
baseline,98f96161d2f67726864e205bc7599fff891c33dc,4,bit,duplicates,4096,4096,2,pipeline,6510167.000,350.763,18560,4188,17777922905396887929
candidate,045702c3c9c2c321a12179bdda2f5b3a7a58a585,4,byte,interleaved,4096,4096,0,sample,646209.000,52.589,12288,12287,3995458530025072765
candidate,045702c3c9c2c321a12179bdda2f5b3a7a58a585,4,byte,interleaved,4096,4096,0,pipeline,2129875.000,173.330,12288,3291,16457357610069266227
candidate,045702c3c9c2c321a12179bdda2f5b3a7a58a585,4,byte,interleaved,4096,4096,1,sample,599334.000,48.774,12288,12287,3995458530025072765
candidate,045702c3c9c2c321a12179bdda2f5b3a7a58a585,4,byte,interleaved,4096,4096,1,pipeline,2045292.000,166.446,12288,3291,16457357610069266227
candidate,045702c3c9c2c321a12179bdda2f5b3a7a58a585,4,byte,interleaved,4096,4096,2,sample,634542.000,51.639,12288,12287,3995458530025072765
candidate,045702c3c9c2c321a12179bdda2f5b3a7a58a585,4,byte,interleaved,4096,4096,2,pipeline,2148000.000,174.805,12288,3291,16457357610069266227
candidate,045702c3c9c2c321a12179bdda2f5b3a7a58a585,4,bit,interleaved,4096,4096,0,sample,949792.000,77.294,12288,12287,16731185960236204945
candidate,045702c3c9c2c321a12179bdda2f5b3a7a58a585,4,bit,interleaved,4096,4096,0,pipeline,2625375.000,213.654,12288,3291,6689526789417462161
candidate,045702c3c9c2c321a12179bdda2f5b3a7a58a585,4,bit,interleaved,4096,4096,1,sample,924208.000,75.212,12288,12287,16731185960236204945
candidate,045702c3c9c2c321a12179bdda2f5b3a7a58a585,4,bit,interleaved,4096,4096,1,pipeline,2624958.000,213.620,12288,3291,6689526789417462161
candidate,045702c3c9c2c321a12179bdda2f5b3a7a58a585,4,bit,interleaved,4096,4096,2,sample,918083.000,74.714,12288,12287,16731185960236204945
candidate,045702c3c9c2c321a12179bdda2f5b3a7a58a585,4,bit,interleaved,4096,4096,2,pipeline,2536500.000,206.421,12288,3291,6689526789417462161
candidate,045702c3c9c2c321a12179bdda2f5b3a7a58a585,4,byte,duplicates,4096,4096,0,sample,878958.000,47.358,18560,18557,13705658782080034441
candidate,045702c3c9c2c321a12179bdda2f5b3a7a58a585,4,byte,duplicates,4096,4096,0,pipeline,2926083.000,157.655,18560,4188,14512111365772538348
candidate,045702c3c9c2c321a12179bdda2f5b3a7a58a585,4,byte,duplicates,4096,4096,1,sample,880542.000,47.443,18560,18557,13705658782080034441
candidate,045702c3c9c2c321a12179bdda2f5b3a7a58a585,4,byte,duplicates,4096,4096,1,pipeline,2905291.000,156.535,18560,4188,14512111365772538348
candidate,045702c3c9c2c321a12179bdda2f5b3a7a58a585,4,byte,duplicates,4096,4096,2,sample,865542.000,46.635,18560,18557,13705658782080034441
candidate,045702c3c9c2c321a12179bdda2f5b3a7a58a585,4,byte,duplicates,4096,4096,2,pipeline,2845083.000,153.291,18560,4188,14512111365772538348
candidate,045702c3c9c2c321a12179bdda2f5b3a7a58a585,4,bit,duplicates,4096,4096,0,sample,1218166.000,65.634,18560,18557,6856370362290641746
candidate,045702c3c9c2c321a12179bdda2f5b3a7a58a585,4,bit,duplicates,4096,4096,0,pipeline,3389000.000,182.597,18560,4188,17777922905396887929
candidate,045702c3c9c2c321a12179bdda2f5b3a7a58a585,4,bit,duplicates,4096,4096,1,sample,1267583.000,68.296,18560,18557,6856370362290641746
candidate,045702c3c9c2c321a12179bdda2f5b3a7a58a585,4,bit,duplicates,4096,4096,1,pipeline,3556708.000,191.633,18560,4188,17777922905396887929
candidate,045702c3c9c2c321a12179bdda2f5b3a7a58a585,4,bit,duplicates,4096,4096,2,sample,1281000.000,69.019,18560,18557,6856370362290641746
candidate,045702c3c9c2c321a12179bdda2f5b3a7a58a585,4,bit,duplicates,4096,4096,2,pipeline,3437083.000,185.188,18560,4188,17777922905396887929
