kind,case,split,n,ratio,prefix,overlap,value_bytes,fixed_values,trial,cpu_first,a_records,b_records,a_payload_bits,b_payload_bits,a_file_bytes,b_file_bytes,a_common_value_bits,b_common_value_bits,a_terminal_key_bits,b_terminal_key_bits,cpu_merge_ms,cpu_all_ms,gpu_all_ms,gpu_command_ms,parse_ms,prepare_ms,order_ms,size_ms,emit_ms,assembly_ms,survivors,output_bits,output_bytes,output_crc32c
cutover,0,train,256,1,32,50,8,0,0,1,256,256,32044,32197,4368,4392,-1,-1,321,321,0.112917,0.391792,5.206417,3.92529164674,0.799125,0.020958,3.492917,0.271666,0.309583,0.312,362,44388,5936,994633995
cutover,0,train,256,1,32,50,8,0,1,0,256,256,32044,32197,4368,4392,-1,-1,321,321,0.10925,0.307041,2.647625,1.64062489057,0.819042,0.013167,1.116709,0.210416,0.221209,0.266792,362,44388,5936,994633995
cutover,0,train,256,1,32,50,8,0,2,1,256,256,32044,32197,4368,4392,-1,-1,321,321,0.097333,0.281625,5.040833,3.25904175406,3.170417,0.0145,1.180958,0.209375,0.228833,0.236458,362,44388,5936,994633995
cutover,1,train,1024,1,32,50,8,0,0,0,1024,1024,128124,128211,16464,16480,-1,-1,321,321,0.423083,0.663041,5.367459,2.43008334655,3.004959,0.016416,0.872375,0.268667,0.61575,0.589168,1524,187043,23888,2086645356
cutover,1,train,1024,1,32,50,8,0,1,1,1024,1024,128124,128211,16464,16480,-1,-1,321,321,0.3945,0.573625,2.818625,1.38945836807,1.087417,0.017916,1.014708,0.228834,0.229375,0.240208,1524,187043,23888,2086645356
cutover,1,train,1024,1,32,50,8,0,2,0,1024,1024,128124,128211,16464,16480,-1,-1,321,321,0.40325,0.643375,4.341292,2.9228333733,0.650542,0.012083,2.939375,0.246416,0.215875,0.276876,1524,187043,23888,2086645356
cutover,2,train,4096,1,32,50,8,0,0,1,4096,4096,512407,512544,64848,64864,-1,-1,321,321,1.566292,1.843125,2.514625,1.03366671829,1.015583,0.0255,0.7835,0.22425,0.215875,0.249542,6142,753584,95208,1420657760
cutover,2,train,4096,1,32,50,8,0,1,0,4096,4096,512407,512544,64848,64864,-1,-1,321,321,1.607,1.890541,2.937125,1.31583330221,1.361333,0.026583,0.801417,0.239666,0.221,0.286749,6142,753584,95208,1420657760
cutover,2,train,4096,1,32,50,8,0,2,1,4096,4096,512407,512544,64848,64864,-1,-1,321,321,1.613875,1.881917,2.469792,1.03841669625,0.711667,0.030208,0.775708,0.235458,0.379292,0.337041,6142,753584,95208,1420657760
cutover,3,train,16384,1,32,50,8,0,0,0,16384,16384,2049130,2049259,258296,258312,-1,-1,321,321,6.537833,6.940875,4.133417,2.30675004423,2.067167,0.04125,1.024166,0.330167,0.310958,0.359375,24568,3014314,379848,1580578734
cutover,3,train,16384,1,32,50,8,0,1,1,16384,16384,2049130,2049259,258296,258312,-1,-1,321,321,6.499208,6.852083,6.384041,3.70000005933,1.337291,0.024375,1.639125,0.319792,1.59125,1.471916,24568,3014314,379848,1580578734
cutover,3,train,16384,1,32,50,8,0,2,0,16384,16384,2049130,2049259,258296,258312,-1,-1,321,321,6.504834,7.050084,6.401542,4.75937500596,1.335417,0.026083,4.117542,0.262708,0.34625,0.313375,24568,3014314,379848,1580578734
cutover,4,train,65536,1,32,50,8,0,0,1,65536,65536,8196298,8196395,1032160,1032168,-1,-1,321,321,27.024541,27.818875,8.036042,5.06404158659,1.431208,0.03975,3.134875,2.254708,0.536125,0.638999,98286,12058641,1518560,4111325549
cutover,4,train,65536,1,32,50,8,0,1,0,65536,65536,8196298,8196395,1032160,1032168,-1,-1,321,321,26.234834,28.46,8.620125,6.00024993764,1.584333,0.077208,5.166125,0.495792,0.589875,0.7065,98286,12058641,1518560,4111325549
cutover,4,train,65536,1,32,50,8,0,2,1,65536,65536,8196298,8196395,1032160,1032168,-1,-1,321,321,26.77,27.392167,7.930833,5.67087496165,1.486958,0.035542,4.743958,0.500125,0.577375,0.586375,98286,12058641,1518560,4111325549
cutover,5,train,262144,1,32,50,8,0,0,0,262144,262144,32784814,32784901,4127560,4127576,-1,-1,321,321,107.262625,109.020292,8.591875,4.28987498162,1.739625,0.055208,2.7215,2.091333,0.901292,1.082375,393194,48241520,6074088,557783620
cutover,5,train,262144,1,32,50,8,0,1,1,262144,262144,32784814,32784901,4127560,4127576,-1,-1,321,321,108.531166,110.681833,10.69725,4.9463333562,3.073042,0.045,2.547375,0.826542,2.977292,1.227166,393194,48241520,6074088,557783620
cutover,5,train,262144,1,32,50,8,0,2,0,262144,262144,32784814,32784901,4127560,4127576,-1,-1,321,321,107.14475,109.156584,12.345958,7.42924987571,2.09375,0.060792,4.122042,3.807833,1.040417,1.220916,393194,48241520,6074088,557783620
cutover,6,train,4096,4,32,50,8,0,0,1,4096,1024,512407,128211,64848,16480,-1,-1,321,321,1.093834,1.345,3.443667,2.13779171463,1.501959,0.04175,1.113375,0.242708,0.245667,0.298,4596,571326,72264,2075690464
cutover,6,train,4096,4,32,50,8,0,1,0,4096,1024,512407,128211,64848,16480,-1,-1,321,321,1.04575,1.25375,3.033416,1.95154169342,0.860958,0.02525,1.386625,0.243084,0.264709,0.252625,4596,571326,72264,2075690464
cutover,6,train,4096,4,32,50,8,0,2,1,4096,1024,512407,128211,64848,16480,-1,-1,321,321,1.042125,1.257375,3.197917,2.01279169414,1.25025,0.026834,1.05475,0.293625,0.262792,0.3095,4596,571326,72264,2075690464
cutover,7,train,4096,16,32,50,8,0,0,0,4096,256,512407,32197,64848,4392,-1,-1,321,321,0.925417,1.197083,3.261458,1.93487503566,0.991166,0.029417,1.349834,0.278291,0.289333,0.323166,4202,524751,66408,548182195
cutover,7,train,4096,16,32,50,8,0,1,1,4096,256,512407,32197,64848,4392,-1,-1,321,321,0.8805,1.105209,3.554042,2.23145831842,1.225167,0.025875,1.326583,0.285625,0.318333,0.372166,4202,524751,66408,548182195
cutover,7,train,4096,16,32,50,8,0,2,0,4096,256,512407,32197,64848,4392,-1,-1,321,321,0.908,1.167834,3.874583,1.93433329696,0.920625,0.029042,1.321958,0.504,0.83775,0.260917,4202,524751,66408,548182195
cutover,8,train,4096,1,0,50,8,0,0,1,4096,4096,510509,510646,64608,64624,-1,-1,65,65,1.549541,1.805625,2.7465,1.35216664057,1.28875,0.027584,0.655667,0.242791,0.272416,0.259042,6142,751116,94904,2127246526
cutover,8,train,4096,1,0,50,8,0,1,0,4096,4096,510509,510646,64608,64624,-1,-1,65,65,1.537166,1.756583,4.33025,2.61679169489,2.982417,0.026208,0.5405,0.255375,0.258334,0.267208,6142,751116,94904,2127246526
cutover,8,train,4096,1,0,50,8,0,2,1,4096,4096,510509,510646,64608,64624,-1,-1,65,65,1.56625,1.744042,4.180958,2.78791657183,2.649333,0.024875,0.664833,0.25175,0.275834,0.314166,6142,751116,94904,2127246526
cutover,9,train,4096,1,256,50,8,0,0,0,4096,4096,515843,515980,65280,65296,-1,-1,2113,2113,1.603666,1.881625,6.758416,4.48045827216,0.685541,0.035375,3.57325,0.274708,1.872458,0.3165,6142,757836,95744,2590442344
cutover,9,train,4096,1,256,50,8,0,1,1,4096,4096,515843,515980,65280,65296,-1,-1,2113,2113,1.554584,1.814292,4.078125,2.53216666169,0.957625,0.032167,2.408583,0.230958,0.203375,0.245124,6142,757836,95744,2590442344
cutover,9,train,4096,1,256,50,8,0,2,0,4096,4096,515843,515980,65280,65296,-1,-1,2113,2113,1.585584,1.790042,4.369917,2.68983328715,0.758875,0.030708,2.400042,0.741042,0.189792,0.249209,6142,757836,95744,2590442344
cutover,10,train,4096,1,32,0,8,0,0,1,4096,4096,512407,512544,64848,64864,-1,-1,321,321,1.900666,2.276166,4.261875,2.38216668367,1.798208,0.052958,1.179708,0.578083,0.300875,0.351666,8192,995525,125688,3587737607
cutover,10,train,4096,1,32,0,8,0,1,0,4096,4096,512407,512544,64848,64864,-1,-1,321,321,1.89625,2.15075,4.939792,2.86508339923,2.816208,0.027791,1.18775,0.306125,0.25975,0.341875,8192,995525,125688,3587737607
cutover,10,train,4096,1,32,0,8,0,2,1,4096,4096,512407,512544,64848,64864,-1,-1,321,321,1.848916,2.117958,4.954083,2.91904160986,2.146292,0.040917,1.216667,0.649333,0.533416,0.367208,8192,995525,125688,3587737607
cutover,11,train,4096,1,32,100,8,0,0,0,4096,4096,512407,512544,64848,64864,-1,-1,321,321,1.224583,1.531292,6.225125,3.91120836139,1.297458,0.026208,1.459333,0.252084,2.901125,0.288625,4096,512544,64864,1541549791
cutover,11,train,4096,1,32,100,8,0,1,1,4096,4096,512407,512544,64848,64864,-1,-1,321,321,1.216625,1.476792,6.284292,4.45324997418,1.259125,0.04225,4.07025,0.26775,0.285,0.359666,4096,512544,64864,1541549791
cutover,11,train,4096,1,32,100,8,0,2,0,4096,4096,512407,512544,64848,64864,-1,-1,321,321,1.164083,1.452792,5.845333,4.23408334609,1.130833,0.040833,3.617,0.3215,0.390208,0.344709,4096,512544,64864,1541549791
cutover,12,train,4096,1,32,50,64,0,0,1,4096,4096,2199215,2199804,275768,275840,-1,-1,321,321,1.662708,2.081583,4.249042,2.67683330458,1.56025,0.11925,1.535291,0.285209,0.402916,0.345334,6142,3282658,411456,3438403046
cutover,12,train,4096,1,32,50,64,0,1,0,4096,4096,2199215,2199804,275768,275840,-1,-1,321,321,1.812875,2.244167,5.908958,3.68104164954,3.503875,0.027667,1.464917,0.250625,0.315375,0.34625,6142,3282658,411456,3438403046
cutover,12,train,4096,1,32,50,64,0,2,1,4096,4096,2199215,2199804,275768,275840,-1,-1,321,321,1.602625,1.960875,5.033416,3.65137506742,2.6345,0.034583,1.4935,0.252,0.309875,0.308709,6142,3282658,411456,3438403046
cutover,13,train,4096,1,32,50,512,0,0,0,4096,4096,15564785,15568964,1946560,1947088,-1,-1,321,321,2.165875,3.176333,3.977958,1.29104178632,1.545916,0.063167,0.985375,0.278542,0.503875,0.600708,6142,23322038,2916520,3383366565
cutover,13,train,4096,1,32,50,512,0,1,1,4096,4096,15564785,15568964,1946560,1947088,-1,-1,321,321,2.120416,3.050708,4.756333,1.97900005151,1.284625,0.02875,2.265666,0.284542,0.397875,0.494584,6142,23322038,2916520,3383366565
cutover,13,train,4096,1,32,50,512,0,2,0,4096,4096,15564785,15568964,1946560,1947088,-1,-1,321,321,2.151458,3.020875,4.603167,1.62150000688,2.403833,0.047792,0.809375,0.250083,0.440792,0.651084,6142,23322038,2916520,3383366565
cutover,14,train,4096,1,32,50,8,1,0,1,4096,4096,356832,356832,45296,45296,72,72,321,321,1.465042,1.786375,3.989583,1.91262498265,1.155625,0.029667,1.756958,0.247125,0.524208,0.27575,6142,520358,65880,1955793926
cutover,14,train,4096,1,32,50,8,1,1,0,4096,4096,356832,356832,45296,45296,72,72,321,321,1.3765,1.667417,5.817542,3.49575001746,3.6795,0.039167,1.29825,0.27875,0.25075,0.270792,6142,520358,65880,1955793926
cutover,14,train,4096,1,32,50,8,1,2,1,4096,4096,356832,356832,45296,45296,72,72,321,321,1.379708,1.623375,4.690291,3.52620828198,2.40075,0.032125,1.434542,0.269125,0.255917,0.297583,6142,520358,65880,1955793926
cutover,15,train,65536,4,32,50,8,0,0,0,65536,16384,8196298,2049259,1032160,258312,-1,-1,321,321,17.292875,17.839292,7.813541,4.70429175766,4.024208,0.050875,1.982625,0.668875,0.493541,0.593083,73720,9161482,1153712,614578965
cutover,15,train,65536,4,32,50,8,0,1,1,65536,16384,8196298,2049259,1032160,258312,-1,-1,321,321,17.638208,18.284458,5.406958,3.40183335356,2.021958,0.0475,2.230542,0.389417,0.347209,0.370083,73720,9161482,1153712,614578965
cutover,15,train,65536,4,32,50,8,0,2,0,65536,16384,8196298,2049259,1032160,258312,-1,-1,321,321,18.104334,18.813459,2.863417,1.31645845249,0.794833,0.030375,1.0035,0.31575,0.324,0.394625,73720,9161482,1153712,614578965
cutover,16,train,65536,16,32,50,8,0,0,1,65536,4096,8196298,512544,1032160,64864,-1,-1,321,321,15.118125,15.639,7.195041,5.20191667601,1.296625,0.032917,4.346166,0.387084,0.682458,0.449583,67582,8437475,1062528,2803778650
cutover,16,train,65536,16,32,50,8,0,1,0,65536,4096,8196298,512544,1032160,64864,-1,-1,321,321,15.425083,15.942625,6.335792,3.36937501561,2.39875,0.038084,1.121666,0.312458,2.00525,0.459209,67582,8437475,1062528,2803778650
cutover,16,train,65536,16,32,50,8,0,2,1,65536,4096,8196298,512544,1032160,64864,-1,-1,321,321,15.419083,15.965708,4.008375,1.99820828857,1.722375,0.038083,1.065084,0.299584,0.408,0.474709,67582,8437475,1062528,2803778650
cutover,17,train,65536,1,0,50,8,0,0,0,65536,65536,8169824,8169921,1028840,1028856,-1,-1,65,65,26.166958,26.79925,6.95475,3.6361249513,3.277125,0.053209,1.298916,0.669,0.779416,0.876833,98286,12022999,1514096,1472454093
cutover,17,train,65536,1,0,50,8,0,1,1,65536,65536,8169824,8169921,1028840,1028856,-1,-1,65,65,27.041792,27.815,7.548083,4.19529172359,1.522667,0.035667,1.177916,3.379083,0.848083,0.584333,98286,12022999,1514096,1472454093
cutover,17,train,65536,1,0,50,8,0,2,0,65536,65536,8169824,8169921,1028840,1028856,-1,-1,65,65,26.183083,27.097375,4.94925,2.91779160034,2.23325,0.035917,1.209916,0.406,0.561375,0.502459,98286,12022999,1514096,1472454093
cutover,18,train,65536,1,256,50,8,0,0,1,65536,65536,8224310,8224407,1035656,1035672,-1,-1,2113,2113,26.904667,27.939667,6.875541,4.80795832118,1.182666,0.041709,4.54575,0.337125,0.385833,0.382292,98286,12099751,1523704,439435349
cutover,18,train,65536,1,256,50,8,0,1,0,65536,65536,8224310,8224407,1035656,1035672,-1,-1,2113,2113,26.832417,27.831584,8.958708,5.60370838502,1.000916,0.06875,4.985291,0.358583,0.464417,2.080458,98286,12099751,1523704,439435349
cutover,18,train,65536,1,256,50,8,0,2,1,65536,65536,8224310,8224407,1035656,1035672,-1,-1,2113,2113,26.699458,27.308,9.68325,7.00362503994,1.17575,0.043125,6.737125,0.41525,0.759042,0.552708,98286,12099751,1523704,439435349
cutover,19,train,65536,1,32,0,8,0,0,0,65536,65536,8196298,8196395,1032160,1032168,-1,-1,321,321,30.739666,31.573166,7.206,5.21825003671,4.1995,0.0545,1.739917,0.359417,0.42225,0.430209,131072,15926477,2005656,4061510636
cutover,19,train,65536,1,32,0,8,0,1,1,65536,65536,8196298,8196395,1032160,1032168,-1,-1,321,321,31.565042,32.397584,4.395,2.05941667082,1.267584,0.03975,1.4005,0.672041,0.527375,0.487458,131072,15926477,2005656,4061510636
cutover,19,train,65536,1,32,0,8,0,2,0,65536,65536,8196298,8196395,1032160,1032168,-1,-1,321,321,31.313084,32.54775,8.050667,5.38799993228,1.6955,0.057291,4.535792,0.469333,0.656792,0.635416,131072,15926477,2005656,4061510636
cutover,20,train,65536,1,32,100,8,0,0,1,65536,65536,8196298,8196395,1032160,1032168,-1,-1,321,321,19.510333,20.037416,5.32225,3.07262502611,2.720334,0.042958,1.16325,0.288458,0.699458,0.407666,65536,8196395,1032168,420604831
cutover,20,train,65536,1,32,100,8,0,1,0,65536,65536,8196298,8196395,1032160,1032168,-1,-1,321,321,19.649583,20.275125,5.603375,2.58845830103,1.225167,0.033291,1.648959,1.872042,0.363541,0.460167,65536,8196395,1032168,420604831
cutover,20,train,65536,1,32,100,8,0,2,1,65536,65536,8196298,8196395,1032160,1032168,-1,-1,321,321,19.660417,20.172833,6.137291,3.00891668303,1.507875,0.039042,2.925833,0.389166,0.682666,0.592084,65536,8196395,1032168,420604831
cutover,21,train,65536,1,32,50,64,0,0,0,65536,65536,35189720,35190269,4407504,4407568,-1,-1,321,321,27.865083,32.890666,8.8765,6.17495842744,1.626709,0.043416,5.190042,0.413,0.805125,0.797833,98286,52540619,6580568,500933546
cutover,21,train,65536,1,32,50,64,0,1,1,65536,65536,35189720,35190269,4407504,4407568,-1,-1,321,321,26.880625,28.681917,6.289542,3.07412503753,1.570584,0.044,1.727167,0.393458,1.244,1.310083,98286,52540619,6580568,500933546
cutover,21,train,65536,1,32,50,64,0,2,0,65536,65536,35189720,35190269,4407504,4407568,-1,-1,321,321,27.03725,28.945833,5.300541,2.90299998596,1.17525,0.046916,2.259,0.349875,0.758667,0.710459,98286,52540619,6580568,500933546
cutover,22,train,65536,1,32,50,512,0,0,1,65536,65536,249074740,249078879,31144648,31145168,-1,-1,321,321,36.91325,46.821375,12.407334,4.05287492322,2.136,0.036959,1.415625,1.893458,3.2495,3.675458,98286,373303529,46678216,2001678747
cutover,22,train,65536,1,32,50,512,0,1,0,65536,65536,249074740,249078879,31144648,31145168,-1,-1,321,321,35.245166,45.241583,12.351959,4.95562498691,2.255584,0.04375,1.591333,0.309,4.384917,3.767,98286,373303529,46678216,2001678747
cutover,22,train,65536,1,32,50,512,0,2,1,65536,65536,249074740,249078879,31144648,31145168,-1,-1,321,321,34.616875,44.913583,12.760917,4.80791664449,2.83175,0.065542,2.208708,0.719083,2.751208,4.180083,98286,373303529,46678216,2001678747
cutover,23,train,65536,1,32,50,8,1,0,0,65536,65536,5704726,5704726,719040,719040,72,72,321,321,23.820917,24.498459,8.485542,5.0404999638,1.477167,0.039916,2.37575,0.592375,3.425875,0.574291,98286,8322324,1048800,1088617057
cutover,23,train,65536,1,32,50,8,1,1,1,65536,65536,5704726,5704726,719040,719040,72,72,321,321,23.343167,24.213292,7.814,5.5020833388,1.383583,0.0355,5.074416,0.469625,0.434791,0.415833,98286,8322324,1048800,1088617057
cutover,23,train,65536,1,32,50,8,1,2,0,65536,65536,5704726,5704726,719040,719040,72,72,321,321,23.595416,24.344541,5.059541,3.04525007959,1.578833,0.042833,2.161625,0.40925,0.443958,0.422793,98286,8322324,1048800,1088617057
cutover,24,train,262144,4,32,50,8,0,0,1,262144,65536,32784814,8196395,4127560,1032168,-1,-1,321,321,72.289209,73.677917,5.639958,2.45704181725,1.797291,0.045667,1.56475,0.52875,1.000583,0.702708,294894,36647157,4613960,1791713158
cutover,24,train,262144,4,32,50,8,0,1,0,262144,65536,32784814,8196395,4127560,1032168,-1,-1,321,321,72.233083,73.591708,6.913458,4.02633333579,1.436542,0.043333,3.205125,0.571917,0.904042,0.752334,294894,36647157,4613960,1791713158
cutover,24,train,262144,4,32,50,8,0,2,1,262144,65536,32784814,8196395,4127560,1032168,-1,-1,321,321,71.625041,73.295125,10.521542,7.17279169476,1.753542,0.03175,6.016583,0.687583,1.215291,0.816584,294894,36647157,4613960,1791713158
cutover,25,train,262144,16,32,50,8,0,0,0,262144,16384,32784814,2049259,4127560,258312,-1,-1,321,321,62.094458,63.747667,9.820791,6.70137506677,1.547416,0.033417,5.789,0.73125,0.871792,0.8475,270328,33749998,4249112,2268045589
cutover,25,train,262144,16,32,50,8,0,1,1,262144,16384,32784814,2049259,4127560,258312,-1,-1,321,321,62.576958,64.260791,7.558958,4.44266671548,3.602875,0.033708,1.713958,0.723167,0.747916,0.737042,270328,33749998,4249112,2268045589
cutover,25,train,262144,16,32,50,8,0,2,0,262144,16384,32784814,2049259,4127560,258312,-1,-1,321,321,62.55925,64.28675,9.967458,6.76812505117,1.537917,0.039791,6.128542,0.577208,0.873667,0.809958,270328,33749998,4249112,2268045589
cutover,26,train,262144,1,0,50,8,0,0,1,262144,262144,32679698,32679785,4114408,4114416,-1,-1,65,65,109.682417,111.338792,11.027292,7.60404166067,2.073833,0.070791,5.978083,0.698334,1.460958,0.745,393194,48099714,6056352,6018038
cutover,26,train,262144,1,0,50,8,0,1,0,262144,262144,32679698,32679785,4114408,4114416,-1,-1,65,65,108.306542,110.46175,10.723333,6.91416661721,2.32575,0.031416,5.525667,0.689292,1.388667,0.762125,393194,48099714,6056352,6018038
cutover,26,train,262144,1,0,50,8,0,2,1,262144,262144,32679698,32679785,4114408,4114416,-1,-1,65,65,107.779416,109.721833,8.4375,4.76533337496,3.360042,0.043084,1.816541,0.818166,1.2455,1.153833,393194,48099714,6056352,6018038
cutover,27,train,262144,1,256,50,8,0,0,0,262144,262144,32891468,32891555,4140904,4140912,-1,-1,2113,2113,108.437916,110.437,11.49425,7.96049996279,2.051125,0.040041,6.905584,0.557625,0.947125,0.992499,393194,48400590,6094000,1804080054
cutover,27,train,262144,1,256,50,8,0,1,1,262144,262144,32891468,32891555,4140904,4140912,-1,-1,2113,2113,110.63925,112.392958,16.395292,12.7162499703,3.364792,0.049375,10.486,0.620291,1.095709,0.778834,393194,48400590,6094000,1804080054
cutover,27,train,262144,1,256,50,8,0,2,0,262144,262144,32891468,32891555,4140904,4140912,-1,-1,2113,2113,107.910708,109.895708,12.967584,9.36175003881,1.977709,0.068,8.506833,0.660917,0.939375,0.814208,393194,48400590,6094000,1804080054
cutover,28,train,262144,1,32,0,8,0,0,1,262144,262144,32784814,32784901,4127560,4127576,-1,-1,321,321,129.262334,131.703375,8.774542,4.27125004353,2.160875,0.040458,3.4355,0.680125,1.382458,1.074833,524288,63705759,8021576,1993816050
cutover,28,train,262144,1,32,0,8,0,1,0,262144,262144,32784814,32784901,4127560,4127576,-1,-1,321,321,128.654,131.034083,12.564084,8.88037501136,2.537584,0.055084,6.360167,0.815542,1.7205,1.07475,524288,63705759,8021576,1993816050
cutover,28,train,262144,1,32,0,8,0,2,1,262144,262144,32784814,32784901,4127560,4127576,-1,-1,321,321,129.25225,132.256,8.803209,4.30387503002,3.168459,0.045833,2.427875,0.703208,1.475125,0.982333,524288,63705759,8021576,1993816050
cutover,29,train,262144,1,32,100,8,0,0,0,262144,262144,32784814,32784901,4127560,4127576,-1,-1,321,321,82.326292,84.032084,7.256625,4.3305415893,3.088708,0.052209,2.21,0.465625,0.708042,0.731499,262144,32784901,4127576,2509635873
cutover,29,train,262144,1,32,100,8,0,1,1,262144,262144,32784814,32784901,4127560,4127576,-1,-1,321,321,80.634709,82.312584,6.4725,3.48508334719,1.746083,0.034125,2.637458,0.44275,0.943875,0.667958,262144,32784901,4127576,2509635873
cutover,29,train,262144,1,32,100,8,0,2,0,262144,262144,32784814,32784901,4127560,4127576,-1,-1,321,321,79.690166,81.161833,7.911167,4.15095838252,2.503709,0.051542,2.600958,1.269083,0.833167,0.652458,262144,32784901,4127576,2509635873
cutover,30,train,262144,1,32,50,64,0,0,1,262144,262144,140758484,140759025,17628944,17629008,-1,-1,321,321,112.219625,118.718667,12.1055,6.53324992163,2.201792,0.036917,3.958292,0.681166,2.903834,2.322709,393194,210192968,26325112,946894025
cutover,30,train,262144,1,32,50,64,0,1,0,262144,262144,140758484,140759025,17628944,17629008,-1,-1,321,321,110.594334,116.964625,19.128,11.956958333,3.125625,0.052625,4.087334,0.702583,7.376291,3.782917,393194,210192968,26325112,946894025
cutover,30,train,262144,1,32,50,64,0,2,1,262144,262144,140758484,140759025,17628944,17629008,-1,-1,321,321,112.065834,119.225709,10.581125,5.17670833506,1.893333,0.03625,3.2855,0.536,2.4095,2.420292,393194,210192968,26325112,946894025
cutover,31,train,262144,1,32,50,256,0,0,0,262144,262144,507758964,507761045,63507944,63508208,-1,-1,321,321,126.754167,145.437792,20.414959,5.94975007698,3.073542,0.056375,2.201625,0.829792,6.549583,7.703792,393194,760662888,95139792,3209971666
cutover,31,train,262144,1,32,50,256,0,1,1,262144,262144,507758964,507761045,63507944,63508208,-1,-1,321,321,124.954792,144.048417,30.979958,15.303250053,3.639208,0.033625,3.795917,0.778708,13.363625,9.368541,393194,760662888,95139792,3209971666
cutover,31,train,262144,1,32,50,256,0,2,0,262144,262144,507758964,507761045,63507944,63508208,-1,-1,321,321,127.3585,145.781208,21.340292,8.54875001824,4.040292,0.043291,2.835583,0.521792,6.611208,7.287958,393194,760662888,95139792,3209971666
cutover,32,train,262144,1,32,50,8,1,0,1,262144,262144,22817996,22817996,2875008,2875008,72,72,321,321,96.194917,98.150625,11.425875,8.2781665842,2.310791,0.041917,6.905625,0.825208,0.643417,0.698542,393194,33292382,4194600,4249291713
cutover,32,train,262144,1,32,50,8,1,1,0,262144,262144,22817996,22817996,2875008,2875008,72,72,321,321,96.146708,97.451791,7.596958,4.11700003315,1.797833,0.040792,2.436375,0.518042,1.978208,0.8255,393194,33292382,4194600,4249291713
cutover,32,train,262144,1,32,50,8,1,2,1,262144,262144,22817996,22817996,2875008,2875008,72,72,321,321,97.37725,99.088375,8.370375,4.65958338464,1.707333,0.033958,3.961333,0.534584,0.897209,1.235708,393194,33292382,4194600,4249291713
cutover,33,train,65536,16,256,0,512,1,0,0,65536,4096,270760322,16924492,33851024,2116264,4116,4116,2113,2113,20.671834,28.274875,19.945792,12.5525416224,3.721375,0.036041,8.795875,0.437166,3.875375,3.079709,69632,287653590,35962992,4048302574
cutover,33,train,65536,16,256,0,512,1,1,1,65536,4096,270760322,16924492,33851024,2116264,4116,4116,2113,2113,19.787584,27.4625,16.502167,10.3193333489,2.10825,0.039917,8.27275,0.402458,2.502375,3.176,69632,287653590,35962992,4048302574
cutover,33,train,65536,16,256,0,512,1,2,0,65536,4096,270760322,16924492,33851024,2116264,4116,4116,2113,2113,21.279708,29.57625,20.227416,12.4946666183,3.365458,0.033083,8.453209,1.805458,2.388291,4.181334,69632,287653590,35962992,4048302574
cutover,34,heldout,2048,1,64,25,32,0,0,1,2048,2048,619720,620019,78048,78080,-1,-1,577,577,0.927666,1.17325,5.457833,2.9771666741,1.233666,0.026833,3.365375,0.2155,0.306417,0.30975,3571,1069310,134416,2890404737
cutover,34,heldout,2048,1,64,25,32,0,1,0,2048,2048,619720,620019,78048,78080,-1,-1,577,577,0.91625,1.216334,6.637375,3.97716666339,1.256167,0.027709,2.126208,1.606125,0.871,0.749876,3571,1069310,134416,2890404737
cutover,34,heldout,2048,1,64,25,32,0,2,1,2048,2048,619720,620019,78048,78080,-1,-1,577,577,0.851958,1.078916,6.052333,4.46104165167,1.2765,0.025959,3.95925,0.26125,0.2415,0.287624,3571,1069310,134416,2890404737
cutover,35,heldout,2048,3,128,75,128,1,0,0,2048,682,2162347,720805,270808,90504,1040,1040,1089,1089,0.506375,0.767709,5.66625,2.23633332644,2.316541,0.015167,1.632,0.690041,0.247417,0.764917,2205,2326910,291384,702063940
cutover,35,heldout,2048,3,128,75,128,1,1,1,2048,682,2162347,720805,270808,90504,1040,1040,1089,1089,0.486708,0.686166,4.375917,2.07920838147,0.972,0.012958,2.678458,0.238667,0.218917,0.254667,2205,2326910,291384,702063940
cutover,35,heldout,2048,3,128,75,128,1,2,0,2048,682,2162347,720805,270808,90504,1040,1040,1089,1089,0.498916,0.707791,3.473291,2.10879166843,1.005125,0.012917,1.780959,0.206542,0.220833,0.246708,2205,2326910,291384,702063940
cutover,36,heldout,2048,8,0,0,512,0,0,1,2048,256,7779242,973877,973048,122112,-1,-1,65,65,0.832458,1.425916,3.267209,1.76087504951,1.827459,0.016209,0.475667,0.25,0.331959,0.365709,2304,8751279,1094592,407942407
cutover,36,heldout,2048,8,0,0,512,0,1,0,2048,256,7779242,973877,973048,122112,-1,-1,65,65,0.6805,1.157916,2.541292,1.01408333285,1.195375,0.011,0.469791,0.253,0.2945,0.317375,2304,8751279,1094592,407942407
cutover,36,heldout,2048,8,0,0,512,0,2,1,2048,256,7779242,973877,973048,122112,-1,-1,65,65,0.67975,1.12525,2.684083,1.27766659716,1.386625,0.013917,0.475042,0.204958,0.301041,0.302166,2304,8751279,1094592,407942407
cutover,37,heldout,2048,16,256,100,8,1,0,0,2048,128,181181,13297,23160,2016,72,72,2113,2113,0.397542,0.641209,5.642875,3.99974989705,0.995291,0.01425,3.841208,0.228709,0.225,0.338209,2048,181181,23160,2228399981
cutover,37,heldout,2048,16,256,100,8,1,1,1,2048,128,181181,13297,23160,2016,72,72,2113,2113,0.367917,0.587792,4.977125,3.55287501588,0.894541,0.014792,3.37675,0.213,0.21625,0.261542,2048,181181,23160,2228399981
cutover,37,heldout,2048,16,256,100,8,1,2,0,2048,128,181181,13297,23160,2016,72,72,2113,2113,0.367292,0.581375,5.872416,3.90975002665,0.692708,0.031916,4.495917,0.20825,0.19375,0.249625,2048,181181,23160,2228399981
cutover,38,heldout,8192,1,64,25,32,0,0,1,8192,8192,2478768,2479059,311184,311224,-1,-1,577,577,3.596625,3.989375,6.288209,4.36120829545,2.465959,0.096833,2.576292,0.330375,0.361291,0.456792,14334,4293202,538728,145786120
cutover,38,heldout,8192,1,64,25,32,0,1,0,8192,8192,2478768,2479059,311184,311224,-1,-1,577,577,3.679375,4.053791,4.761791,3.30387504073,1.653291,0.035583,2.069208,0.28725,0.350959,0.36525,14334,4293202,538728,145786120
cutover,38,heldout,8192,1,64,25,32,0,2,1,8192,8192,2478768,2479059,311184,311224,-1,-1,577,577,3.49575,3.792333,6.326875,3.83595831227,3.326542,0.038,2.045625,0.250625,0.326917,0.338874,14334,4293202,538728,145786120
cutover,39,heldout,8192,3,128,75,128,1,0,0,8192,2730,8646169,2882066,1081808,360832,1040,1040,1089,1089,2.121458,2.699542,3.842208,2.28920823429,0.867917,0.035916,1.8855,0.28675,0.342875,0.422876,8867,9353706,1170304,947672779
cutover,39,heldout,8192,3,128,75,128,1,1,1,8192,2730,8646169,2882066,1081808,360832,1040,1040,1089,1089,1.984834,2.494584,5.355166,3.40258335928,1.151875,0.035791,3.02875,0.433208,0.343541,0.361625,8867,9353706,1170304,947672779
cutover,39,heldout,8192,3,128,75,128,1,2,0,8192,2730,8646169,2882066,1081808,360832,1040,1040,1089,1089,2.262333,2.831916,5.946375,2.82112503191,1.121542,0.030583,3.387542,0.24675,0.371125,0.788624,8867,9353706,1170304,947672779
cutover,40,heldout,8192,8,0,0,512,0,0,1,8192,1024,31129938,3891653,3892832,486952,-1,-1,65,65,3.090208,4.361208,4.605417,1.48841668852,1.089333,0.030375,0.827583,0.226917,1.812542,0.618333,9216,35014395,4378536,3600130877
cutover,40,heldout,8192,8,0,0,512,0,1,0,8192,1024,31129938,3891653,3892832,486952,-1,-1,65,65,3.049917,4.328333,4.846916,1.69354170794,2.675166,0.035708,0.555459,0.283375,0.635458,0.6615,9216,35014395,4378536,3600130877
cutover,40,heldout,8192,8,0,0,512,0,2,1,8192,1024,31129938,3891653,3892832,486952,-1,-1,65,65,2.938125,4.253208,4.301334,1.50937505532,2.119917,0.039084,0.511333,0.47875,0.541458,0.6105,9216,35014395,4378536,3600130877
cutover,41,heldout,8192,16,256,100,8,1,0,0,8192,512,718431,46879,90848,6248,72,72,2113,2113,1.570042,1.911209,5.442208,3.57741664629,0.750125,0.0275,3.867083,0.276667,0.229916,0.290624,8192,718431,90848,719897136
cutover,41,heldout,8192,16,256,100,8,1,1,1,8192,512,718431,46879,90848,6248,72,72,2113,2113,1.5955,1.871208,6.378792,4.22416662332,0.6565,0.039375,3.377375,0.243541,1.710667,0.351125,8192,718431,90848,719897136
cutover,41,heldout,8192,16,256,100,8,1,2,0,8192,512,718431,46879,90848,6248,72,72,2113,2113,1.711125,2.150667,5.7725,4.47924999753,0.570167,0.036083,3.821208,0.812333,0.23725,0.295334,8192,718431,90848,719897136
cutover,42,heldout,32768,1,64,25,32,0,0,1,32768,32768,9913992,9914267,1243568,1243600,-1,-1,577,577,14.888167,15.728209,7.692,5.30012499075,1.528291,0.044958,4.523958,0.433,0.645541,0.515958,57336,17171820,2153776,89547523
cutover,42,heldout,32768,1,64,25,32,0,1,0,32768,32768,9913992,9914267,1243568,1243600,-1,-1,577,577,14.824959,15.645667,8.38125,5.18591661239,1.506041,0.041333,2.751334,2.458875,0.573333,1.050083,57336,17171820,2153776,89547523
cutover,42,heldout,32768,1,64,25,32,0,2,1,32768,32768,9913992,9914267,1243568,1243600,-1,-1,577,577,14.80325,15.652625,4.123625,2.1220833296,1.216666,0.037375,1.632,0.269625,0.457375,0.51025,57336,17171820,2153776,89547523
cutover,43,heldout,32768,3,128,75,128,1,0,0,32768,10922,34581443,11527173,4325832,1442160,1040,1040,1089,1089,8.545875,9.82975,5.811416,3.13016667496,1.914583,0.049833,2.143625,0.295791,0.638625,0.768666,35493,37437792,4683088,1973046451
cutover,43,heldout,32768,3,128,75,128,1,1,1,32768,10922,34581443,11527173,4325832,1442160,1040,1040,1089,1089,8.863541,10.241916,8.94475,5.5532916449,2.336,0.032458,2.649375,0.313083,2.968875,0.644751,35493,37437792,4683088,1973046451
cutover,43,heldout,32768,3,128,75,128,1,2,0,32768,10922,34581443,11527173,4325832,1442160,1040,1040,1089,1089,8.719209,10.48375,11.288333,7.87345820572,2.720042,0.066041,3.421042,0.356708,3.912875,0.8115,35493,37437792,4683088,1973046451
cutover,44,heldout,32768,8,0,0,512,0,0,1,32768,4096,124524074,15567066,15570824,1946848,-1,-1,65,65,11.858875,16.190625,6.509041,2.18287494499,1.422583,0.043208,0.6015,0.65525,1.97425,1.812041,36864,140062520,17513752,2035597497
cutover,44,heldout,32768,8,0,0,512,0,1,0,32768,4096,124524074,15567066,15570824,1946848,-1,-1,65,65,12.981417,17.907792,8.999459,4.37983340817,2.320084,0.047375,2.201917,0.340792,1.99075,2.097875,36864,140062520,17513752,2035597497
cutover,44,heldout,32768,8,0,0,512,0,2,1,32768,4096,124524074,15567066,15570824,1946848,-1,-1,65,65,11.095333,15.596792,9.051375,3.90445825178,1.641125,0.033792,0.946166,1.994,2.189625,2.246084,36864,140062520,17513752,2035597497
cutover,45,heldout,32768,16,256,100,8,1,0,0,32768,2048,2867413,181181,361584,23160,72,72,2113,2113,6.382625,6.769084,7.188459,5.16508321743,1.135459,0.043125,4.966125,0.38875,0.2955,0.359417,32768,2867413,361584,2554457924
cutover,45,heldout,32768,16,256,100,8,1,1,1,32768,2048,2867413,181181,361584,23160,72,72,2113,2113,6.112417,6.498917,7.788292,5.50466676941,1.278792,0.053875,5.152041,0.7225,0.2605,0.320124,32768,2867413,361584,2554457924
cutover,45,heldout,32768,16,256,100,8,1,2,0,32768,2048,2867413,181181,361584,23160,72,72,2113,2113,6.484583,6.799958,6.497125,4.62820829125,1.025166,0.035375,4.355417,0.28875,0.250917,0.541291,32768,2867413,361584,2554457924
cutover,46,heldout,131072,1,64,25,32,0,0,1,131072,131072,39654743,39655066,4973136,4973176,-1,-1,577,577,61.891875,64.478666,12.840416,9.51741664903,1.928208,0.047333,5.071667,0.578583,4.051333,1.162833,229369,68694871,8615088,2365322260
cutover,46,heldout,131072,1,64,25,32,0,1,0,131072,131072,39654743,39655066,4973136,4973176,-1,-1,577,577,59.906708,62.398875,11.000958,7.74191675009,4.436333,0.031291,3.465459,0.548834,1.602958,0.915666,229369,68694871,8615088,2365322260
cutover,46,heldout,131072,1,64,25,32,0,2,1,131072,131072,39654743,39655066,4973136,4973176,-1,-1,577,577,61.104292,63.665584,8.79525,5.36975002615,1.884792,0.043833,4.675417,0.4405,0.933375,0.816958,229369,68694871,8615088,2365322260
cutover,47,heldout,131072,3,128,75,128,1,0,0,131072,43690,138322569,46107538,17301904,5767528,1040,1040,1089,1089,34.995625,39.707459,10.123167,5.82224997925,1.9035,0.062375,3.948667,0.432958,2.094416,1.680999,141987,149763666,18732888,3717595429
cutover,47,heldout,131072,3,128,75,128,1,1,1,131072,43690,138322569,46107538,17301904,5767528,1040,1040,1089,1089,33.310333,37.943583,11.770083,7.32658331981,1.9845,0.028959,5.094125,0.482166,2.464375,1.715625,141987,149763666,18732888,3717595429
cutover,47,heldout,131072,3,128,75,128,1,2,0,131072,43690,138322569,46107538,17301904,5767528,1040,1040,1089,1089,35.512792,40.386375,12.623208,6.57670840155,3.149625,0.044834,2.874583,0.694792,3.754833,2.104167,141987,149763666,18732888,3717595429
cutover,48,heldout,131072,8,0,0,512,0,0,1,131072,16384,498096609,62264081,62282344,7785840,-1,-1,65,65,50.955125,66.110375,19.251333,8.54662503116,2.70625,0.062458,1.221416,0.825959,8.411875,6.022958,147456,560246350,70053544,4166211611
cutover,48,heldout,131072,8,0,0,512,0,1,0,131072,16384,498096609,62264081,62282344,7785840,-1,-1,65,65,47.402208,61.858375,17.417375,4.74150001537,1.922792,0.038917,0.828667,2.000625,5.155333,7.470583,147456,560246350,70053544,4166211611
cutover,48,heldout,131072,8,0,0,512,0,2,1,131072,16384,498096609,62264081,62282344,7785840,-1,-1,65,65,46.476792,61.639125,15.844667,5.31691673677,2.18925,0.052042,0.839,0.710291,6.335334,5.718166,147456,560246350,70053544,4166211611
cutover,49,heldout,131072,16,256,100,8,1,0,0,131072,8192,11463375,718431,1444520,90848,72,72,2113,2113,25.916458,26.573916,7.214084,5.23879169486,1.120667,0.041334,4.830916,0.389917,0.391916,0.439167,131072,11463375,1444520,186443345
cutover,49,heldout,131072,16,256,100,8,1,1,1,131072,8192,11463375,718431,1444520,90848,72,72,2113,2113,26.99275,27.713,13.484458,10.8676668024,1.804792,0.036584,9.795792,0.736,0.687625,0.423292,131072,11463375,1444520,186443345
cutover,49,heldout,131072,16,256,100,8,1,2,0,131072,8192,11463375,718431,1444520,90848,72,72,2113,2113,26.24375,26.997166,5.907334,3.35012504365,0.812167,0.035875,2.932959,0.395,0.328,1.403,131072,11463375,1444520,186443345
