phase,profile,distribution,records,key_bytes,query_kind,access,variant,processes,baseline_ns,query_ns,speedup,baseline_min_ns,baseline_max_ns,candidate_min_ns,candidate_max_ns,process_ranges,baseline_file_bytes,file_bytes,file_growth_percent,offset_bytes,offset_file_percent,offset_auxiliary_bytes,preparation_ns
primary,typed-bit,hash,131072,128,hit,dependent,base,3,8096.416,8096.416,1.0,8042.399,8130.859,8042.399,8130.859,overlap,30651952,30651952,0.0,26096,0.08513650288895142,1024,316029700.0
primary,typed-bit,hash,131072,128,hit,dependent,direct32,3,8096.416,7580.546,1.0680518263460177,8042.399,8130.859,7436.89,8061.544,overlap,30651952,30676016,0.07850723503677326,50160,0.16351536653260318,0,305668800.0
primary,typed-bit,hash,131072,128,hit,dependent,sub32,3,8096.416,8211.446,0.9859915050284689,8042.399,8130.859,8202.901,8224.04,slower,30651952,30652976,0.0033407334058210836,27120,0.08847428060492397,2048,309875400.0
primary,typed-bit,hash,131072,128,hit,independent,base,3,8097.392,8097.392,1.0,8079.61,8444.479,8079.61,8444.479,overlap,30651952,30651952,0.0,26096,0.08513650288895142,1024,316029700.0
primary,typed-bit,hash,131072,128,hit,independent,direct32,3,8097.392,7679.016,1.0544830223038995,8079.61,8444.479,7644.023,7684.978,faster,30651952,30676016,0.07850723503677326,50160,0.16351536653260318,0,305668800.0
primary,typed-bit,hash,131072,128,hit,independent,sub32,3,8097.392,8176.188,0.9903627460621013,8079.61,8444.479,8006.755,8219.829,overlap,30651952,30652976,0.0033407334058210836,27120,0.08847428060492397,2048,309875400.0
primary,typed-bit,hash,131072,128,miss,dependent,base,3,8370.239,8370.239,1.0,8098.775,8786.133,8098.775,8786.133,overlap,30651952,30651952,0.0,26096,0.08513650288895142,1024,316029700.0
primary,typed-bit,hash,131072,128,miss,dependent,direct32,3,8370.239,7949.809,1.052885547313149,8098.775,8786.133,7829.346,7967.875,faster,30651952,30676016,0.07850723503677326,50160,0.16351536653260318,0,305668800.0
primary,typed-bit,hash,131072,128,miss,dependent,sub32,3,8370.239,8582.561,0.9752612303017713,8098.775,8786.133,8499.084,8585.917,overlap,30651952,30652976,0.0033407334058210836,27120,0.08847428060492397,2048,309875400.0
primary,typed-bit,hash,131072,128,miss,independent,base,3,8564.087,8564.087,1.0,8299.907,8571.411,8299.907,8571.411,overlap,30651952,30651952,0.0,26096,0.08513650288895142,1024,316029700.0
primary,typed-bit,hash,131072,128,miss,independent,direct32,3,8564.087,8226.379,1.0410518406701172,8299.907,8571.411,7989.706,8268.168,faster,30651952,30676016,0.07850723503677326,50160,0.16351536653260318,0,305668800.0
primary,typed-bit,hash,131072,128,miss,independent,sub32,3,8564.087,8447.937,1.0137489188188784,8299.907,8571.411,8387.085,8550.272,overlap,30651952,30652976,0.0033407334058210836,27120,0.08847428060492397,2048,309875400.0
primary,typed-bit,hash,131072,128,mixed,dependent,base,3,8155.314,8155.314,1.0,7978.434,8362.997,7978.434,8362.997,overlap,30651952,30651952,0.0,26096,0.08513650288895142,1024,316029700.0
primary,typed-bit,hash,131072,128,mixed,dependent,direct32,3,8155.314,7788.167,1.047141644497351,7978.434,8362.997,7657.125,8048.665,overlap,30651952,30676016,0.07850723503677326,50160,0.16351536653260318,0,305668800.0
primary,typed-bit,hash,131072,128,mixed,dependent,sub32,3,8155.314,8024.963,1.0162431901555184,7978.434,8362.997,8015.482,8209.29,overlap,30651952,30652976,0.0033407334058210836,27120,0.08847428060492397,2048,309875400.0
primary,typed-bit,hash,131072,128,mixed,independent,base,3,8185.323,8185.323,1.0,8091.044,8466.289,8091.044,8466.289,overlap,30651952,30651952,0.0,26096,0.08513650288895142,1024,316029700.0
primary,typed-bit,hash,131072,128,mixed,independent,direct32,3,8185.323,7895.609,1.0366930530627847,8091.044,8466.289,7586.731,7906.901,faster,30651952,30676016,0.07850723503677326,50160,0.16351536653260318,0,305668800.0
primary,typed-bit,hash,131072,128,mixed,independent,sub32,3,8185.323,8256.876,0.9913341316982355,8091.044,8466.289,8154.439,8426.27,overlap,30651952,30652976,0.0033407334058210836,27120,0.08847428060492397,2048,309875400.0
primary,typed-bit,hash,131072,16,hit,dependent,base,3,7021.2,7021.2,1.0,6851.583,7163.9,6851.583,7163.9,overlap,9362488,9362488,0.0,21552,0.23019522161203304,1024,179794600.0
primary,typed-bit,hash,131072,16,hit,dependent,direct32,3,7021.2,6561.768,1.0700164955542468,6851.583,7163.9,6512.492,6677.999,faster,9362488,9391096,0.30555980418880413,50160,0.5341229607279065,0,176735300.0
primary,typed-bit,hash,131072,16,hit,dependent,sub32,3,7021.2,6830.729,1.0278844322472755,6851.583,7163.9,6770.67,6879.11,overlap,9362488,9363512,0.010937263684618337,22576,0.24110611488509867,2048,177363100.0
primary,typed-bit,hash,131072,16,hit,independent,base,3,6961.019,6961.019,1.0,6824.625,7161.173,6824.625,7161.173,overlap,9362488,9362488,0.0,21552,0.23019522161203304,1024,179794600.0
primary,typed-bit,hash,131072,16,hit,independent,direct32,3,6961.019,6469.381,1.0759945967009827,6824.625,7161.173,6452.556,6745.992,faster,9362488,9391096,0.30555980418880413,50160,0.5341229607279065,0,176735300.0
primary,typed-bit,hash,131072,16,hit,independent,sub32,3,6961.019,7001.994,0.9941480955282167,6824.625,7161.173,6778.809,7060.893,overlap,9362488,9363512,0.010937263684618337,22576,0.24110611488509867,2048,177363100.0
primary,typed-bit,hash,131072,16,miss,dependent,base,3,7365.926,7365.926,1.0,7199.341,7546.814,7199.341,7546.814,overlap,9362488,9362488,0.0,21552,0.23019522161203304,1024,179794600.0
primary,typed-bit,hash,131072,16,miss,dependent,direct32,3,7365.926,6907.776,1.0663238066781553,7199.341,7546.814,6724.142,7116.028,faster,9362488,9391096,0.30555980418880413,50160,0.5341229607279065,0,176735300.0
primary,typed-bit,hash,131072,16,miss,dependent,sub32,3,7365.926,7188.68,1.0246562651279512,7199.341,7546.814,6907.328,7205.811,overlap,9362488,9363512,0.010937263684618337,22576,0.24110611488509867,2048,177363100.0
primary,typed-bit,hash,131072,16,miss,independent,base,3,7437.744,7437.744,1.0,7382.548,7455.627,7382.548,7455.627,overlap,9362488,9362488,0.0,21552,0.23019522161203304,1024,179794600.0
primary,typed-bit,hash,131072,16,miss,independent,direct32,3,7437.744,6922.078,1.0744958378105534,7382.548,7455.627,6848.633,7160.665,faster,9362488,9391096,0.30555980418880413,50160,0.5341229607279065,0,176735300.0
primary,typed-bit,hash,131072,16,miss,independent,sub32,3,7437.744,7128.032,1.043449861055618,7382.548,7455.627,6971.578,7402.384,overlap,9362488,9363512,0.010937263684618337,22576,0.24110611488509867,2048,177363100.0
primary,typed-bit,hash,131072,16,mixed,dependent,base,3,6959.147,6959.147,1.0,6835.571,7181.742,6835.571,7181.742,overlap,9362488,9362488,0.0,21552,0.23019522161203304,1024,179794600.0
primary,typed-bit,hash,131072,16,mixed,dependent,direct32,3,6959.147,6495.3,1.0714127138084462,6835.571,7181.742,6465.21,6715.963,faster,9362488,9391096,0.30555980418880413,50160,0.5341229607279065,0,176735300.0
primary,typed-bit,hash,131072,16,mixed,dependent,sub32,3,6959.147,7013.835,0.9922028391030014,6835.571,7181.742,6799.968,7141.805,overlap,9362488,9363512,0.010937263684618337,22576,0.24110611488509867,2048,177363100.0
primary,typed-bit,hash,131072,16,mixed,independent,base,3,7170.268,7170.268,1.0,7009.847,7194.071,7009.847,7194.071,overlap,9362488,9362488,0.0,21552,0.23019522161203304,1024,179794600.0
primary,typed-bit,hash,131072,16,mixed,independent,direct32,3,7170.268,6625.631,1.0822015291826543,7009.847,7194.071,6614.583,6827.657,faster,9362488,9391096,0.30555980418880413,50160,0.5341229607279065,0,176735300.0
primary,typed-bit,hash,131072,16,mixed,independent,sub32,3,7170.268,7021.281,1.0212193472957427,7009.847,7194.071,6865.275,7119.283,overlap,9362488,9363512,0.010937263684618337,22576,0.24110611488509867,2048,177363100.0
primary,typed-bit,hash,8192,128,hit,dependent,base,3,6795.248,6795.248,1.0,6767.212,6908.102,6767.212,6908.102,overlap,1926400,1926400,0.0,2024,0.10506644518272425,288,20297620.0
primary,typed-bit,hash,8192,128,hit,dependent,direct32,3,6795.248,6568.319,1.034549022360211,6767.212,6908.102,6469.258,6640.828,faster,1926400,1927624,0.06353820598006266,3248,0.16849759081646629,0,20626840.0
primary,typed-bit,hash,8192,128,hit,dependent,sub32,3,6795.248,6804.22,0.9986814065388832,6767.212,6908.102,6692.139,6944.804,overlap,1926400,1926688,0.014950166112948082,2312,0.11999867129498912,576,19875780.0
primary,typed-bit,hash,8192,128,hit,independent,base,3,6852.905,6852.905,1.0,6847.351,7006.999,6847.351,7006.999,overlap,1926400,1926400,0.0,2024,0.10506644518272425,288,20297620.0
primary,typed-bit,hash,8192,128,hit,independent,direct32,3,6852.905,6552.226,1.0458895953833094,6847.351,7006.999,6512.105,6589.254,faster,1926400,1927624,0.06353820598006266,3248,0.16849759081646629,0,20626840.0
primary,typed-bit,hash,8192,128,hit,independent,sub32,3,6852.905,6780.131,1.0107334209324272,6847.351,7006.999,6749.268,7055.135,overlap,1926400,1926688,0.014950166112948082,2312,0.11999867129498912,576,19875780.0
primary,typed-bit,hash,8192,128,miss,dependent,base,3,7094.788,7094.788,1.0,7048.584,7169.881,7048.584,7169.881,overlap,1926400,1926400,0.0,2024,0.10506644518272425,288,20297620.0
primary,typed-bit,hash,8192,128,miss,dependent,direct32,3,7094.788,6842.123,1.036927865810071,7048.584,7169.881,6739.889,6971.721,faster,1926400,1927624,0.06353820598006266,3248,0.16849759081646629,0,20626840.0
primary,typed-bit,hash,8192,128,miss,dependent,sub32,3,7094.788,7154.256,0.9916877450289728,7048.584,7169.881,6968.75,7322.164,overlap,1926400,1926688,0.014950166112948082,2312,0.11999867129498912,576,19875780.0
primary,typed-bit,hash,8192,128,miss,independent,base,3,7044.087,7044.087,1.0,6991.333,7368.612,6991.333,7368.612,overlap,1926400,1926400,0.0,2024,0.10506644518272425,288,20297620.0
primary,typed-bit,hash,8192,128,miss,independent,direct32,3,7044.087,6765.604,1.0411615873468207,6991.333,7368.612,6738.342,6853.658,faster,1926400,1927624,0.06353820598006266,3248,0.16849759081646629,0,20626840.0
primary,typed-bit,hash,8192,128,miss,independent,sub32,3,7044.087,7038.574,1.0007832552445994,6991.333,7368.612,6959.574,7274.394,overlap,1926400,1926688,0.014950166112948082,2312,0.11999867129498912,576,19875780.0
primary,typed-bit,hash,8192,128,mixed,dependent,base,3,6897.726,6897.726,1.0,6713.501,7051.88,6713.501,7051.88,overlap,1926400,1926400,0.0,2024,0.10506644518272425,288,20297620.0
primary,typed-bit,hash,8192,128,mixed,dependent,direct32,3,6897.726,6578.043,1.048598496543729,6713.501,7051.88,6513.509,6670.675,faster,1926400,1927624,0.06353820598006266,3248,0.16849759081646629,0,20626840.0
primary,typed-bit,hash,8192,128,mixed,dependent,sub32,3,6897.726,6885.091,1.0018351246192678,6713.501,7051.88,6861.104,7009.908,overlap,1926400,1926688,0.014950166112948082,2312,0.11999867129498912,576,19875780.0
primary,typed-bit,hash,8192,128,mixed,independent,base,3,6907.552,6907.552,1.0,6884.521,7162.028,6884.521,7162.028,overlap,1926400,1926400,0.0,2024,0.10506644518272425,288,20297620.0
primary,typed-bit,hash,8192,128,mixed,independent,direct32,3,6907.552,6622.335,1.0430689477352022,6884.521,7162.028,6581.787,6720.195,faster,1926400,1927624,0.06353820598006266,3248,0.16849759081646629,0,20626840.0
primary,typed-bit,hash,8192,128,mixed,independent,sub32,3,6907.552,6977.335,0.9899986169504545,6884.521,7162.028,6765.035,6993.632,overlap,1926400,1926688,0.014950166112948082,2312,0.11999867129498912,576,19875780.0
primary,typed-bit,hash,8192,16,hit,dependent,base,3,5886.678,5886.678,1.0,5853.841,5998.271,5853.841,5998.271,overlap,595696,595696,0.0,1736,0.29142381348875934,288,13707460.0
primary,typed-bit,hash,8192,16,hit,dependent,direct32,3,5886.678,5692.241,1.0341582515568122,5853.841,5998.271,5582.194,5707.682,faster,595696,597208,0.2538207407805304,3248,0.5438641143454207,0,14109020.0
primary,typed-bit,hash,8192,16,hit,dependent,sub32,3,5886.678,6125.997,0.960933869213452,5853.841,5998.271,5975.871,6256.328,overlap,595696,595984,0.048346807767729594,2024,0.33960643238744664,576,13975120.0
primary,typed-bit,hash,8192,16,hit,independent,base,3,5903.239,5903.239,1.0,5898.885,5977.173,5898.885,5977.173,overlap,595696,595696,0.0,1736,0.29142381348875934,288,13707460.0
primary,typed-bit,hash,8192,16,hit,independent,direct32,3,5903.239,5749.857,1.0266757938501774,5898.885,5977.173,5523.499,5871.623,faster,595696,597208,0.2538207407805304,3248,0.5438641143454207,0,14109020.0
primary,typed-bit,hash,8192,16,hit,independent,sub32,3,5903.239,6067.464,0.9729335023660626,5898.885,5977.173,6064.372,6086.792,slower,595696,595984,0.048346807767729594,2024,0.33960643238744664,576,13975120.0
primary,typed-bit,hash,8192,16,miss,dependent,base,3,6257.853,6257.853,1.0,6078.674,6351.969,6078.674,6351.969,overlap,595696,595696,0.0,1736,0.29142381348875934,288,13707460.0
primary,typed-bit,hash,8192,16,miss,dependent,direct32,3,6257.853,6015.849,1.04022773842894,6078.674,6351.969,5822.001,6113.159,overlap,595696,597208,0.2538207407805304,3248,0.5438641143454207,0,14109020.0
primary,typed-bit,hash,8192,16,miss,dependent,sub32,3,6257.853,6434.489,0.9725485582460395,6078.674,6351.969,6344.91,6558.024,overlap,595696,595984,0.048346807767729594,2024,0.33960643238744664,576,13975120.0
primary,typed-bit,hash,8192,16,miss,independent,base,3,6304.057,6304.057,1.0,6248.088,6320.74,6248.088,6320.74,overlap,595696,595696,0.0,1736,0.29142381348875934,288,13707460.0
primary,typed-bit,hash,8192,16,miss,independent,direct32,3,6304.057,6067.708,1.038951940337274,6248.088,6320.74,5908.508,6093.668,faster,595696,597208,0.2538207407805304,3248,0.5438641143454207,0,14109020.0
primary,typed-bit,hash,8192,16,miss,independent,sub32,3,6304.057,6408.264,0.9837386537133925,6248.088,6320.74,6314.921,6520.467,overlap,595696,595984,0.048346807767729594,2024,0.33960643238744664,576,13975120.0
primary,typed-bit,hash,8192,16,mixed,dependent,base,3,5960.876,5960.876,1.0,5919.047,6024.394,5919.047,6024.394,overlap,595696,595696,0.0,1736,0.29142381348875934,288,13707460.0
primary,typed-bit,hash,8192,16,mixed,dependent,direct32,3,5960.876,5714.763,1.0430661778974912,5919.047,6024.394,5690.206,5720.642,faster,595696,597208,0.2538207407805304,3248,0.5438641143454207,0,14109020.0
primary,typed-bit,hash,8192,16,mixed,dependent,sub32,3,5960.876,6084.554,0.9796734485387096,5919.047,6024.394,6060.526,6170.166,slower,595696,595984,0.048346807767729594,2024,0.33960643238744664,576,13975120.0
primary,typed-bit,hash,8192,16,mixed,independent,base,3,6069.641,6069.641,1.0,5961.894,6145.833,5961.894,6145.833,overlap,595696,595696,0.0,1736,0.29142381348875934,288,13707460.0
primary,typed-bit,hash,8192,16,mixed,independent,direct32,3,6069.641,5798.075,1.0468372692660926,5961.894,6145.833,5754.517,5858.154,faster,595696,597208,0.2538207407805304,3248,0.5438641143454207,0,14109020.0
primary,typed-bit,hash,8192,16,mixed,independent,sub32,3,6069.641,6224.345,0.9751453365775835,5961.894,6145.833,6163.513,6358.602,slower,595696,595984,0.048346807767729594,2024,0.33960643238744664,576,13975120.0
primary,typed-bit,structured,131072,128,hit,dependent,base,3,6983.419,6983.419,1.0,6968.648,7174.886,6968.648,7174.886,overlap,6432864,6432864,0.0,16216,0.25208056629209014,1024,159757500.0
primary,typed-bit,structured,131072,128,hit,dependent,direct32,3,6983.419,6517.965,1.0714109388436421,6968.648,7174.886,6454.895,6755.879,faster,6432864,6466808,0.5276654379759993,50160,0.775653150673408,0,160475200.0
primary,typed-bit,structured,131072,128,hit,dependent,sub32,3,6983.419,6962.85,1.0029541064363012,6968.648,7174.886,6852.051,7164.327,overlap,6432864,6433888,0.015918259736258378,17240,0.2679561720688952,2048,164568500.0
primary,typed-bit,structured,131072,128,hit,independent,base,3,6926.88,6926.88,1.0,6926.717,7015.055,6926.717,7015.055,overlap,6432864,6432864,0.0,16216,0.25208056629209014,1024,159757500.0
primary,typed-bit,structured,131072,128,hit,independent,direct32,3,6926.88,6571.919,1.054011773425692,6926.717,7015.055,6461.975,6801.351,faster,6432864,6466808,0.5276654379759993,50160,0.775653150673408,0,160475200.0
primary,typed-bit,structured,131072,128,hit,independent,sub32,3,6926.88,6926.208,1.0000970227864945,6926.717,7015.055,6863.749,7181.519,overlap,6432864,6433888,0.015918259736258378,17240,0.2679561720688952,2048,164568500.0
primary,typed-bit,structured,131072,128,miss,dependent,base,3,7154.114,7154.114,1.0,7113.403,7399.312,7113.403,7399.312,overlap,6432864,6432864,0.0,16216,0.25208056629209014,1024,159757500.0
primary,typed-bit,structured,131072,128,miss,dependent,direct32,3,7154.114,6932.963,1.0318984826545303,7113.403,7399.312,6807.536,7196.574,overlap,6432864,6466808,0.5276654379759993,50160,0.775653150673408,0,160475200.0
primary,typed-bit,structured,131072,128,miss,dependent,sub32,3,7154.114,7224.325,0.9902813065580521,7113.403,7399.312,7146.444,7385.071,overlap,6432864,6433888,0.015918259736258378,17240,0.2679561720688952,2048,164568500.0
primary,typed-bit,structured,131072,128,miss,independent,base,3,7339.783,7339.783,1.0,7168.701,7355.754,7168.701,7355.754,overlap,6432864,6432864,0.0,16216,0.25208056629209014,1024,159757500.0
primary,typed-bit,structured,131072,128,miss,independent,direct32,3,7339.783,6957.784,1.0549023942105706,7168.701,7355.754,6873.271,7099.243,faster,6432864,6466808,0.5276654379759993,50160,0.775653150673408,0,160475200.0
primary,typed-bit,structured,131072,128,miss,independent,sub32,3,7339.783,7342.896,0.9995760528271135,7168.701,7355.754,7191.976,7391.703,overlap,6432864,6433888,0.015918259736258378,17240,0.2679561720688952,2048,164568500.0
primary,typed-bit,structured,131072,128,mixed,dependent,base,3,7164.856,7164.856,1.0,7016.683,7307.739,7016.683,7307.739,overlap,6432864,6432864,0.0,16216,0.25208056629209014,1024,159757500.0
primary,typed-bit,structured,131072,128,mixed,dependent,direct32,3,7164.856,6560.913,1.0920516702477232,7016.683,7307.739,6552.836,6736.287,faster,6432864,6466808,0.5276654379759993,50160,0.775653150673408,0,160475200.0
primary,typed-bit,structured,131072,128,mixed,dependent,sub32,3,7164.856,7052.267,1.0159649372322404,7016.683,7307.739,7010.539,7169.148,overlap,6432864,6433888,0.015918259736258378,17240,0.2679561720688952,2048,164568500.0
primary,typed-bit,structured,131072,128,mixed,independent,base,3,7097.636,7097.636,1.0,7007.71,7100.22,7007.71,7100.22,overlap,6432864,6432864,0.0,16216,0.25208056629209014,1024,159757500.0
primary,typed-bit,structured,131072,128,mixed,independent,direct32,3,7097.636,6724.182,1.0555389488267868,7007.71,7100.22,6596.883,6744.263,faster,6432864,6466808,0.5276654379759993,50160,0.775653150673408,0,160475200.0
primary,typed-bit,structured,131072,128,mixed,independent,sub32,3,7097.636,7027.486,1.0099822326220216,7007.71,7100.22,6999.166,7292.114,overlap,6432864,6433888,0.015918259736258378,17240,0.2679561720688952,2048,164568500.0
primary,typed-bit,structured,131072,16,hit,dependent,base,3,6946.98,6946.98,1.0,6679.586,6958.435,6679.586,6958.435,overlap,6422208,6422208,0.0,16160,0.25162685481379615,1024,155550400.0
primary,typed-bit,structured,131072,16,hit,dependent,direct32,3,6946.98,6460.958,1.0752244481391149,6679.586,6958.435,6379.17,6540.161,faster,6422208,6456208,0.5294129371082423,50160,0.7769266417686667,0,153921600.0
primary,typed-bit,structured,131072,16,hit,dependent,sub32,3,6946.98,6898.254,1.0070635265097516,6679.586,6958.435,6869.324,6964.681,overlap,6422208,6423232,0.015944671988199488,17184,0.2675288702011698,2048,154180300.0
primary,typed-bit,structured,131072,16,hit,independent,base,3,6856.262,6856.262,1.0,6723.917,7047.709,6723.917,7047.709,overlap,6422208,6422208,0.0,16160,0.25162685481379615,1024,155550400.0
primary,typed-bit,structured,131072,16,hit,independent,direct32,3,6856.262,6524.455,1.0508558952433575,6723.917,7047.709,6415.548,6557.719,faster,6422208,6456208,0.5294129371082423,50160,0.7769266417686667,0,153921600.0
primary,typed-bit,structured,131072,16,hit,independent,sub32,3,6856.262,6980.0,0.9822724928366762,6723.917,7047.709,6924.52,6996.867,overlap,6422208,6423232,0.015944671988199488,17184,0.2675288702011698,2048,154180300.0
primary,typed-bit,structured,131072,16,miss,dependent,base,3,7176.636,7176.636,1.0,7047.893,7247.701,7047.893,7247.701,overlap,6422208,6422208,0.0,16160,0.25162685481379615,1024,155550400.0
primary,typed-bit,structured,131072,16,miss,dependent,direct32,3,7176.636,6773.193,1.059564669130202,7047.893,7247.701,6762.817,6894.206,faster,6422208,6456208,0.5294129371082423,50160,0.7769266417686667,0,153921600.0
primary,typed-bit,structured,131072,16,miss,dependent,sub32,3,7176.636,7180.155,0.9995098991595587,7047.893,7247.701,7119.019,7316.162,overlap,6422208,6423232,0.015944671988199488,17184,0.2675288702011698,2048,154180300.0
primary,typed-bit,structured,131072,16,miss,independent,base,3,7241.557,7241.557,1.0,7142.66,7261.515,7142.66,7261.515,overlap,6422208,6422208,0.0,16160,0.25162685481379615,1024,155550400.0
primary,typed-bit,structured,131072,16,miss,independent,direct32,3,7241.557,6812.703,1.0629491701017935,7142.66,7261.515,6738.912,6818.38,faster,6422208,6456208,0.5294129371082423,50160,0.7769266417686667,0,153921600.0
primary,typed-bit,structured,131072,16,miss,independent,sub32,3,7241.557,7254.883,0.9981631681723881,7142.66,7261.515,7192.708,7492.899,overlap,6422208,6423232,0.015944671988199488,17184,0.2675288702011698,2048,154180300.0
primary,typed-bit,structured,131072,16,mixed,dependent,base,3,7017.069,7017.069,1.0,6954.793,7031.819,6954.793,7031.819,overlap,6422208,6422208,0.0,16160,0.25162685481379615,1024,155550400.0
primary,typed-bit,structured,131072,16,mixed,dependent,direct32,3,7017.069,6609.009,1.0617429935410891,6954.793,7031.819,6570.699,6649.231,faster,6422208,6456208,0.5294129371082423,50160,0.7769266417686667,0,153921600.0
primary,typed-bit,structured,131072,16,mixed,dependent,sub32,3,7017.069,6900.004,1.0169659321936626,6954.793,7031.819,6735.759,6984.843,overlap,6422208,6423232,0.015944671988199488,17184,0.2675288702011698,2048,154180300.0
primary,typed-bit,structured,131072,16,mixed,independent,base,3,7181.03,7181.03,1.0,6943.339,7198.527,6943.339,7198.527,overlap,6422208,6422208,0.0,16160,0.25162685481379615,1024,155550400.0
primary,typed-bit,structured,131072,16,mixed,independent,direct32,3,7181.03,6623.271,1.0842120154829842,6943.339,7198.527,6546.834,6703.45,faster,6422208,6456208,0.5294129371082423,50160,0.7769266417686667,0,153921600.0
primary,typed-bit,structured,131072,16,mixed,independent,sub32,3,7181.03,7037.72,1.0203631289679043,6943.339,7198.527,6889.546,7084.188,overlap,6422208,6423232,0.015944671988199488,17184,0.2675288702011698,2048,154180300.0
primary,typed-bit,structured,8192,128,hit,dependent,base,3,6210.836,6210.836,1.0,6192.485,6272.196,6192.485,6272.196,overlap,408032,408032,0.0,1392,0.34114971374794134,288,12325210.0
primary,typed-bit,structured,8192,128,hit,dependent,direct32,3,6210.836,5874.675,1.0572220590926307,6192.485,6272.196,5795.451,5918.844,faster,408032,409888,0.45486628499724624,3248,0.7924115856038723,0,12468660.0
primary,typed-bit,structured,8192,128,hit,dependent,sub32,3,6210.836,6192.912,1.0028942765535827,6192.485,6272.196,6159.627,6371.928,overlap,408032,408320,0.07058269939612671,1680,0.4114420062695925,576,12624460.0
primary,typed-bit,structured,8192,128,hit,independent,base,3,6233.174,6233.174,1.0,6110.84,6241.679,6110.84,6241.679,overlap,408032,408032,0.0,1392,0.34114971374794134,288,12325210.0
primary,typed-bit,structured,8192,128,hit,independent,direct32,3,6233.174,5915.222,1.0537514906456598,6110.84,6241.679,5883.159,5958.618,faster,408032,409888,0.45486628499724624,3248,0.7924115856038723,0,12468660.0
primary,typed-bit,structured,8192,128,hit,independent,sub32,3,6233.174,6183.146,1.0080910268009198,6110.84,6241.679,6171.224,6257.263,overlap,408032,408320,0.07058269939612671,1680,0.4114420062695925,576,12624460.0
primary,typed-bit,structured,8192,128,miss,dependent,base,3,6502.36,6502.36,1.0,6360.514,6536.865,6360.514,6536.865,overlap,408032,408032,0.0,1392,0.34114971374794134,288,12325210.0
primary,typed-bit,structured,8192,128,miss,dependent,direct32,3,6502.36,6255.29,1.0394977690882437,6360.514,6536.865,6139.201,6271.179,faster,408032,409888,0.45486628499724624,3248,0.7924115856038723,0,12468660.0
primary,typed-bit,structured,8192,128,miss,dependent,sub32,3,6502.36,6542.562,0.9938553123378884,6360.514,6536.865,6486.348,6558.655,overlap,408032,408320,0.07058269939612671,1680,0.4114420062695925,576,12624460.0
primary,typed-bit,structured,8192,128,miss,independent,base,3,6568.787,6568.787,1.0,6461.08,6664.307,6461.08,6664.307,overlap,408032,408032,0.0,1392,0.34114971374794134,288,12325210.0
primary,typed-bit,structured,8192,128,miss,independent,direct32,3,6568.787,6240.112,1.052671330258175,6461.08,6664.307,6222.087,6285.095,faster,408032,409888,0.45486628499724624,3248,0.7924115856038723,0,12468660.0
primary,typed-bit,structured,8192,128,miss,independent,sub32,3,6568.787,6431.132,1.021404474360035,6461.08,6664.307,6388.489,6625.549,overlap,408032,408320,0.07058269939612671,1680,0.4114420062695925,576,12624460.0
primary,typed-bit,structured,8192,128,mixed,dependent,base,3,6273.071,6273.071,1.0,6125.793,6416.605,6125.793,6416.605,overlap,408032,408032,0.0,1392,0.34114971374794134,288,12325210.0
primary,typed-bit,structured,8192,128,mixed,dependent,direct32,3,6273.071,5974.589,1.0499585829251183,6125.793,6416.605,5901.53,5993.998,faster,408032,409888,0.45486628499724624,3248,0.7924115856038723,0,12468660.0
primary,typed-bit,structured,8192,128,mixed,dependent,sub32,3,6273.071,6344.238,0.9887824195750538,6125.793,6416.605,6305.949,6405.253,overlap,408032,408320,0.07058269939612671,1680,0.4114420062695925,576,12624460.0
primary,typed-bit,structured,8192,128,mixed,independent,base,3,6384.074,6384.074,1.0,6237.427,6418.945,6237.427,6418.945,overlap,408032,408032,0.0,1392,0.34114971374794134,288,12325210.0
primary,typed-bit,structured,8192,128,mixed,independent,direct32,3,6384.074,5979.208,1.067712312399903,6237.427,6418.945,5893.758,5988.403,faster,408032,409888,0.45486628499724624,3248,0.7924115856038723,0,12468660.0
primary,typed-bit,structured,8192,128,mixed,independent,sub32,3,6384.074,6419.8,0.9944350291286332,6237.427,6418.945,6250.814,6485.413,overlap,408032,408320,0.07058269939612671,1680,0.4114420062695925,576,12624460.0
primary,typed-bit,structured,8192,16,hit,dependent,base,3,6001.14,6001.14,1.0,5925.883,6141.785,5925.883,6141.785,overlap,406320,406320,0.0,1392,0.34258712344949793,288,12061420.0
primary,typed-bit,structured,8192,16,hit,dependent,direct32,3,6001.14,5620.28,1.067765307066552,5925.883,6141.785,5618.978,5782.857,faster,406320,408176,0.4567828312660005,3248,0.7957351730626004,0,12225870.0
primary,typed-bit,structured,8192,16,hit,dependent,sub32,3,6001.14,6067.729,0.9890257129149967,5925.883,6141.785,5973.796,6204.488,overlap,406320,406608,0.07088009450679778,1680,0.41317435957974263,576,12090790.0
primary,typed-bit,structured,8192,16,hit,independent,base,3,6075.847,6075.847,1.0,6025.085,6259.745,6025.085,6259.745,overlap,406320,406320,0.0,1392,0.34258712344949793,288,12061420.0
primary,typed-bit,structured,8192,16,hit,independent,direct32,3,6075.847,5730.794,1.0602103303660888,6025.085,6259.745,5725.647,5938.517,faster,406320,408176,0.4567828312660005,3248,0.7957351730626004,0,12225870.0
primary,typed-bit,structured,8192,16,hit,independent,sub32,3,6075.847,6281.921,0.9671957033525254,6025.085,6259.745,6147.562,6290.69,overlap,406320,406608,0.07088009450679778,1680,0.41317435957974263,576,12090790.0
primary,typed-bit,structured,8192,16,miss,dependent,base,3,6278.849,6278.849,1.0,6248.982,6754.537,6248.982,6754.537,overlap,406320,406320,0.0,1392,0.34258712344949793,288,12061420.0
primary,typed-bit,structured,8192,16,miss,dependent,direct32,3,6278.849,5995.504,1.047259579845164,6248.982,6754.537,5967.957,6058.228,faster,406320,408176,0.4567828312660005,3248,0.7957351730626004,0,12225870.0
primary,typed-bit,structured,8192,16,miss,dependent,sub32,3,6278.849,6438.395,0.9752196005370903,6248.982,6754.537,6234.273,6491.312,overlap,406320,406608,0.07088009450679778,1680,0.41317435957974263,576,12090790.0
primary,typed-bit,structured,8192,16,miss,independent,base,3,6332.621,6332.621,1.0,6274.475,6689.168,6274.475,6689.168,overlap,406320,406320,0.0,1392,0.34258712344949793,288,12061420.0
primary,typed-bit,structured,8192,16,miss,independent,direct32,3,6332.621,5999.064,1.0556015071684515,6274.475,6689.168,5986.145,6265.89,faster,406320,408176,0.4567828312660005,3248,0.7957351730626004,0,12225870.0
primary,typed-bit,structured,8192,16,miss,independent,sub32,3,6332.621,6501.404,0.9740389921930709,6274.475,6689.168,6323.71,6591.756,overlap,406320,406608,0.07088009450679778,1680,0.41317435957974263,576,12090790.0
primary,typed-bit,structured,8192,16,mixed,dependent,base,3,6071.818,6071.818,1.0,5920.227,6230.286,5920.227,6230.286,overlap,406320,406320,0.0,1392,0.34258712344949793,288,12061420.0
primary,typed-bit,structured,8192,16,mixed,dependent,direct32,3,6071.818,5771.973,1.051948441200262,5920.227,6230.286,5718.465,5910.848,faster,406320,408176,0.4567828312660005,3248,0.7957351730626004,0,12225870.0
primary,typed-bit,structured,8192,16,mixed,dependent,sub32,3,6071.818,6177.877,0.982832451989575,5920.227,6230.286,6137.675,6302.022,overlap,406320,406608,0.07088009450679778,1680,0.41317435957974263,576,12090790.0
primary,typed-bit,structured,8192,16,mixed,independent,base,3,6206.034,6206.034,1.0,6093.729,6430.013,6093.729,6430.013,overlap,406320,406320,0.0,1392,0.34258712344949793,288,12061420.0
primary,typed-bit,structured,8192,16,mixed,independent,direct32,3,6206.034,5880.839,1.0552973818871763,6093.729,6430.013,5840.21,5956.889,faster,406320,408176,0.4567828312660005,3248,0.7957351730626004,0,12225870.0
primary,typed-bit,structured,8192,16,mixed,independent,sub32,3,6206.034,6292.847,0.9862044953579834,6093.729,6430.013,6233.073,6386.515,overlap,406320,406608,0.07088009450679778,1680,0.41317435957974263,576,12090790.0
primary,typed-byte,hash,131072,128,hit,dependent,base,3,3921.529,3921.529,1.0,3858.317,4199.788,3858.317,4199.788,overlap,30321360,30321360,0.0,21792,0.0718701271974608,1024,188768100.0
primary,typed-byte,hash,131072,128,hit,dependent,direct32,3,3921.529,3492.615,1.1228059777559223,3858.317,4199.788,3264.791,3645.589,faster,30321360,30349728,0.0935578087526423,50160,0.16527330986294178,0,182110200.0
primary,typed-byte,hash,131072,128,hit,dependent,sub32,3,3921.529,3906.087,1.0039533169640102,3858.317,4199.788,3812.927,4226.787,overlap,30321360,30322384,0.003377157225137317,22816,0.07524474328931392,2048,183939000.0
primary,typed-byte,hash,131072,128,hit,independent,base,3,4064.596,4064.596,1.0,3947.103,4218.994,3947.103,4218.994,overlap,30321360,30321360,0.0,21792,0.0718701271974608,1024,188768100.0
primary,typed-byte,hash,131072,128,hit,independent,direct32,3,4064.596,3542.114,1.1475056985743541,3947.103,4218.994,3458.659,3718.059,faster,30321360,30349728,0.0935578087526423,50160,0.16527330986294178,0,182110200.0
primary,typed-byte,hash,131072,128,hit,independent,sub32,3,4064.596,4040.751,1.005901130755149,3947.103,4218.994,3793.172,4388.814,overlap,30321360,30322384,0.003377157225137317,22816,0.07524474328931392,2048,183939000.0
primary,typed-byte,hash,131072,128,miss,dependent,base,3,4090.718,4090.718,1.0,4013.835,4367.493,4013.835,4367.493,overlap,30321360,30321360,0.0,21792,0.0718701271974608,1024,188768100.0
primary,typed-byte,hash,131072,128,miss,dependent,direct32,3,4090.718,3572.042,1.1452043397026126,4013.835,4367.493,3528.259,3946.655,faster,30321360,30349728,0.0935578087526423,50160,0.16527330986294178,0,182110200.0
primary,typed-byte,hash,131072,128,miss,dependent,sub32,3,4090.718,4020.67,1.0174219719598971,4013.835,4367.493,3997.274,4116.943,overlap,30321360,30322384,0.003377157225137317,22816,0.07524474328931392,2048,183939000.0
primary,typed-byte,hash,131072,128,miss,independent,base,3,4330.627,4330.627,1.0,4229.024,4526.631,4229.024,4526.631,overlap,30321360,30321360,0.0,21792,0.0718701271974608,1024,188768100.0
primary,typed-byte,hash,131072,128,miss,independent,direct32,3,4330.627,3788.147,1.1432045799701016,4229.024,4526.631,3671.956,4009.399,faster,30321360,30349728,0.0935578087526423,50160,0.16527330986294178,0,182110200.0
primary,typed-byte,hash,131072,128,miss,independent,sub32,3,4330.627,4272.909,1.0135078935685269,4229.024,4526.631,4073.1,4359.232,overlap,30321360,30322384,0.003377157225137317,22816,0.07524474328931392,2048,183939000.0
primary,typed-byte,hash,131072,128,mixed,dependent,base,3,3917.358,3917.358,1.0,3815.511,4285.706,3815.511,4285.706,overlap,30321360,30321360,0.0,21792,0.0718701271974608,1024,188768100.0
primary,typed-byte,hash,131072,128,mixed,dependent,direct32,3,3917.358,3471.211,1.1285277673987553,3815.511,4285.706,3383.626,3472.27,faster,30321360,30349728,0.0935578087526423,50160,0.16527330986294178,0,182110200.0
primary,typed-byte,hash,131072,128,mixed,dependent,sub32,3,3917.358,3818.298,1.0259434962907559,3815.511,4285.706,3810.018,3837.585,overlap,30321360,30322384,0.003377157225137317,22816,0.07524474328931392,2048,183939000.0
primary,typed-byte,hash,131072,128,mixed,independent,base,3,3919.82,3919.82,1.0,3703.593,4039.978,3703.593,4039.978,overlap,30321360,30321360,0.0,21792,0.0718701271974608,1024,188768100.0
primary,typed-byte,hash,131072,128,mixed,independent,direct32,3,3919.82,3391.256,1.1558608374006565,3703.593,4039.978,3315.755,3696.919,faster,30321360,30349728,0.0935578087526423,50160,0.16527330986294178,0,182110200.0
primary,typed-byte,hash,131072,128,mixed,independent,sub32,3,3919.82,3962.179,0.9893091654869707,3703.593,4039.978,3853.821,4101.909,overlap,30321360,30322384,0.003377157225137317,22816,0.07524474328931392,2048,183939000.0
primary,typed-byte,hash,131072,16,hit,dependent,base,3,3459.127,3459.127,1.0,3310.872,3604.452,3310.872,3604.452,overlap,9301232,9301232,0.0,18992,0.2041880043417904,1024,88226000.0
primary,typed-byte,hash,131072,16,hit,dependent,direct32,3,3459.127,3015.421,1.1471456224520558,3310.872,3604.452,2911.234,3040.182,faster,9301232,9332400,0.3350953938144885,50160,0.5374823196605375,0,90385900.0
primary,typed-byte,hash,131072,16,hit,dependent,sub32,3,3459.127,3544.169,0.9760050945651858,3310.872,3604.452,3379.008,3594.36,overlap,9301232,9302256,0.011009294252639634,20016,0.21517360949859904,2048,88419800.0
primary,typed-byte,hash,131072,16,hit,independent,base,3,3436.035,3436.035,1.0,3327.799,3583.191,3327.799,3583.191,overlap,9301232,9301232,0.0,18992,0.2041880043417904,1024,88226000.0
primary,typed-byte,hash,131072,16,hit,independent,direct32,3,3436.035,3139.526,1.0944438746485934,3327.799,3583.191,2997.6,3268.372,faster,9301232,9332400,0.3350953938144885,50160,0.5374823196605375,0,90385900.0
primary,typed-byte,hash,131072,16,hit,independent,sub32,3,3436.035,3276.205,1.0487851034962707,3327.799,3583.191,3275.33,3508.85,overlap,9301232,9302256,0.011009294252639634,20016,0.21517360949859904,2048,88419800.0
primary,typed-byte,hash,131072,16,miss,dependent,base,3,3595.947,3595.947,1.0,3511.047,3728.17,3511.047,3728.17,overlap,9301232,9301232,0.0,18992,0.2041880043417904,1024,88226000.0
primary,typed-byte,hash,131072,16,miss,dependent,direct32,3,3595.947,3204.753,1.122066817629939,3511.047,3728.17,3078.715,3386.21,faster,9301232,9332400,0.3350953938144885,50160,0.5374823196605375,0,90385900.0
primary,typed-byte,hash,131072,16,miss,dependent,sub32,3,3595.947,3556.254,1.0111614637199706,3511.047,3728.17,3501.383,3767.721,overlap,9301232,9302256,0.011009294252639634,20016,0.21517360949859904,2048,88419800.0
primary,typed-byte,hash,131072,16,miss,independent,base,3,3651.489,3651.489,1.0,3649.74,3966.553,3649.74,3966.553,overlap,9301232,9301232,0.0,18992,0.2041880043417904,1024,88226000.0
primary,typed-byte,hash,131072,16,miss,independent,direct32,3,3651.489,3196.004,1.1425170306420143,3649.74,3966.553,3094.482,3286.357,faster,9301232,9332400,0.3350953938144885,50160,0.5374823196605375,0,90385900.0
primary,typed-byte,hash,131072,16,miss,independent,sub32,3,3651.489,3662.272,0.9970556528843297,3649.74,3966.553,3637.655,3672.872,overlap,9301232,9302256,0.011009294252639634,20016,0.21517360949859904,2048,88419800.0
primary,typed-byte,hash,131072,16,mixed,dependent,base,3,3474.609,3474.609,1.0,3470.195,3626.018,3470.195,3626.018,overlap,9301232,9301232,0.0,18992,0.2041880043417904,1024,88226000.0
primary,typed-byte,hash,131072,16,mixed,dependent,direct32,3,3474.609,3028.158,1.147433192059331,3470.195,3626.018,2945.027,3103.312,faster,9301232,9332400,0.3350953938144885,50160,0.5374823196605375,0,90385900.0
primary,typed-byte,hash,131072,16,mixed,dependent,sub32,3,3474.609,3339.193,1.0405535109830428,3470.195,3626.018,3301.29,3485.962,overlap,9301232,9302256,0.011009294252639634,20016,0.21517360949859904,2048,88419800.0
primary,typed-byte,hash,131072,16,mixed,independent,base,3,3533.346,3533.346,1.0,3518.799,3566.732,3518.799,3566.732,overlap,9301232,9301232,0.0,18992,0.2041880043417904,1024,88226000.0
primary,typed-byte,hash,131072,16,mixed,independent,direct32,3,3533.346,3075.806,1.1487545053231576,3518.799,3566.732,2969.869,3190.063,faster,9301232,9332400,0.3350953938144885,50160,0.5374823196605375,0,90385900.0
primary,typed-byte,hash,131072,16,mixed,independent,sub32,3,3533.346,3456.055,1.0223639380739022,3518.799,3566.732,3388.021,3524.271,overlap,9301232,9302256,0.011009294252639634,20016,0.21517360949859904,2048,88419800.0
primary,typed-byte,hash,8192,128,hit,dependent,base,3,3124.654,3124.654,1.0,3091.736,3177.144,3091.736,3177.144,overlap,1907728,1907728,0.0,1736,0.09099829745120898,288,13016820.0
primary,typed-byte,hash,8192,128,hit,dependent,direct32,3,3124.654,2869.73,1.0888320504019542,3091.736,3177.144,2865.784,3028.91,faster,1907728,1909240,0.07925658165104377,3248,0.17012004776769815,0,14027250.0
primary,typed-byte,hash,8192,128,hit,dependent,sub32,3,3124.654,3208.578,0.9738438647899474,3091.736,3177.144,3118.001,3237.508,overlap,1907728,1908016,0.015096491743049612,2024,0.10607877502075454,576,12969450.0
primary,typed-byte,hash,8192,128,hit,independent,base,3,3051.453,3051.453,1.0,3025.879,3218.16,3025.879,3218.16,overlap,1907728,1907728,0.0,1736,0.09099829745120898,288,13016820.0
primary,typed-byte,hash,8192,128,hit,independent,direct32,3,3051.453,2849.101,1.0710231051830033,3025.879,3218.16,2819.071,3012.024,faster,1907728,1909240,0.07925658165104377,3248,0.17012004776769815,0,14027250.0
primary,typed-byte,hash,8192,128,hit,independent,sub32,3,3051.453,3101.929,0.9837275450211788,3025.879,3218.16,3100.261,3168.681,overlap,1907728,1908016,0.015096491743049612,2024,0.10607877502075454,576,12969450.0
primary,typed-byte,hash,8192,128,miss,dependent,base,3,3216.064,3216.064,1.0,3168.844,3357.402,3168.844,3357.402,overlap,1907728,1907728,0.0,1736,0.09099829745120898,288,13016820.0
primary,typed-byte,hash,8192,128,miss,dependent,direct32,3,3216.064,2990.458,1.075441955713807,3168.844,3357.402,2925.558,3196.574,overlap,1907728,1909240,0.07925658165104377,3248,0.17012004776769815,0,14027250.0
primary,typed-byte,hash,8192,128,miss,dependent,sub32,3,3216.064,3269.104,0.9837753708661456,3168.844,3357.402,3186.951,3279.927,overlap,1907728,1908016,0.015096491743049612,2024,0.10607877502075454,576,12969450.0
primary,typed-byte,hash,8192,128,miss,independent,base,3,3210.327,3210.327,1.0,3131.653,3232.035,3131.653,3232.035,overlap,1907728,1907728,0.0,1736,0.09099829745120898,288,13016820.0
primary,typed-byte,hash,8192,128,miss,independent,direct32,3,3210.327,3052.165,1.0518196100145307,3131.653,3232.035,2990.946,3105.347,faster,1907728,1909240,0.07925658165104377,3248,0.17012004776769815,0,14027250.0
primary,typed-byte,hash,8192,128,miss,independent,sub32,3,3210.327,3329.407,0.9642338710767413,3131.653,3232.035,3230.388,3330.831,overlap,1907728,1908016,0.015096491743049612,2024,0.10607877502075454,576,12969450.0
primary,typed-byte,hash,8192,128,mixed,dependent,base,3,3043.05,3043.05,1.0,3030.375,3127.93,3030.375,3127.93,overlap,1907728,1907728,0.0,1736,0.09099829745120898,288,13016820.0
primary,typed-byte,hash,8192,128,mixed,dependent,direct32,3,3043.05,2923.971,1.0407250961107344,3030.375,3127.93,2843.16,3067.261,overlap,1907728,1909240,0.07925658165104377,3248,0.17012004776769815,0,14027250.0
primary,typed-byte,hash,8192,128,mixed,dependent,sub32,3,3043.05,3222.859,0.9442082325041214,3030.375,3127.93,3093.038,3267.09,overlap,1907728,1908016,0.015096491743049612,2024,0.10607877502075454,576,12969450.0
primary,typed-byte,hash,8192,128,mixed,independent,base,3,3100.606,3100.606,1.0,3081.889,3185.73,3081.889,3185.73,overlap,1907728,1907728,0.0,1736,0.09099829745120898,288,13016820.0
primary,typed-byte,hash,8192,128,mixed,independent,direct32,3,3100.606,2863.668,1.0827393398955465,3081.889,3185.73,2843.058,3072.754,faster,1907728,1909240,0.07925658165104377,3248,0.17012004776769815,0,14027250.0
primary,typed-byte,hash,8192,128,mixed,independent,sub32,3,3100.606,3147.136,0.9852151289299224,3081.889,3185.73,3121.378,3205.831,overlap,1907728,1908016,0.015096491743049612,2024,0.10607877502075454,576,12969450.0
primary,typed-byte,hash,8192,16,hit,dependent,base,3,2764.404,2764.404,1.0,2743.591,2818.604,2743.591,2818.604,overlap,591496,591496,0.0,1576,0.26644305286933473,288,8375040.0
primary,typed-byte,hash,8192,16,hit,dependent,direct32,3,2764.404,2540.812,1.0880002141047822,2743.591,2818.604,2437.622,2569.478,faster,591496,593168,0.2826730865466587,3248,0.547568311169854,0,8458550.0
primary,typed-byte,hash,8192,16,hit,dependent,sub32,3,2764.404,2753.438,1.0039826573178694,2743.591,2818.604,2745.442,2825.887,overlap,591496,591784,0.04869010103196736,1864,0.3149797899233504,576,8349840.0
primary,typed-byte,hash,8192,16,hit,independent,base,3,2774.089,2774.089,1.0,2699.341,2802.551,2699.341,2802.551,overlap,591496,591496,0.0,1576,0.26644305286933473,288,8375040.0
primary,typed-byte,hash,8192,16,hit,independent,direct32,3,2774.089,2547.404,1.0889866703514637,2699.341,2802.551,2542.135,2618.49,faster,591496,593168,0.2826730865466587,3248,0.547568311169854,0,8458550.0
primary,typed-byte,hash,8192,16,hit,independent,sub32,3,2774.089,2750.773,1.0084761628822152,2699.341,2802.551,2722.86,2807.169,overlap,591496,591784,0.04869010103196736,1864,0.3149797899233504,576,8349840.0
primary,typed-byte,hash,8192,16,miss,dependent,base,3,2908.773,2908.773,1.0,2878.825,2982.829,2878.825,2982.829,overlap,591496,591496,0.0,1576,0.26644305286933473,288,8375040.0
primary,typed-byte,hash,8192,16,miss,dependent,direct32,3,2908.773,2680.298,1.085242387227092,2878.825,2982.829,2562.012,2807.454,faster,591496,593168,0.2826730865466587,3248,0.547568311169854,0,8458550.0
primary,typed-byte,hash,8192,16,miss,dependent,sub32,3,2908.773,2890.36,1.0063704867213772,2878.825,2982.829,2862.528,2937.704,overlap,591496,591784,0.04869010103196736,1864,0.3149797899233504,576,8349840.0
primary,typed-byte,hash,8192,16,miss,independent,base,3,2871.277,2871.277,1.0,2812.093,2889.547,2812.093,2889.547,overlap,591496,591496,0.0,1576,0.26644305286933473,288,8375040.0
primary,typed-byte,hash,8192,16,miss,independent,direct32,3,2871.277,2690.979,1.0670008944700053,2812.093,2889.547,2596.333,2717.468,faster,591496,593168,0.2826730865466587,3248,0.547568311169854,0,8458550.0
primary,typed-byte,hash,8192,16,miss,independent,sub32,3,2871.277,2851.909,1.006791240533972,2812.093,2889.547,2838.338,2956.991,overlap,591496,591784,0.04869010103196736,1864,0.3149797899233504,576,8349840.0
primary,typed-byte,hash,8192,16,mixed,dependent,base,3,2767.415,2767.415,1.0,2765.177,2850.851,2765.177,2850.851,overlap,591496,591496,0.0,1576,0.26644305286933473,288,8375040.0
primary,typed-byte,hash,8192,16,mixed,dependent,direct32,3,2767.415,2577.738,1.0735827302852345,2765.177,2850.851,2507.263,2702.372,faster,591496,593168,0.2826730865466587,3248,0.547568311169854,0,8458550.0
primary,typed-byte,hash,8192,16,mixed,dependent,sub32,3,2767.415,2787.822,0.9926799487198249,2765.177,2850.851,2756.368,2799.032,overlap,591496,591784,0.04869010103196736,1864,0.3149797899233504,576,8349840.0
primary,typed-byte,hash,8192,16,mixed,independent,base,3,2845.642,2845.642,1.0,2799.622,2885.559,2799.622,2885.559,overlap,591496,591496,0.0,1576,0.26644305286933473,288,8375040.0
primary,typed-byte,hash,8192,16,mixed,independent,direct32,3,2845.642,2596.354,1.0960146420711505,2799.622,2885.559,2589.966,2604.98,faster,591496,593168,0.2826730865466587,3248,0.547568311169854,0,8458550.0
primary,typed-byte,hash,8192,16,mixed,independent,sub32,3,2845.642,2811.503,1.0121426155333997,2799.622,2885.559,2791.829,2845.032,overlap,591496,591784,0.04869010103196736,1864,0.3149797899233504,576,8349840.0
primary,typed-byte,structured,131072,128,hit,dependent,base,3,3367.106,3367.106,1.0,3274.028,3378.967,3274.028,3378.967,overlap,6763584,6763584,0.0,18160,0.2684967023400611,1024,77252600.0
primary,typed-byte,structured,131072,128,hit,dependent,direct32,3,3367.106,2994.995,1.1242442808752604,3274.028,3378.967,2888.733,3046.753,faster,6763584,6795584,0.4731219424494393,50160,0.7381264067959428,0,78285300.0
primary,typed-byte,structured,131072,128,hit,dependent,sub32,3,3367.106,3294.332,1.0220906696714236,3274.028,3378.967,3158.203,3439.636,overlap,6763584,6764608,0.015139902158378682,19184,0.2835936686944757,2048,80166600.0
primary,typed-byte,structured,131072,128,hit,independent,base,3,3463.806,3463.806,1.0,3327.86,3560.404,3327.86,3560.404,overlap,6763584,6763584,0.0,18160,0.2684967023400611,1024,77252600.0
primary,typed-byte,structured,131072,128,hit,independent,direct32,3,3463.806,3013.102,1.1495813948548705,3327.86,3560.404,2877.116,3024.251,faster,6763584,6795584,0.4731219424494393,50160,0.7381264067959428,0,78285300.0
primary,typed-byte,structured,131072,128,hit,independent,sub32,3,3463.806,3276.794,1.0570716377044147,3327.86,3560.404,3243.713,3372.253,overlap,6763584,6764608,0.015139902158378682,19184,0.2835936686944757,2048,80166600.0
primary,typed-byte,structured,131072,128,miss,dependent,base,3,3378.601,3378.601,1.0,3242.94,3460.632,3242.94,3460.632,overlap,6763584,6763584,0.0,18160,0.2684967023400611,1024,77252600.0
primary,typed-byte,structured,131072,128,miss,dependent,direct32,3,3378.601,2992.96,1.1288493665134183,3242.94,3460.632,2968.852,3016.154,faster,6763584,6795584,0.4731219424494393,50160,0.7381264067959428,0,78285300.0
primary,typed-byte,structured,131072,128,miss,dependent,sub32,3,3378.601,3374.776,1.0011334085580792,3242.94,3460.632,3278.239,3561.666,overlap,6763584,6764608,0.015139902158378682,19184,0.2835936686944757,2048,80166600.0
primary,typed-byte,structured,131072,128,miss,independent,base,3,3418.884,3418.884,1.0,3413.676,3539.246,3413.676,3539.246,overlap,6763584,6763584,0.0,18160,0.2684967023400611,1024,77252600.0
primary,typed-byte,structured,131072,128,miss,independent,direct32,3,3418.884,3080.77,1.1097498352684556,3413.676,3539.246,3053.772,3087.749,faster,6763584,6795584,0.4731219424494393,50160,0.7381264067959428,0,78285300.0
primary,typed-byte,structured,131072,128,miss,independent,sub32,3,3418.884,3371.765,1.0139745800789794,3413.676,3539.246,3278.279,3457.5,overlap,6763584,6764608,0.015139902158378682,19184,0.2835936686944757,2048,80166600.0
primary,typed-byte,structured,131072,128,mixed,dependent,base,3,3348.795,3348.795,1.0,3311.544,3429.037,3311.544,3429.037,overlap,6763584,6763584,0.0,18160,0.2684967023400611,1024,77252600.0
primary,typed-byte,structured,131072,128,mixed,dependent,direct32,3,3348.795,2943.319,1.1377614862677135,3311.544,3429.037,2898.6,3225.79,faster,6763584,6795584,0.4731219424494393,50160,0.7381264067959428,0,78285300.0
primary,typed-byte,structured,131072,128,mixed,dependent,sub32,3,3348.795,3346.517,1.000680707732846,3311.544,3429.037,3340.495,3359.66,overlap,6763584,6764608,0.015139902158378682,19184,0.2835936686944757,2048,80166600.0
primary,typed-byte,structured,131072,128,mixed,independent,base,3,3281.657,3281.657,1.0,3271.932,3371.5,3271.932,3371.5,overlap,6763584,6763584,0.0,18160,0.2684967023400611,1024,77252600.0
primary,typed-byte,structured,131072,128,mixed,independent,direct32,3,3281.657,2909.648,1.1278536097837264,3271.932,3371.5,2888.306,2971.11,faster,6763584,6795584,0.4731219424494393,50160,0.7381264067959428,0,78285300.0
primary,typed-byte,structured,131072,128,mixed,independent,sub32,3,3281.657,3239.563,1.0129937278577388,3271.932,3371.5,3148.031,3310.343,overlap,6763584,6764608,0.015139902158378682,19184,0.2835936686944757,2048,80166600.0
primary,typed-byte,structured,131072,16,hit,dependent,base,3,3222.86,3222.86,1.0,3198.446,3286.987,3198.446,3286.987,overlap,6762352,6762352,0.0,18160,0.26854561844754604,1024,74751700.0
primary,typed-byte,structured,131072,16,hit,dependent,direct32,3,3222.86,2866.882,1.124169044976389,3198.446,3286.987,2743.144,2886.942,faster,6762352,6794352,0.4732081382335718,50160,0.7382602491010181,0,75022400.0
primary,typed-byte,structured,131072,16,hit,dependent,sub32,3,3222.86,3226.562,0.9988526487326139,3198.446,3286.987,3172.343,3257.04,overlap,6762352,6763376,0.015142660423483889,19184,0.28364532742228143,2048,76857000.0
primary,typed-byte,structured,131072,16,hit,independent,base,3,3199.748,3199.748,1.0,3180.725,3213.644,3180.725,3213.644,overlap,6762352,6762352,0.0,18160,0.26854561844754604,1024,74751700.0
primary,typed-byte,structured,131072,16,hit,independent,direct32,3,3199.748,2832.886,1.1295011518289124,3180.725,3213.644,2828.166,2930.216,faster,6762352,6794352,0.4732081382335718,50160,0.7382602491010181,0,75022400.0
primary,typed-byte,structured,131072,16,hit,independent,sub32,3,3199.748,3240.682,0.9873687081916709,3180.725,3213.644,3132.65,3280.518,overlap,6762352,6763376,0.015142660423483889,19184,0.28364532742228143,2048,76857000.0
primary,typed-byte,structured,131072,16,miss,dependent,base,3,3318.42,3318.42,1.0,3303.67,3419.067,3303.67,3419.067,overlap,6762352,6762352,0.0,18160,0.26854561844754604,1024,74751700.0
primary,typed-byte,structured,131072,16,miss,dependent,direct32,3,3318.42,3020.976,1.0984595706817928,3303.67,3419.067,2942.749,3024.923,faster,6762352,6794352,0.4732081382335718,50160,0.7382602491010181,0,75022400.0
primary,typed-byte,structured,131072,16,miss,dependent,sub32,3,3318.42,3288.147,1.0092067051746774,3303.67,3419.067,3273.845,3322.327,overlap,6762352,6763376,0.015142660423483889,19184,0.28364532742228143,2048,76857000.0
primary,typed-byte,structured,131072,16,miss,independent,base,3,3397.074,3397.074,1.0,3354.187,3429.667,3354.187,3429.667,overlap,6762352,6762352,0.0,18160,0.26854561844754604,1024,74751700.0
primary,typed-byte,structured,131072,16,miss,independent,direct32,3,3397.074,3063.192,1.1089980647638151,3354.187,3429.667,3023.946,3106.975,faster,6762352,6794352,0.4732081382335718,50160,0.7382602491010181,0,75022400.0
primary,typed-byte,structured,131072,16,miss,independent,sub32,3,3397.074,3290.426,1.0324116087096322,3354.187,3429.667,3279.073,3375.529,overlap,6762352,6763376,0.015142660423483889,19184,0.28364532742228143,2048,76857000.0
primary,typed-byte,structured,131072,16,mixed,dependent,base,3,3255.534,3255.534,1.0,3182.292,3309.937,3182.292,3309.937,overlap,6762352,6762352,0.0,18160,0.26854561844754604,1024,74751700.0
primary,typed-byte,structured,131072,16,mixed,dependent,direct32,3,3255.534,2895.406,1.1243791026198053,3182.292,3309.937,2869.263,2897.97,faster,6762352,6794352,0.4732081382335718,50160,0.7382602491010181,0,75022400.0
primary,typed-byte,structured,131072,16,mixed,dependent,sub32,3,3255.534,3250.59,1.0015209546574622,3182.292,3309.937,3200.012,3268.29,overlap,6762352,6763376,0.015142660423483889,19184,0.28364532742228143,2048,76857000.0
primary,typed-byte,structured,131072,16,mixed,independent,base,3,3323.1,3323.1,1.0,3258.952,3337.158,3258.952,3337.158,overlap,6762352,6762352,0.0,18160,0.26854561844754604,1024,74751700.0
primary,typed-byte,structured,131072,16,mixed,independent,direct32,3,3323.1,2948.364,1.127099638986231,3258.952,3337.158,2892.964,3072.408,faster,6762352,6794352,0.4732081382335718,50160,0.7382602491010181,0,75022400.0
primary,typed-byte,structured,131072,16,mixed,independent,sub32,3,3323.1,3239.441,1.0258251346451441,3258.952,3337.158,3123.21,3248.861,faster,6762352,6763376,0.015142660423483889,19184,0.28364532742228143,2048,76857000.0
primary,typed-byte,structured,8192,128,hit,dependent,base,3,2750.203,2750.203,1.0,2742.289,2883.891,2742.289,2883.891,overlap,428216,428216,0.0,1520,0.35496104769555553,288,7022660.0
primary,typed-byte,structured,8192,128,hit,dependent,direct32,3,2750.203,2694.153,1.020804312153022,2742.289,2883.891,2518.229,2777.445,overlap,428216,429944,0.4035346647486282,3248,0.7554472210334369,0,7284710.0
primary,typed-byte,structured,8192,128,hit,dependent,sub32,3,2750.203,2814.738,0.9770724664249391,2742.289,2883.891,2750.366,2869.182,overlap,428216,428504,0.0672557774580973,1808,0.42193305079999255,576,7299790.0
primary,typed-byte,structured,8192,128,hit,independent,base,3,2794.414,2794.414,1.0,2692.444,2802.755,2692.444,2802.755,overlap,428216,428216,0.0,1520,0.35496104769555553,288,7022660.0
primary,typed-byte,structured,8192,128,hit,independent,direct32,3,2794.414,2458.557,1.136607367655092,2692.444,2802.755,2447.998,2487.793,faster,428216,429944,0.4035346647486282,3248,0.7554472210334369,0,7284710.0
primary,typed-byte,structured,8192,128,hit,independent,sub32,3,2794.414,2836.812,0.9850543497418934,2692.444,2802.755,2732.89,2903.748,overlap,428216,428504,0.0672557774580973,1808,0.42193305079999255,576,7299790.0
primary,typed-byte,structured,8192,128,miss,dependent,base,3,2870.789,2870.789,1.0,2814.941,2899.638,2814.941,2899.638,overlap,428216,428216,0.0,1520,0.35496104769555553,288,7022660.0
primary,typed-byte,structured,8192,128,miss,dependent,direct32,3,2870.789,2513.712,1.1420516749731076,2814.941,2899.638,2510.763,2567.932,faster,428216,429944,0.4035346647486282,3248,0.7554472210334369,0,7284710.0
primary,typed-byte,structured,8192,128,miss,dependent,sub32,3,2870.789,2856.445,1.0050216265322804,2814.941,2899.638,2824.117,2993.591,overlap,428216,428504,0.0672557774580973,1808,0.42193305079999255,576,7299790.0
primary,typed-byte,structured,8192,128,miss,independent,base,3,2921.794,2921.794,1.0,2819.376,3072.774,2819.376,3072.774,overlap,428216,428216,0.0,1520,0.35496104769555553,288,7022660.0
primary,typed-byte,structured,8192,128,miss,independent,direct32,3,2921.794,2645.203,1.1045632414601072,2819.376,3072.774,2590.169,2669.698,faster,428216,429944,0.4035346647486282,3248,0.7554472210334369,0,7284710.0
primary,typed-byte,structured,8192,128,miss,independent,sub32,3,2921.794,2864.97,1.019834064580083,2819.376,3072.774,2832.967,2919.434,overlap,428216,428504,0.0672557774580973,1808,0.42193305079999255,576,7299790.0
primary,typed-byte,structured,8192,128,mixed,dependent,base,3,2912.129,2912.129,1.0,2803.548,3025.472,2803.548,3025.472,overlap,428216,428216,0.0,1520,0.35496104769555553,288,7022660.0
primary,typed-byte,structured,8192,128,mixed,dependent,direct32,3,2912.129,2483.195,1.1727347228067067,2803.548,3025.472,2479.452,2564.575,faster,428216,429944,0.4035346647486282,3248,0.7554472210334369,0,7284710.0
primary,typed-byte,structured,8192,128,mixed,dependent,sub32,3,2912.129,2834.432,1.0274118412436777,2803.548,3025.472,2793.396,2844.666,overlap,428216,428504,0.0672557774580973,1808,0.42193305079999255,576,7299790.0
primary,typed-byte,structured,8192,128,mixed,independent,base,3,2737.142,2737.142,1.0,2732.87,2970.642,2732.87,2970.642,overlap,428216,428216,0.0,1520,0.35496104769555553,288,7022660.0
primary,typed-byte,structured,8192,128,mixed,independent,direct32,3,2737.142,2626.465,1.0421391490082677,2732.87,2970.642,2529.704,2706.563,faster,428216,429944,0.4035346647486282,3248,0.7554472210334369,0,7284710.0
primary,typed-byte,structured,8192,128,mixed,independent,sub32,3,2737.142,2842.59,0.9629042528116962,2732.87,2970.642,2766.785,2918.478,overlap,428216,428504,0.0672557774580973,1808,0.42193305079999255,576,7299790.0
primary,typed-byte,structured,8192,16,hit,dependent,base,3,2726.034,2726.034,1.0,2712.81,2783.142,2712.81,2783.142,overlap,427096,427096,0.0,1520,0.35589188379193437,288,7228950.0
primary,typed-byte,structured,8192,16,hit,dependent,direct32,3,2726.034,2408.02,1.1320645177365638,2712.81,2783.142,2402.1,2426.859,faster,427096,428824,0.40459287841609903,3248,0.7574202936402813,0,6904410.0
primary,typed-byte,structured,8192,16,hit,dependent,sub32,3,2726.034,2700.419,1.0094855650178733,2712.81,2783.142,2684.998,2785.116,overlap,427096,427384,0.06743214640267947,1808,0.42303876607453716,576,7008790.0
primary,typed-byte,structured,8192,16,hit,independent,base,3,2715.658,2715.658,1.0,2672.302,2738.627,2672.302,2738.627,overlap,427096,427096,0.0,1520,0.35589188379193437,288,7228950.0
primary,typed-byte,structured,8192,16,hit,independent,direct32,3,2715.658,2478.638,1.0956250973316797,2672.302,2738.627,2454.813,2500.0,faster,427096,428824,0.40459287841609903,3248,0.7574202936402813,0,6904410.0
primary,typed-byte,structured,8192,16,hit,independent,sub32,3,2715.658,2717.793,0.9992144361251941,2672.302,2738.627,2664.937,2891.235,overlap,427096,427384,0.06743214640267947,1808,0.42303876607453716,576,7008790.0
primary,typed-byte,structured,8192,16,miss,dependent,base,3,2779.114,2779.114,1.0,2773.438,2854.492,2773.438,2854.492,overlap,427096,427096,0.0,1520,0.35589188379193437,288,7228950.0
primary,typed-byte,structured,8192,16,miss,dependent,direct32,3,2779.114,2534.953,1.096317762104465,2773.438,2854.492,2481.873,2683.411,faster,427096,428824,0.40459287841609903,3248,0.7574202936402813,0,6904410.0
primary,typed-byte,structured,8192,16,miss,dependent,sub32,3,2779.114,2880.31,0.9648662817543945,2773.438,2854.492,2807.577,2914.103,overlap,427096,427384,0.06743214640267947,1808,0.42303876607453716,576,7008790.0
primary,typed-byte,structured,8192,16,miss,independent,base,3,2824.382,2824.382,1.0,2803.65,2888.326,2803.65,2888.326,overlap,427096,427096,0.0,1520,0.35589188379193437,288,7228950.0
primary,typed-byte,structured,8192,16,miss,independent,direct32,3,2824.382,2531.555,1.1156708031229818,2803.65,2888.326,2512.716,2575.236,faster,427096,428824,0.40459287841609903,3248,0.7574202936402813,0,6904410.0
primary,typed-byte,structured,8192,16,miss,independent,sub32,3,2824.382,2904.684,0.9723543077319253,2803.65,2888.326,2841.39,2917.44,overlap,427096,427384,0.06743214640267947,1808,0.42303876607453716,576,7008790.0
primary,typed-byte,structured,8192,16,mixed,dependent,base,3,2739.543,2739.543,1.0,2735.697,2828.857,2735.697,2828.857,overlap,427096,427096,0.0,1520,0.35589188379193437,288,7228950.0
primary,typed-byte,structured,8192,16,mixed,dependent,direct32,3,2739.543,2532.288,1.0818449560239594,2735.697,2828.857,2430.359,2535.929,faster,427096,428824,0.40459287841609903,3248,0.7574202936402813,0,6904410.0
primary,typed-byte,structured,8192,16,mixed,dependent,sub32,3,2739.543,2741.353,0.9993397420908581,2735.697,2828.857,2731.221,2763.347,overlap,427096,427384,0.06743214640267947,1808,0.42303876607453716,576,7008790.0
primary,typed-byte,structured,8192,16,mixed,independent,base,3,2718.73,2718.73,1.0,2706.095,2749.349,2706.095,2749.349,overlap,427096,427096,0.0,1520,0.35589188379193437,288,7228950.0
primary,typed-byte,structured,8192,16,mixed,independent,direct32,3,2718.73,2481.242,1.0957133564561619,2706.095,2749.349,2449.666,2561.646,faster,427096,428824,0.40459287841609903,3248,0.7574202936402813,0,6904410.0
primary,typed-byte,structured,8192,16,mixed,independent,sub32,3,2718.73,2722.473,0.9986251470629829,2706.095,2749.349,2709.859,2800.049,overlap,427096,427384,0.06743214640267947,1808,0.42303876607453716,576,7008790.0
