phase,profile,distribution,records,key_bytes,query_kind,access,variant,processes,baseline_ns,query_ns,speedup,baseline_min_ns,baseline_max_ns,candidate_min_ns,candidate_max_ns,process_ranges,baseline_file_bytes,file_bytes,file_growth_percent,offset_bytes,offset_file_percent,offset_auxiliary_bytes,preparation_ns
scheduled-size-panel,typed-bit,hash,131072,128,hit,random,base,3,8646.583,8646.583,1.0,8267.231,8728.163,8267.231,8728.163,overlap,30651952,30651952,0.0,26096,0.08513650288895142,1024,293681500.0
scheduled-size-panel,typed-bit,hash,131072,128,hit,random,direct32,3,8646.583,8011.719,1.0792419204917199,8267.231,8728.163,7692.263,8253.544,faster,30651952,30676016,0.07850723503677326,50160,0.16351536653260318,0,291675000.0
scheduled-size-panel,typed-bit,hash,131072,128,hit,random,direct64,3,8646.583,8192.796,1.05538853890662,8267.231,8728.163,8168.105,8293.999,overlap,30651952,30726112,0.24194217712463217,100256,0.3262892487015604,0,294611000.0
scheduled-size-panel,typed-bit,hash,131072,128,hit,random,packed,3,8646.583,8304.131,1.0412387521343294,8267.231,8728.163,7708.454,8341.529,overlap,30651952,30668224,0.05308634177685345,42368,0.13814950614681829,0,290064000.0
scheduled-size-panel,typed-bit,hash,131072,128,hit,random,sub32,3,8646.583,8577.08,1.0081033405308102,8267.231,8728.163,8574.59,8601.241,overlap,30651952,30652976,0.0033407334058210836,27120,0.08847428060492397,2048,290938600.0
scheduled-size-panel,typed-bit,hash,131072,128,hit,sorted,base,3,7482.457,7482.457,1.0,7406.593,7494.609,7406.593,7494.609,overlap,30651952,30651952,0.0,26096,0.08513650288895142,1024,293681500.0
scheduled-size-panel,typed-bit,hash,131072,128,hit,sorted,direct32,3,7482.457,7180.104,1.0421098357349698,7406.593,7494.609,6711.104,7220.935,faster,30651952,30676016,0.07850723503677326,50160,0.16351536653260318,0,291675000.0
scheduled-size-panel,typed-bit,hash,131072,128,hit,sorted,direct64,3,7482.457,7208.722,1.0379727502322882,7406.593,7494.609,7126.863,7230.908,faster,30651952,30726112,0.24194217712463217,100256,0.3262892487015604,0,294611000.0
scheduled-size-panel,typed-bit,hash,131072,128,hit,sorted,packed,3,7482.457,7169.35,1.043672996854666,7406.593,7494.609,6779.945,7223.672,faster,30651952,30668224,0.05308634177685345,42368,0.13814950614681829,0,290064000.0
scheduled-size-panel,typed-bit,hash,131072,128,hit,sorted,sub32,3,7482.457,7545.343,0.991665587634651,7406.593,7494.609,7484.156,7556.302,overlap,30651952,30652976,0.0033407334058210836,27120,0.08847428060492397,2048,290938600.0
scheduled-size-panel,typed-bit,hash,2097152,128,hit,random,base,3,9898.853,9898.853,1.0,9580.851,9913.958,9580.851,9913.958,overlap,488848920,488848920,0.0,410928,0.08406032685926769,12768,4460623000.0
scheduled-size-panel,typed-bit,hash,2097152,128,hit,random,direct32,3,9898.853,9710.744,1.0193712242851833,9580.851,9913.958,9571.929,9900.382,overlap,488848920,489238616,0.07971706268676826,800624,0.16364693501626618,0,4614825000.0
scheduled-size-panel,typed-bit,hash,2097152,128,hit,random,direct64,3,9898.853,9616.039,1.029410654428502,9580.851,9913.958,9393.997,9973.803,overlap,488848920,490039152,0.24347645076110425,1601160,0.3267412396469089,0,4645199000.0
scheduled-size-panel,typed-bit,hash,2097152,128,hit,random,packed,3,9898.853,9862.245,1.0037119337432805,9580.851,9913.958,9605.529,10095.493,overlap,488848920,489214840,0.07485339233233024,776848,0.15879485585514944,0,4785716000.0
scheduled-size-panel,typed-bit,hash,2097152,128,hit,random,sub32,3,9898.853,10266.349,0.9642038274755709,9580.851,9913.958,9779.843,10417.835,overlap,488848920,488861688,0.0026118498942295787,423696,0.08666991306547221,25536,4562224000.0
scheduled-size-panel,typed-bit,hash,2097152,128,hit,sorted,base,3,8020.667,8020.667,1.0,7977.328,8026.365,7977.328,8026.365,overlap,488848920,488848920,0.0,410928,0.08406032685926769,12768,4460623000.0
scheduled-size-panel,typed-bit,hash,2097152,128,hit,sorted,direct32,3,8020.667,7740.079,1.0362513095796568,7977.328,8026.365,7600.795,8115.862,overlap,488848920,489238616,0.07971706268676826,800624,0.16364693501626618,0,4614825000.0
scheduled-size-panel,typed-bit,hash,2097152,128,hit,sorted,direct64,3,8020.667,7661.102,1.0469338484202404,7977.328,8026.365,7593.564,8132.064,overlap,488848920,490039152,0.24347645076110425,1601160,0.3267412396469089,0,4645199000.0
scheduled-size-panel,typed-bit,hash,2097152,128,hit,sorted,packed,3,8020.667,8006.894,1.0017201426670568,7977.328,8026.365,7681.044,8046.08,overlap,488848920,489214840,0.07485339233233024,776848,0.15879485585514944,0,4785716000.0
scheduled-size-panel,typed-bit,hash,2097152,128,hit,sorted,sub32,3,8020.667,8304.288,0.9658464398151895,7977.328,8026.365,8069.176,8488.403,slower,488848920,488861688,0.0026118498942295787,423696,0.08666991306547221,25536,4562224000.0
scheduled-size-panel,typed-bit,hash,524288,128,hit,random,base,3,9547.314,9547.314,1.0,9313.636,9561.539,9313.636,9561.539,overlap,122404168,122404168,0.0,103112,0.08423896153601566,3392,1244983000.0
scheduled-size-panel,typed-bit,hash,524288,128,hit,random,direct32,3,9547.314,9065.309,1.0531702780346486,9313.636,9561.539,8863.786,9118.195,faster,122404168,122501336,0.07938291774509665,200280,0.16349209448621851,0,1221285000.0
scheduled-size-panel,typed-bit,hash,524288,128,hit,random,direct64,3,9547.314,9172.756,1.040833747240197,9313.636,9561.539,8965.361,9240.488,faster,122404168,122701520,0.24292636832432546,400464,0.3263724850352302,0,1219074000.0
scheduled-size-panel,typed-bit,hash,524288,128,hit,random,packed,3,9547.314,9159.718,1.042315276518338,9313.636,9561.539,8597.071,9232.73,faster,122404168,122482840,0.06427232118435544,181784,0.14841589238133276,0,1172427000.0
scheduled-size-panel,typed-bit,hash,524288,128,hit,random,sub32,3,9547.314,9500.592,1.0049177988066427,9313.636,9561.539,8984.296,9531.636,overlap,122404168,122407560,0.0027711474661629154,106504,0.08700769789055512,6784,1200907000.0
scheduled-size-panel,typed-bit,hash,524288,128,hit,sorted,base,3,7885.97,7885.97,1.0,7521.299,7907.787,7521.299,7907.787,overlap,122404168,122404168,0.0,103112,0.08423896153601566,3392,1244983000.0
scheduled-size-panel,typed-bit,hash,524288,128,hit,sorted,direct32,3,7885.97,7566.289,1.0422506991207976,7521.299,7907.787,7434.66,7570.33,overlap,122404168,122501336,0.07938291774509665,200280,0.16349209448621851,0,1221285000.0
scheduled-size-panel,typed-bit,hash,524288,128,hit,sorted,direct64,3,7885.97,7465.336,1.0563449521896937,7521.299,7907.787,7431.137,7599.716,overlap,122404168,122701520,0.24292636832432546,400464,0.3263724850352302,0,1219074000.0
scheduled-size-panel,typed-bit,hash,524288,128,hit,sorted,packed,3,7885.97,7300.334,1.080220439229219,7521.299,7907.787,7159.036,7517.618,faster,122404168,122482840,0.06427232118435544,181784,0.14841589238133276,0,1172427000.0
scheduled-size-panel,typed-bit,hash,524288,128,hit,sorted,sub32,3,7885.97,7938.925,0.9933297014394267,7521.299,7907.787,7466.366,7962.373,overlap,122404168,122407560,0.0027711474661629154,106504,0.08700769789055512,6784,1200907000.0
scheduled-size-panel,typed-byte,structured,131072,16,hit,random,base,3,3478.418,3478.418,1.0,3465.183,3490.113,3465.183,3490.113,overlap,6762352,6762352,0.0,18160,0.26854561844754604,1024,76282700.0
scheduled-size-panel,typed-byte,structured,131072,16,hit,random,direct32,3,3478.418,3074.614,1.1313348602458715,3465.183,3490.113,2982.899,3118.176,faster,6762352,6794352,0.4732081382335718,50160,0.7382602491010181,0,78198100.0
scheduled-size-panel,typed-byte,structured,131072,16,hit,random,direct64,3,3478.418,3094.919,1.1239124513436378,3465.183,3490.113,2991.809,3124.547,faster,6762352,6844448,1.2140154786381974,100256,1.4647784598553455,0,76825800.0
scheduled-size-panel,typed-byte,structured,131072,16,hit,random,packed,3,3478.418,3160.442,1.1006112436171902,3465.183,3490.113,2985.264,3166.164,faster,6762352,6778352,0.2366040691167859,34160,0.503957304076271,0,74824200.0
scheduled-size-panel,typed-byte,structured,131072,16,hit,random,sub32,3,3478.418,3423.442,1.0160586918078356,3465.183,3490.113,3421.469,3430.605,faster,6762352,6763376,0.015142660423483889,19184,0.28364532742228143,2048,78497600.0
scheduled-size-panel,typed-byte,structured,131072,16,hit,sorted,base,3,3150.647,3150.647,1.0,3067.441,3154.116,3067.441,3154.116,overlap,6762352,6762352,0.0,18160,0.26854561844754604,1024,76282700.0
scheduled-size-panel,typed-byte,structured,131072,16,hit,sorted,direct32,3,3150.647,2809.927,1.1212558191013502,3067.441,3154.116,2783.776,2832.759,faster,6762352,6794352,0.4732081382335718,50160,0.7382602491010181,0,78198100.0
scheduled-size-panel,typed-byte,structured,131072,16,hit,sorted,direct64,3,3150.647,2809.073,1.1215966975582337,3067.441,3154.116,2707.607,2850.808,faster,6762352,6844448,1.2140154786381974,100256,1.4647784598553455,0,76825800.0
scheduled-size-panel,typed-byte,structured,131072,16,hit,sorted,packed,3,3150.647,2889.935,1.0902137937358454,3067.441,3154.116,2884.683,2897.168,faster,6762352,6778352,0.2366040691167859,34160,0.503957304076271,0,74824200.0
scheduled-size-panel,typed-byte,structured,131072,16,hit,sorted,sub32,3,3150.647,3174.78,0.992398528401968,3067.441,3154.116,2923.633,3179.44,overlap,6762352,6763376,0.015142660423483889,19184,0.28364532742228143,2048,78497600.0
scheduled-size-panel,typed-byte,structured,2097152,16,hit,random,base,3,4294.874,4294.874,1.0,4173.562,4297.1,4173.562,4297.1,overlap,108116624,108116624,0.0,284312,0.2629678854937239,12768,1146143000.0
scheduled-size-panel,typed-byte,structured,2097152,16,hit,random,direct32,3,4294.874,3876.944,1.1077988229904792,4173.562,4297.1,3740.576,3914.795,faster,108116624,108632936,0.4775509823540247,800624,0.7369993203534515,0,1144575000.0
scheduled-size-panel,typed-byte,structured,2097152,16,hit,random,direct64,3,4294.874,3915.052,1.0970158250771636,4173.562,4297.1,3891.963,3953.364,faster,108116624,109433472,1.2179884566132948,1601160,1.4631355203643726,0,1123750000.0
scheduled-size-panel,typed-byte,structured,2097152,16,hit,random,packed,3,4294.874,3945.257,1.088617040664271,4173.562,4297.1,3768.731,3957.95,faster,108116624,108477904,0.334157677731417,645592,0.5951368676887415,0,1132248000.0
scheduled-size-panel,typed-byte,structured,2097152,16,hit,random,sub32,3,4294.874,4239.964,1.012950581655882,4173.562,4297.1,4160.705,4270.478,overlap,108116624,108129392,0.011809469744439305,297080,0.27474490932123247,25536,1118794000.0
scheduled-size-panel,typed-byte,structured,2097152,16,hit,sorted,base,3,3535.815,3535.815,1.0,3506.339,3554.761,3506.339,3554.761,overlap,108116624,108116624,0.0,284312,0.2629678854937239,12768,1146143000.0
scheduled-size-panel,typed-byte,structured,2097152,16,hit,sorted,direct32,3,3535.815,3169.881,1.1154409266467733,3506.339,3554.761,3144.703,3183.046,faster,108116624,108632936,0.4775509823540247,800624,0.7369993203534515,0,1144575000.0
scheduled-size-panel,typed-byte,structured,2097152,16,hit,sorted,direct64,3,3535.815,3181.634,1.1113204724364902,3506.339,3554.761,3154.613,3208.124,faster,108116624,109433472,1.2179884566132948,1601160,1.4631355203643726,0,1123750000.0
scheduled-size-panel,typed-byte,structured,2097152,16,hit,sorted,packed,3,3535.815,3246.829,1.0890056113210766,3506.339,3554.761,3208.321,3266.553,faster,108116624,108477904,0.334157677731417,645592,0.5951368676887415,0,1132248000.0
scheduled-size-panel,typed-byte,structured,2097152,16,hit,sorted,sub32,3,3535.815,3548.506,0.9964235652976211,3506.339,3554.761,3535.03,3855.234,overlap,108116624,108129392,0.011809469744439305,297080,0.27474490932123247,25536,1118794000.0
scheduled-size-panel,typed-byte,structured,524288,16,hit,random,base,3,3958.385,3958.385,1.0,3757.893,4009.881,3757.893,4009.881,overlap,27033696,27033696,0.0,71416,0.2641740145335658,3392,292856800.0
scheduled-size-panel,typed-byte,structured,524288,16,hit,random,direct32,3,3958.385,3495.825,1.1323178362761295,3757.893,4009.881,3387.659,3538.205,faster,27033696,27162560,0.4766791784593494,200280,0.7373384541074185,0,291321300.0
scheduled-size-panel,typed-byte,structured,524288,16,hit,random,direct64,3,3958.385,3499.034,1.1312793759649091,3757.893,4009.881,3337.427,3542.719,faster,27033696,27362744,1.2171772590769736,400464,1.4635374288485101,0,291461000.0
scheduled-size-panel,typed-byte,structured,524288,16,hit,random,packed,3,3958.385,3561.495,1.1114391568709208,3757.893,4009.881,3540.374,3601.013,faster,27033696,27111232,0.2868124284596485,148952,0.5494106649229368,0,290304900.0
scheduled-size-panel,typed-byte,structured,524288,16,hit,random,sub32,3,3958.385,3934.862,1.005978100375566,3757.893,4009.881,3923.789,3955.986,overlap,27033696,27037088,0.012547303927656905,74808,0.2766866017523781,6784,294077300.0
scheduled-size-panel,typed-byte,structured,524288,16,hit,sorted,base,3,3423.472,3423.472,1.0,3408.173,3434.958,3408.173,3434.958,overlap,27033696,27033696,0.0,71416,0.2641740145335658,3392,292856800.0
scheduled-size-panel,typed-byte,structured,524288,16,hit,sorted,direct32,3,3423.472,3105.636,1.1023416781618967,3408.173,3434.958,3058.855,3116.596,faster,27033696,27162560,0.4766791784593494,200280,0.7373384541074185,0,291321300.0
scheduled-size-panel,typed-byte,structured,524288,16,hit,sorted,direct64,3,3423.472,2919.408,1.1726596625069192,3408.173,3434.958,2897.305,3107.701,faster,27033696,27362744,1.2171772590769736,400464,1.4635374288485101,0,291461000.0
scheduled-size-panel,typed-byte,structured,524288,16,hit,sorted,packed,3,3423.472,3159.178,1.0836591037288814,3408.173,3434.958,3091.282,3168.428,faster,27033696,27111232,0.2868124284596485,148952,0.5494106649229368,0,290304900.0
scheduled-size-panel,typed-byte,structured,524288,16,hit,sorted,sub32,3,3423.472,3450.119,0.9922764982888996,3408.173,3434.958,3449.943,3460.981,slower,27033696,27037088,0.012547303927656905,74808,0.2766866017523781,6784,294077300.0
