case,layout,value_tile_words,older,newer,canceled,output_records,payload_bytes,file_bytes,sparse_entries,cpu_ms,gpu_total_ms,gpu_device_ms,fixture_encode_ms,map_import_ms,clip_ms,repeats,cpu_min_ms,cpu_max_ms,gpu_min_ms,gpu_max_ms
check-0-0-0,ff,1,0,0,0,0,0,256,0,0.000125,0.103708,8.32952e-05,0.005833,0.561709,1.00454,1,0.000125,0.000125,0.103708,0.103708
check-0-33-0,ff,1,0,33,0,33,528,1312,0,0.000458,1.13133,0.0558749,0.002166,0.411334,0.241083,1,0.000458,0.000458,1.13133,1.13133
check-33-0-0,ff,1,33,0,0,33,528,1312,0,0.001,0.499875,0.055375,0.001667,0.37375,0.234,1,0.001,0.001,0.499875,0.499875
check-31-0-100,ff,1,31,0,31,0,0,256,0,0.000208,0.30925,0.0289167,0.001459,0.516417,0.4045,1,0.000208,0.000208,0.30925,0.30925
check-257-263-0,ff,1,257,263,0,520,8320,16896,0,0.004917,1.21538,0.12125,0.009459,0.395792,0.24675,1,0.004917,0.004917,1.21538,1.21538
check-513-257-50,ff,1,513,257,256,514,8224,16704,0,0.004667,0.579125,0.155,0.01425,0.372333,0.159,1,0.004667,0.004667,0.579125,0.579125
check-513-19-90,ff,1,513,19,461,71,1136,2528,0,0.002375,0.655417,0.128667,0.006208,0.327833,0.215667,1,0.002375,0.002375,0.655417,0.655417
check-31-1009-50,ff,1,31,1009,15,1025,16400,33056,0,0.007041,0.870791,0.140875,0.012416,0.29125,0.226625,1,0.007041,0.007041,0.870791,0.870791
scattered-half,ff,1,4099,2057,2049,4107,65712,131680,0,0.035625,0.995709,0.253292,0.065291,0.3725,0.171125,1,0.035625,0.035625,0.995709,0.995709
scattered-heavy,ff,1,4099,127,3689,537,8592,17440,0,0.017166,0.910875,0.168292,0.035792,0.367958,0.219542,1,0.017166,0.017166,0.910875,0.910875
check-0-0-0,fv,4,0,0,0,0,0,280,0,0.000959,1.14217,0.04575,0.00725,0.326959,0.2855,1,0.000959,0.000959,1.14217,1.14217
check-0-33-0,fv,4,0,33,0,33,8502,9352,0,0.004167,0.573083,0.157833,0.004458,0.401291,0.249375,1,0.004167,0.004167,0.573083,0.573083
check-33-0-0,fv,4,33,0,0,33,7875,8728,0,0.003417,0.557667,0.1625,0.003709,0.408792,0.2405,1,0.003417,0.003417,0.557667,0.557667
check-31-0-100,fv,4,31,0,31,0,0,280,0,0.000709,1.15442,0.0772917,0.003291,0.355042,0.196125,1,0.000709,0.000709,1.15442,1.15442
check-257-263-0,fv,4,257,263,0,520,132073,141360,0,0.043833,1.05017,0.333208,0.021167,0.366917,0.1825,1,0.043833,0.043833,1.05017,1.05017
check-513-257-50,fv,4,513,257,256,514,131816,141000,0,0.039125,0.841375,0.3645,0.022167,0.39575,0.187791,1,0.039125,0.039125,0.841375,0.841375
check-513-19-90,fv,4,513,19,461,71,18766,20272,0,0.007583,0.994083,0.291083,0.020667,0.306125,0.147875,1,0.007583,0.007583,0.994083,0.994083
check-31-1009-50,fv,4,31,1009,15,1025,261288,279312,0,0.078417,0.758667,0.320417,0.026708,0.386083,0.19575,1,0.078417,0.078417,0.758667,0.758667
scattered-half,fv,4,4099,2057,2049,4107,1051141,1122528,0,0.348875,1.60779,0.494125,0.226416,0.541167,0.175708,1,0.348875,0.348875,1.60779,1.60779
scattered-heavy,fv,4,4099,127,3689,537,136582,146160,0,0.07175,0.847375,0.357875,0.086541,0.381292,0.162,1,0.07175,0.07175,0.847375,0.847375
sparse-exceptions,fv,4,16384,16384,0,32768,1048576,1605920,256,0.958125,1.26779,0.438917,0.340834,0.538416,0.198834,1,0.958125,0.958125,1.26779,1.26779
zero-values,fv,4,0,1025,0,1025,0,16872,0,0.02525,0.503792,0.146,0.009583,0.365625,0.139167,1,0.02525,0.02525,0.503792,0.503792
tiny-values,fv,4,259,517,129,647,1424,12344,0,0.043083,0.796292,0.406125,0.01075,0.371583,0.16425,1,0.043083,0.043083,0.796292,0.796292
word-scattered-check,fv,1,1027,1029,513,1543,394438,421432,0,0.13625,0.882709,0.399958,0.050625,0.499,0.172666,1,0.13625,0.13625,0.882709,0.882709
balanced-4096-0,ff,1,4096,4096,0,8192,131072,262400,0,0.0655,0.603333,0.220833,0.066084,0.34675,0.16825,5,0.064917,0.066208,0.5915,0.886959
balanced-4096-50,ff,1,4096,4096,2048,6144,98304,196864,0,0.047709,0.635375,0.18075,0.070375,0.348125,0.156083,5,0.047,0.055667,0.63275,0.645375
balanced-4096-90,ff,1,4096,4096,3686,4506,72096,144448,0,0.037042,0.615458,0.178875,0.068417,0.312709,0.244458,5,0.036667,0.040375,0.603875,0.716
balanced-65536-0,ff,1,65536,65536,0,131072,2097152,4194560,0,1.08167,1.01567,0.314542,1.4765,0.88325,0.348791,5,1.05783,1.15721,0.760125,1.20812
balanced-65536-50,ff,1,65536,65536,32768,98304,1572864,3145984,0,0.784375,0.87925,0.259208,1.10825,0.99925,0.344458,5,0.772583,0.81325,0.839416,1.13817
balanced-65536-90,ff,1,65536,65536,58982,72090,1153440,2307136,0,0.61075,0.937625,0.233083,1.18258,1.04775,0.693958,5,0.585875,0.628625,0.738166,1.04696
balanced-262144-0,ff,1,262144,262144,0,524288,8388608,16777472,0,4.59304,1.63037,0.897625,5.25221,2.89875,0.8285,5,4.48421,4.84,1.48525,2.10071
balanced-262144-50,ff,1,262144,262144,131072,393216,6291456,12583168,0,3.15067,1.80587,0.504125,4.71025,2.824,0.868291,5,2.92954,3.21325,1.29029,1.92267
balanced-262144-90,ff,1,262144,262144,235929,288359,4613744,9227744,0,2.39463,1.67792,0.4485,4.41646,2.71979,0.721458,5,2.24279,2.57858,1.60579,1.73162
balanced-4096-0,fv,4,4096,4096,0,8192,2096697,2238808,0,0.557583,1.41904,0.541042,0.170959,1.04204,0.291875,5,0.527791,0.606875,1.04513,1.73225
balanced-4096-50,fv,4,4096,4096,2048,6144,1572443,1679096,0,0.418125,1.20975,0.439625,0.188416,0.5785,0.334875,5,0.37325,0.444459,1.03071,1.63475
balanced-4096-90,fv,4,4096,4096,3686,4506,1153898,1232184,0,0.310792,1.32417,0.443875,0.173958,0.516834,0.477708,5,0.276334,0.344666,0.999375,1.41329
balanced-65536-0,fv,4,65536,65536,0,131072,33554202,35823672,0,9.42992,2.95142,1.68854,5.755,5.24188,0.657834,5,9.16912,9.71579,2.61338,3.07208
balanced-65536-50,fv,4,65536,65536,32768,98304,25166411,26868592,0,6.27333,2.49854,1.24092,5.15967,4.91162,1.06579,5,6.21179,6.52579,2.04642,2.56696
balanced-65536-90,fv,4,65536,65536,58982,72090,18455330,19703664,0,4.61963,2.2575,1.00975,5.56092,4.88654,0.596084,5,4.56621,4.73487,1.83537,2.31188
balanced-262144-0,fv,4,262144,262144,0,524288,134217273,143294296,0,36.3177,5.57542,4.18912,21.0555,17.5783,1.55408,5,36.2676,37.0078,4.18025,6.79579
balanced-262144-50,fv,4,262144,262144,131072,393216,100663550,107471392,0,23.2412,5.17675,3.76942,21.9852,15.178,1.31317,5,23.003,23.4776,5.14721,5.52308
balanced-262144-90,fv,4,262144,262144,235929,288359,73819893,78812384,0,17.1477,4.06562,2.84254,21.5722,20.9673,1.22271,5,16.9268,17.9602,3.93054,4.28458
skew-262144,ff,1,262144,4096,131072,135168,2162688,4325632,0,1.08404,1.03167,0.299625,2.80083,5.24725,0.607875,5,1.07221,1.19171,0.902458,1.43637
skew-4096,ff,1,4096,262144,2048,264192,4227072,8454400,0,1.59575,1.34567,0.409333,2.09333,3.22629,0.333583,5,1.58154,1.69879,1.167,1.54188
skew-262144,fv,4,262144,4096,131072,135168,34603433,36943824,0,7.83521,2.75342,1.617,6.31154,13.3981,0.912625,5,7.74662,8.13717,2.64012,2.97129
skew-4096,fv,4,4096,262144,2048,264192,67632560,72206664,0,15.0039,4.09933,2.78425,6.20475,15.4445,1.13696,5,14.819,15.3495,3.908,4.18929
scattered-262144,ff,1,262144,262144,131072,393216,6291456,12583168,0,3.39317,1.98737,0.845292,4.92408,9.60958,0.473125,5,3.34642,3.471,1.74804,2.17163
scattered-262144,fv,4,262144,262144,131072,393216,100661832,107469664,0,32.8698,6.18975,4.6025,12.7031,19.9499,1.16112,5,32.5217,33.2683,5.77371,6.45725
word-balanced-262144-0,fv,1,262144,262144,0,524288,134217273,143294296,0,37.2501,10.0614,8.59021,14.5947,15.3824,1.51696,5,36.3849,37.5072,7.12579,10.2197
word-balanced-262144-50,fv,1,262144,262144,131072,393216,100663550,107471392,0,23.5028,7.76229,6.13783,14.0011,15.4175,1.60096,5,22.8368,23.6523,7.58796,7.85404
