records,key_bytes,distribution,query_kind,access,processes,byte_ns,bit_ns,byte_throughput_ratio,byte_min_ns,byte_max_ns,bit_min_ns,bit_max_ns,byte_process_ratio,bit_process_ratio,process_ranges,byte_file_bytes,bit_file_bytes,bit_space_saving_percent
131072,128,hash,hit,dependent,3,3976.105,7640.34,1.9215639426021194,3701.95,4546.198,7639.323,8125.504,1.2280549440159918,1.0636418960161784,byte_faster,30321360,30651952,-1.0902941029030444
131072,128,hash,hit,independent,3,3954.03,7918.396,2.002614041876263,3689.163,4209.366,7735.855,8125.036,1.1410084075981461,1.0503087247628091,byte_faster,30321360,30651952,-1.0902941029030444
131072,128,hash,miss,dependent,3,4178.167,8044.042,1.9252562188155715,3800.303,4180.038,7853.429,8112.381,1.099922295669582,1.0329731127638642,byte_faster,30321360,30651952,-1.0902941029030444
131072,128,hash,miss,independent,3,4177.378,8204.926,1.964133004003947,3874.283,4348.002,7907.262,8489.019,1.1222726889078574,1.0735724957640205,byte_faster,30321360,30651952,-1.0902941029030444
131072,128,hash,mixed,dependent,3,4064.402,8085.693,1.989393027559774,3726.023,4448.883,7740.341,8361.155,1.1940030965992425,1.0802049935526097,byte_faster,30321360,30651952,-1.0902941029030444
131072,128,hash,mixed,independent,3,4108.749,7819.178,1.903055650272139,3729.319,4314.819,7808.085,7926.056,1.156999173307513,1.0151088262999186,byte_faster,30321360,30651952,-1.0902941029030444
131072,128,structured,hit,dependent,3,3419.795,6971.466,2.038562545415734,3379.695,3472.438,6899.2,7111.226,1.0274412336024403,1.0307319689239332,byte_faster,6763584,6432864,4.889715275215034
131072,128,structured,hit,independent,3,3394.562,6885.595,2.02841927765644,3300.349,3486.181,6767.176,6976.74,1.056306772404979,1.0309677182919432,byte_faster,6763584,6432864,4.889715275215034
131072,128,structured,miss,dependent,3,3522.217,7105.571,2.01735753362158,3361.023,3550.547,7102.793,7115.036,1.0563887840101065,1.0017236881322602,byte_faster,6763584,6432864,4.889715275215034
131072,128,structured,miss,independent,3,3447.433,7078.573,2.0532880551993324,3426.381,3514.923,7059.392,7211.685,1.0258412593345574,1.0215731043126661,byte_faster,6763584,6432864,4.889715275215034
131072,128,structured,mixed,dependent,3,3433.228,7097.539,2.067307793132294,3368.754,3443.598,6989.889,7163.111,1.0222171164768932,1.02478179553352,byte_faster,6763584,6432864,4.889715275215034
131072,128,structured,mixed,independent,3,3359.156,6989.268,2.0806619281748153,3338.913,3393.524,6902.929,7046.672,1.0163559218224614,1.0208234794244588,byte_faster,6763584,6432864,4.889715275215034
131072,16,hash,hit,dependent,3,3450.892,6811.885,1.97394905433146,3438.741,3557.093,6616.536,6846.344,1.034417247475166,1.034732373556193,byte_faster,9301232,9362488,-0.6585794225969277
131072,16,hash,hit,independent,3,3520.254,6844.493,1.944317938421489,3469.452,3591.955,6811.167,6908.681,1.035309034395057,1.0143167830123676,byte_faster,9301232,9362488,-0.6585794225969277
131072,16,hash,miss,dependent,3,3673.111,7118.505,1.9380043238551736,3619.573,3711.487,6976.893,7211.339,1.0253936030575983,1.0336032099101993,byte_faster,9301232,9362488,-0.6585794225969277
131072,16,hash,miss,independent,3,3627.757,7146.688,1.9700018496277452,3579.396,3863.912,6908.401,7563.278,1.0794871536985569,1.0947942946566074,byte_faster,9301232,9362488,-0.6585794225969277
131072,16,hash,mixed,dependent,3,3550.074,6887.019,1.9399649134074388,3545.675,3561.473,6824.539,7079.391,1.0044555691088437,1.0373434747753658,byte_faster,9301232,9362488,-0.6585794225969277
131072,16,hash,mixed,independent,3,3644.455,7124.354,1.9548475698012462,3557.877,3649.521,6845.5,7161.382,1.0257580574033336,1.046144474472281,byte_faster,9301232,9362488,-0.6585794225969277
131072,16,structured,hit,dependent,3,3337.54,6764.048,2.0266567591699274,3334.142,3342.667,6583.633,6790.558,1.0025568797009845,1.031430214898066,byte_faster,6762352,6422208,5.02996590535364
131072,16,structured,hit,independent,3,3287.618,6819.901,2.0744201424861406,3263.504,3307.251,6656.479,6932.663,1.0134049169236503,1.0414910044784937,byte_faster,6762352,6422208,5.02996590535364
131072,16,structured,miss,dependent,3,3462.779,7160.009,2.067706024554267,3379.288,3702.922,6882.645,7220.546,1.0957698781518475,1.0490946431204864,byte_faster,6762352,6422208,5.02996590535364
131072,16,structured,miss,independent,3,3448.888,7134.425,2.068616029282482,3364.777,3496.613,6930.868,7146.474,1.0391811998239406,1.0311080805463326,byte_faster,6762352,6422208,5.02996590535364
131072,16,structured,mixed,dependent,3,3389.303,6849.411,2.020890725910313,3367.925,3398.097,6748.352,7041.178,1.0089586317985109,1.0433922237607047,byte_faster,6762352,6422208,5.02996590535364
131072,16,structured,mixed,independent,3,3435.867,6907.491,2.010406980246907,3287.974,3483.383,6833.928,7060.989,1.0594314310271309,1.0332255475913705,byte_faster,6762352,6422208,5.02996590535364
524288,128,hash,hit,dependent,3,4440.75,8567.378,1.9292637504925971,4058.665,4502.416,8434.453,8708.405,1.109334226894804,1.0324801145966431,byte_faster,121030056,122404168,-1.1353477354418384
524288,128,hash,hit,independent,3,4582.738,8462.102,1.846516645725765,4130.722,4877.538,8357.463,8730.82,1.1807955122615368,1.0446734852430695,byte_faster,121030056,122404168,-1.1353477354418384
524288,128,hash,miss,dependent,3,4892.365,8774.678,1.7935452485658776,4211.349,4974.594,8706.192,8896.998,1.1812352763924339,1.0219161259021166,byte_faster,121030056,122404168,-1.1353477354418384
524288,128,hash,miss,independent,3,4658.513,8984.884,1.9287021416490628,4362.712,5230.86,8587.657,9064.392,1.1989927366280422,1.055513977793943,byte_faster,121030056,122404168,-1.1353477354418384
524288,128,hash,mixed,dependent,3,4451.426,8536.733,1.9177524236053793,4070.841,4913.137,8446.243,8786.118,1.2069095796175777,1.0402397847184837,byte_faster,121030056,122404168,-1.1353477354418384
524288,128,hash,mixed,independent,3,4789.342,8531.052,1.7812576341384683,4197.032,4794.678,8440.104,8899.063,1.142397294087822,1.0543783583709396,byte_faster,121030056,122404168,-1.1353477354418384
8192,128,hash,hit,dependent,3,3189.005,6690.084,2.0978593636573164,3185.252,3255.58,6539.602,6693.181,1.0220792577792903,1.0234844566993526,byte_faster,1907728,1926400,-0.9787558813415753
8192,128,hash,hit,independent,3,3082.631,6429.586,2.085746234304398,3065.999,3099.579,6412.008,6433.67,1.0109523845245874,1.0033783488729273,byte_faster,1907728,1926400,-0.9787558813415753
8192,128,hash,miss,dependent,3,3186.874,6659.993,2.0898199928833083,3178.625,3201.625,6590.017,6669.464,1.0072358331039364,1.0120556593404844,byte_faster,1907728,1926400,-0.9787558813415753
8192,128,hash,miss,independent,3,3224.177,6664.53,2.0670484281725225,3170.192,3227.071,6555.461,6686.05,1.0179418155114894,1.0199206432621595,byte_faster,1907728,1926400,-0.9787558813415753
8192,128,hash,mixed,dependent,3,3213.862,6590.006,2.050494389615982,3113.139,3220.317,6532.705,6620.544,1.0344276307611064,1.013446038050088,byte_faster,1907728,1926400,-0.9787558813415753
8192,128,hash,mixed,independent,3,3086.665,6513.972,2.1103592388548806,3067.322,3128.983,6492.818,6526.505,1.0201025519981273,1.0051883481101733,byte_faster,1907728,1926400,-0.9787558813415753
8192,128,structured,hit,dependent,3,2969.264,6048.208,2.0369384466992493,2783.62,3023.865,5975.067,6195.231,1.0863066797910634,1.0368471181996788,byte_faster,428216,408032,4.7135090701888815
8192,128,structured,hit,independent,3,2721.893,5932.75,2.179641154152643,2690.226,2769.496,5889.704,5988.434,1.0294659259110572,1.0167631514249273,byte_faster,428216,408032,4.7135090701888815
8192,128,structured,miss,dependent,3,2793.625,6134.171,2.1957746655331336,2766.302,2833.145,6109.619,6222.341,1.0241633053802512,1.0184499229821042,byte_faster,428216,408032,4.7135090701888815
8192,128,structured,miss,independent,3,2789.012,6218.353,2.22958990495559,2786.631,2825.083,6214.798,6398.402,1.0137987412039844,1.029543035831575,byte_faster,428216,408032,4.7135090701888815
8192,128,structured,mixed,dependent,3,2816.661,6130.534,2.1765253255539094,2761.963,2893.789,6084.356,6204.763,1.0477290970226611,1.0197896046845385,byte_faster,428216,408032,4.7135090701888815
8192,128,structured,mixed,independent,3,2748.311,6107.198,2.222164085505607,2727.839,2772.247,6076.965,6141.027,1.0162795531554465,1.0105417753763597,byte_faster,428216,408032,4.7135090701888815
8192,16,hash,hit,dependent,3,2745.229,5839.534,2.1271573336869163,2709.757,2753.682,5795.909,5840.088,1.0162099405961493,1.0076224454179663,byte_faster,591496,595696,-0.7100639733827352
8192,16,hash,hit,independent,3,2725.601,5773.549,2.118266393356915,2705.17,2744.258,5728.495,5817.281,1.0144493691708838,1.0154990097748187,byte_faster,591496,595696,-0.7100639733827352
8192,16,hash,miss,dependent,3,2843.063,6010.895,2.1142320799785304,2829.478,2858.21,5988.881,6025.523,1.010154523201806,1.006118338300594,byte_faster,591496,595696,-0.7100639733827352
8192,16,hash,miss,independent,3,2844.828,6043.269,2.1243003091926824,2834.88,2865.016,5989.67,6103.165,1.0106304323287052,1.0189484562588589,byte_faster,591496,595696,-0.7100639733827352
8192,16,hash,mixed,dependent,3,2794.383,5851.771,2.0941191669144854,2777.008,2840.363,5848.862,5971.568,1.0228141222495577,1.0209794657490636,byte_faster,591496,595696,-0.7100639733827352
8192,16,hash,mixed,independent,3,2781.265,5857.661,2.106113944554007,2771.988,2790.415,5828.344,5946.65,1.006647575674931,1.0202983900744362,byte_faster,591496,595696,-0.7100639733827352
8192,16,structured,hit,dependent,3,2708.542,5748.026,2.1221845553807177,2696.838,2772.263,5685.974,5848.862,1.0279679387490088,1.0286473346518996,byte_faster,427096,406320,4.864480116882386
8192,16,structured,hit,independent,3,2667.684,5736.638,2.150418865202925,2647.273,2716.253,5725.774,5815.776,1.0260570028100615,1.0157187482425956,byte_faster,427096,406320,4.864480116882386
8192,16,structured,miss,dependent,3,2767.329,6015.986,2.1739323369212693,2753.428,2782.384,5992.91,6017.476,1.0105163454428443,1.0040991771943846,byte_faster,427096,406320,4.864480116882386
8192,16,structured,miss,independent,3,2751.607,6020.742,2.1880820916649797,2730.398,2774.073,5957.143,6024.078,1.0159958365044215,1.0112360908576479,byte_faster,427096,406320,4.864480116882386
8192,16,structured,mixed,dependent,3,2695.414,5859.98,2.174055636722225,2672.475,2707.993,5853.444,5866.262,1.0132903020608237,1.00218982192364,byte_faster,427096,406320,4.864480116882386
8192,16,structured,mixed,independent,3,2738.342,5927.292,2.1645550482737366,2707.718,2757.787,5867.986,5962.86,1.0184912165890243,1.0161680685673073,byte_faster,427096,406320,4.864480116882386
